class_mirror,class_intra,ss_target,ss_mirror,ss_intra,polarity_target,polarity_intra,polarity_mirror,psi,atom_contacts_target, darea,phi,atom_contacts_mirror,dparea,hydrophilicity_mirror,asa_stride,hydrophilicity_intra,ave_dpx_target,hydrophilicity_target,carea,_pssm,B_value,atom_contacts_intra,classtarget
 cla4,cla4,cla4,helix,loop,777.8,663.6,1279.2,-25.35,89.7,71.7,-78.27,97.4,48.8,103.6,49,48.1,33.87,60.2,28,24.5,28.54,0.4,nonhotspot
 cla4,cla4,cla4,helix,loop,1170.2,663.6,1279.2,-42.31,45.3,32,-60.55,97.4,21.7,103.6,18,48.1,50.64,93.2,1.9,0.8,28.48,0.4,nonhotspot
 cla4,cla4,cla4,helix,loop,663.6,1170.2,1279.2,-40.51,0.4,15.8,-59.11,97.4,11.2,103.6,83.8,93.2,27.965,48.1,34.6,49.7,41.13,45.3,nonhotspot
 cla2,cla4,cla4,helix,loop,990,1170.2,1279.2,-41.94,59,47.9,-61.17,97.4,29.2,103.6,60.2,93.2,45.275,72.6,32,25.7,29.39,45.3,nonhotspot
 cla3,cla3,cla5,helix,strand,893.1,1110.4,1143.4,-48.17,87,74.3,-61.43,88,41.9,72.7,62.4,57.8,40.705,62,35.5,36.1,30.42,54.3,nonhotspot
 cla2,cla4,cla4,helix,loop,1601.9,1209.3,1166.3,-40.52,91.2,52.1,-67.84,77,36.9,75.6,44.9,63.7,69.89,95.2,1.7,0.4,31.2,81.6,nonhotspot
 cla4,cla6,cla2,loop,strand,1209.3,1601.9,941,2.6,81.6,96.9,-78.46,54.2,68.8,56.7,96.4,95.2,53.96,63.7,57.5,76.2,45.11,91.2,nonhotspot
 cla3,cla5,cla2,helix,loop,987.3,940,2084.5,-27.13,11,8,-94.7,64,10.2,133.2,35.7,74.5,46.57,67.3,0.5,0.7,46.26,16.6,nonhotspot
 cla6,cla5,cla2,helix,loop,841.1,940,2084.5,-0.7,26.5,21,-63.13,64,15.6,133.2,68.7,74.5,34.38,55.7,19,42.6,39.07,16.6,nonhotspot
 cla3,cla2,cla2,loop,loop,954.2,732.8,1259.5,-2.87,75.8,42.3,-117.83,13.3,54.1,83.3,65.1,48,46.545,64.3,22.8,22.7,32.27,17.8,nonhotspot
 cla4,cla4,cla3,loop,loop,1259.4,954.2,2044.3,169.81,27.6,38.7,-146.7,116.9,36.4,143.3,80.9,64.3,63.18,97.8,26.5,20.5,31.79,75.8,nonhotspot
 cla5,cla6,cla4,helix,loop,1343.4,1259.4,1215.4,-45.79,105.5,107.7,-54.26,46.2,53.5,84.4,97.1,97.8,56.545,106,56.4,55.8,43.68,27.6,nonhotspot
 cla6,cla3,cla5,helix,loop,802.8,1343.4,647.6,-62.79,20.6,23.7,-56.92,16.2,17.6,63.2,121.8,106,39.265,71.9,99.2,110.1,53.69,105.5,nonhotspot
 cla4,cla6,cla3,helix,loop,1213.4,1043.2,1215.4,4.85,45.6,55.8,-72.36,46.2,39.6,84.4,63.4,65,51.37,87.3,23.3,43.9,33.28,18.6,nonhotspot
 cla3,cla6,cla5,helix,helix,1408.8,1461.7,1096.3,-38.04,30.2,22.4,-59.5,52.1,12.6,81.6,21.3,110.7,62.955,99.6,4.5,2.4,24.2,50.8,nonhotspot
 cla5,cla6,cla5,helix,helix,1341.5,1461.7,1096.3,-44.79,35.5,34.7,-67.44,52.1,17.3,81.6,54.2,110.7,57.12,97.3,26.4,20.8,29.32,50.8,nonhotspot
 cla5,cla4,cla5,helix,loop,1461.7,1341.5,1987.4,-50.07,50.8,49.8,-61.09,184.6,30.5,140.8,71.4,97.3,63.34,110.7,6.8,3,35.02,35.5,nonhotspot
 cla6,cla5,cla5,helix,loop,1567.7,935.1,1604.8,-35.06,50.8,61.2,-72.23,59.4,59.6,109.3,80.2,67.1,68.15,126,5.8,5.8,22.82,53,nonhotspot
 cla5,cla4,cla6,helix,loop,935.1,1567.7,1987.4,-48.07,53,30.2,-65.83,184.6,18.5,140.8,91.8,126,40.235,67.1,11.6,8.6,27.09,50.8,hotspot
 cla6,cla4,cla3,helix,loop,1145.1,1475.7,1279.2,-35.85,8.3,11.6,-60.1,97.4,8.6,103.6,59.4,96.4,50.71,93.2,24,21.4,22.83,60.1,nonhotspot
 cla3,cla5,cla6,helix,loop,1475.7,1145.1,1604.8,-54.41,60.1,48.5,-69.01,59.4,47.6,109.3,22.5,93.2,63.475,96.4,6,6.7,15.95,8.3,hotspot
 cla2,cla4,cla3,helix,loop,874.1,1475.7,1987.4,-42.6,27.2,6.8,-58.05,184.6,4.2,140.8,29.6,96.4,40.825,52.3,0,0,19.88,60.1,nonhotspot
 cla5,cla1,cla2,helix,loop,1106.3,1377.6,1188.5,-42.32,24.5,61.3,-57.55,38.6,30.5,72.3,43.6,90.3,59.27,73.4,34,40.7,28.4,29.6,hotspot
 cla2,cla5,cla5,helix,loop,1377.6,1106.3,1271.4,-48.25,29.6,15.5,-64.87,26.9,11.2,91.4,10.6,73.4,63.365,90.3,0.2,0.4,23.28,24.5,nonhotspot
 cla5,cla5,cla3,helix,loop,628.8,945.1,1271.4,-37.26,1.8,2.5,-78.91,26.9,1.2,91.4,90.1,68,29.015,43,71.5,103.2,26.75,31.9,nonhotspot
 cla5,cla3,cla6,loop,helix,1604.8,931,1475.7,17.14,59.4,27.6,67.24,60.1,13.8,96.4,82.1,69.5,69.045,109.3,0.4,2.1,25.59,41.2,hotspot
 cla6,cla5,cla5,loop,helix,931,1604.8,1343.4,-25.49,41.2,32.2,-122.24,105.5,23.9,106,39.9,109.3,39.77,69.5,36.4,40.7,25.52,59.4,nonhotspot
 cla5,cla6,cla5,loop,helix,2084.5,970.2,841.1,103.98,64,75.6,-69.73,26.5,37.5,55.7,59.8,67.2,93.21,133.2,9.6,10.3,54.81,0.8,nonhotspot
 cla3,cla2,cla4,loop,loop,498.6,724.8,940,-129.49,0,0,103.02,16.6,0,74.5,37.9,54.8,22.685,34.5,59.6,59.9,77.03,15.6,nonhotspot
 cla4,cla2,cla3,loop,helix,724.8,498.6,1153.2,-51.82,15.6,14.3,-82.66,55.7,10.1,81.8,62.4,34.5,34.765,54.8,165.4,162.4,83.43,0,nonhotspot
 cla6,cla2,cla4,loop,helix,824.8,724.8,1153.2,167.21,25.6,26.3,-122.1,55.7,19.5,81.8,91.5,54.8,34.72,57.2,81.1,102,85.39,15.6,nonhotspot
 cla4,cla2,cla6,loop,helix,1166.3,824.8,1601.9,87.33,77,57,-74.25,91.2,27,95.2,75.8,57.2,53.115,75.6,18.9,33,62.96,25.6,nonhotspot
 cla4,cla4,cla3,loop,loop,546.5,964,1209.3,135.19,4.3,5.6,-65.52,81.6,2.7,63.7,89.7,55.9,23.68,33.7,79.9,94.6,37.55,18,nonhotspot
 cla3,cla6,cla3,loop,helix,647.6,560.6,802.8,-27.82,16.2,12.6,-56.18,20.6,16.2,71.9,52.2,49.8,33.995,63.2,44.6,45.7,26.86,1.6,nonhotspot
 cla3,cla3,cla3,loop,loop,772,718.8,954.2,160.97,27.4,24.9,-140.04,75.8,31.9,64.3,31.3,65.3,39.91,59.5,3.9,3.8,26.83,1.4,nonhotspot
 cla2,cla3,cla3,loop,loop,1259.5,772,954.2,157.52,13.3,7.8,-117.25,75.8,5.6,64.3,30.8,59.5,57.725,83.3,1,2,25.3,27.4,nonhotspot
 cla4,cla5,cla2,loop,helix,1987.4,1259.5,1461.7,12.3,184.6,135.2,66.77,50.8,64,110.7,56.9,83.3,93.59,140.8,4.3,5.1,29.11,13.3,hotspot
 cla2,cla3,cla4,loop,loop,1083.4,1987.4,954.2,128.44,14.6,13.1,-121.51,75.8,9.6,64.3,30.6,140.8,52.22,72.4,23.9,21.8,30.31,184.6,nonhotspot
 cla6,cla4,cla5,strand,loop,941,773.9,1209.3,156.11,54.2,37.1,-130.74,81.6,27.6,63.7,75.8,46,41.305,56.7,36.8,52.9,50.59,7.2,nonhotspot
 cla5,cla3,cla6,strand,helix,773.9,941,893.1,125.16,7.2,16.2,-164.11,87,9.9,62,82.4,56.7,35.475,46,51.9,50.7,42.42,54.2,nonhotspot
 cla3,cla3,cla2,strand,helix,1322.6,805,1408.8,137.02,12.9,11.4,-123.32,30.2,14.6,99.6,53.9,56.4,58.175,86.3,2.1,0.2,27.53,5.8,nonhotspot
 cla6,cla6,cla6,helix,helix,1330.5,1096.3,1567.7,-24.56,11.7,14.5,-59.42,50.8,14.1,126,70.1,81.6,63.535,108.6,10.2,7.7,29.56,52.1,nonhotspot
 cla6,cla5,cla6,helix,helix,1096.3,1330.5,1110.4,-13.98,52.1,63.4,-84.26,54.3,47.1,57.8,82.5,108.6,52.005,81.6,25.6,37.1,28.02,11.7,nonhotspot
 cla6,cla5,cla2,loop,helix,1215.4,1134.3,1343.4,84.89,46.2,18.9,-74.67,105.5,18.4,106,67.2,82.1,51.725,84.4,2.5,3.5,21.62,2.3,nonhotspot
 cla2,cla3,cla6,loop,loop,1134.3,1215.4,660.7,-39.83,2.3,17.3,-87.8,4.8,12.6,46.2,57.1,84.4,59.055,82.1,32.4,29.1,29.1,46.2,hotspot
 cla4,cla3,cla2,loop,loop,804.8,1134.3,660.7,-27.69,18.4,17.9,-55.28,4.8,12.7,46.2,89.2,82.1,47.995,69,90.4,104.2,44.71,2.3,nonhotspot
 cla5,cla5,cla4,loop,helix,1271.4,804.8,1343.4,4.54,26.9,35.1,-108.61,105.5,21.5,106,128.3,69,58.015,91.4,86.4,94.3,44.66,18.4,nonhotspot
 cla4,cla5,cla1,loop,helix,2044.3,1188.5,1343.4,-22.24,116.9,91.3,-61.94,105.5,43.2,106,24.3,72.3,91.79,143.3,0.1,0.5,21.42,38.6,hotspot
 cla1,cla5,cla3,loop,helix,970.1,1142.3,1106.3,111.81,15.9,36.8,-139.36,24.5,32.3,73.4,26.2,75.7,46.07,69.6,32.8,30.3,20.39,0.7,nonhotspot
 cla4,cla6,cla5,strand,helix,1173.3,1101.1,1567.7,130.71,0.4,4.7,-66.66,50.8,3.4,126,43.6,85.7,51.19,82.3,11.9,9.6,33.05,52.3,nonhotspot
 cla5,cla4,cla4,loop,helix,1101.1,1173.3,777.8,136.31,52.3,44.2,-57.31,89.7,22,60.2,114.6,82.3,51.15,85.7,55.6,59,52.35,0.4,nonhotspot
 cla4,cla4,cla5,loop,helix,1279.2,1101.1,777.8,19.48,97.4,105,53.7,89.7,98.9,60.2,119.2,85.7,56.45,103.6,19.4,19.8,40.41,52.3,nonhotspot
 cla3,cla6,cla4,loop,helix,1213.2,1279.2,1567.7,137.65,36.5,24.3,-155.31,50.8,31.1,126,80.4,103.6,56.865,102.9,5.6,8.4,42.16,97.4,nonhotspot
 cla4,cla3,cla4,strand,loop,789.8,1213.1,1201.2,110.66,41.8,32,-108.02,43.9,15.1,72.3,45.7,97.7,35.27,43.6,57,47.1,52.42,98,nonhotspot
 cla4,cla1,cla6,loop,loop,1213.1,795.8,1046,150.65,98,67.8,-72.5,79.7,32.1,71.2,76.3,65.7,64.21,97.7,1.2,0.6,29.35,28.7,nonhotspot
 cla3,cla1,cla4,strand,loop,773.8,1529.6,1046,119.72,31.1,7.5,-108.28,79.7,9.7,71.2,8.5,99.2,35.68,42.5,0,0,26.97,55.1,nonhotspot
 cla4,cla4,cla6,strand,loop,1529.6,914.9,1397.4,108.23,55.1,42.5,-107.96,110.2,20.1,85.4,44.8,44.9,70.655,99.2,6.3,2.8,45.96,31.6,nonhotspot
 cla5,cla6,cla1,loop,loop,1170.3,1030,1447.9,143.3,38.4,38.8,-66.45,33,23.7,110.5,67.2,80.2,58.175,97.4,31.6,27.1,58.53,0,nonhotspot
 cla6,cla4,cla4,strand,loop,914.9,1529.6,1397.4,124.72,31.6,16,-138.25,110.2,11.8,85.4,30.8,99.2,35.255,44.9,23.8,25.9,48.06,55.1,nonhotspot
 cla4,cla2,cla4,strand,loop,1626.6,1054.2,1184.3,112.58,80.3,54.7,-107,68.3,25.9,62.3,47,71.8,78.01,105.7,3.2,3.4,46.52,6.5,nonhotspot
 cla6,cla4,cla4,strand,loop,1040,809.9,1397.4,132.86,23.1,18.5,-145.39,110.2,13.7,85.4,39.3,61.6,47.575,66.4,10.6,15.4,68.11,0,nonhotspot
 cla3,cla2,cla6,loop,loop,1633.9,1477.7,1847.1,152.9,110.9,98.9,-67.9,74.9,55.7,119.4,58.5,108.4,88.485,127.7,8.9,9.2,36.24,82.9,hotspot
 cla6,cla5,cla3,loop,loop,1477.7,1633.9,1454.7,42.25,82.9,80.3,47.64,80.9,78.2,103.4,38.9,127.7,68.935,108.4,6.1,20.3,37.34,110.9,hotspot
 cla3,cla6,cla2,loop,loop,1488.6,1148.3,992,133.31,135.5,143.4,-83.72,35.8,80.8,79.6,90.8,68.5,69.785,102.6,30.3,37.5,52.35,5.2,nonhotspot
 cla5,cla3,cla4,strand,loop,484.6,809.9,1016.2,123.61,4.4,2.8,-92.87,7.2,1.4,72.1,96.3,61.6,22.795,35.4,129.3,137.5,98.67,0,nonhotspot
 cla2,cla2,cla3,strand,loop,931.1,1059.1,1847.1,118.25,28.5,23.9,-87.68,74.9,17.3,119.4,20.3,72.2,46.51,64.7,25.2,23.6,49.08,52.9,nonhotspot
 cla5,cla4,cla6,helix,loop,1466.5,992,922.1,-34.19,85,100.1,-56.11,36.6,49.8,58,85.9,79.6,63.285,100.1,41.4,40.5,56.15,35.8,hotspot
 cla4,cla3,cla4,helix,loop,607.6,1009.1,1059.1,-41.13,39.6,20,-63.49,52.9,13.6,72.2,63.2,75.9,28.335,46.5,79.8,81.1,43.44,37.5,nonhotspot
 cla4,cla3,cla4,helix,loop,1009.1,758.7,1059.1,-24.96,37.5,36,-88.18,52.9,25.5,72.2,85.1,59.7,45.775,75.9,23.9,15.6,49.28,11.1,nonhotspot
 cla4,cla6,cla4,helix,loop,758.7,1009.1,1477.7,18.12,11.1,4.6,-133.09,82.9,3.2,108.4,63.8,75.9,34.41,59.7,8.6,6.4,35.02,37.5,nonhotspot
 cla5,cla6,cla5,helix,strand,1547.6,830.9,1017.1,-48.46,103.6,120,-66.34,37.7,59.6,82.7,116.8,68.2,74.315,132.3,37.2,34.3,60.67,74.9,nonhotspot
 cla5,cla6,cla5,helix,loop,830.9,1547.6,976.1,-30.51,74.9,62.2,-58.32,57.9,30.9,81.4,115.9,132.3,40.235,68.2,102.7,117.6,80.61,103.6,nonhotspot
 cla4,cla3,cla6,loop,loop,606.6,614.6,1488.6,22.37,16.6,10.7,72.19,135.5,10,102.6,39.6,48.6,28.815,50.5,84.8,95.7,100,34,nonhotspot
 cla4,cla6,cla2,loop,loop,1209.3,1350.5,795.8,92.91,73.7,60.6,-131.77,28.7,41.3,65.7,64.7,114.9,57.45,92.7,34.6,28.3,54.8,10.3,nonhotspot
 cla4,cla6,cla2,loop,strand,1397.4,1184.3,914.9,151.86,110.2,87.4,-93.45,31.6,41.4,44.9,50.3,62.3,66.285,85.4,84.6,83.8,43.36,68.3,nonhotspot
 cla6,cla3,cla4,loop,loop,992,372.3,1488.6,113.62,35.8,43.9,-146.12,135.5,32.6,102.6,64,36.2,45.255,79.6,27.9,31.4,62.89,4.2,nonhotspot
 cla4,cla6,cla1,strand,loop,1362.5,892.9,1477.7,135.02,69.4,62.6,-149.25,82.9,42.6,108.4,42,63.8,63.82,97.4,24.6,23.2,39.55,13.2,nonhotspot
 cla3,cla6,cla3,strand,strand,1647,999.2,1283.4,131.69,89.8,65.7,-104.56,40.6,37,100.6,12.6,77,74.57,116.6,4.8,2,19.23,2.3,hotspot
 cla3,cla3,cla5,strand,loop,1461.9,1153.4,1112.3,156.29,53.4,41.5,-134.9,64.9,40.8,86.1,65.6,88,69.195,98.1,6.2,4.8,7.94,46.8,nonhotspot
 cla3,cla3,cla5,strand,loop,923.2,1805.1,1133.3,144.17,11.9,11.3,-158.54,86.2,11.1,79,33.5,126.3,39.54,58.6,6.9,6.6,31.45,137.8,nonhotspot
 cla2,cla6,cla2,strand,strand,517.7,717,1518.6,77.8,0,0,-132.55,20,0,116.9,45.7,48.6,23.185,33.7,67.4,79.1,17.53,0.2,nonhotspot
 cla6,cla4,cla5,strand,loop,534.6,484.6,615.6,159.1,15.4,22.1,-69.81,17.4,21.5,60.1,78.7,39.7,22.91,41,43,63.6,72.78,0,nonhotspot
 cla3,cla3,cla5,loop,loop,1052.2,887,1588.8,-3.37,16.5,8.9,-123.18,72.8,8.8,120.7,47.7,61.3,45.255,71.5,91.1,99.1,33.82,3.5,nonhotspot
 cla1,cla6,cla3,loop,helix,741.8,1052.2,1119.3,-81.89,5.7,7.2,-138.85,70.6,6.3,90,34.6,71.5,33.795,60.1,81.4,73.7,69.65,16.5,nonhotspot
 cla4,cla6,cla1,loop,helix,768.9,741.8,1119.3,54.05,0.4,0.7,-73.36,70.6,0.6,90,83,60.1,33.81,62.8,51.4,55.4,41.74,5.7,nonhotspot
 cla5,cla3,cla4,helix,helix,1243.4,543.6,1322.4,-41.93,46.6,56.7,-60.6,42.9,34.7,82.9,61,35.8,51.9,82.2,17.8,15.6,22.01,1.3,hotspot
 cla4,cla6,cla3,loop,helix,1024.2,804,1787.1,57.03,4.2,1.7,45.11,104.8,1.6,127.5,14.5,47.1,45.385,78.3,19,28.4,15.73,2.4,hotspot
 cla5,cla6,cla4,loop,helix,1129.2,1024.2,1787.1,-32.52,135.9,151.5,-63.34,104.8,75.2,127.5,102.5,78.3,52.035,85.1,26.5,45.1,20.67,4.2,hotspot
 cla6,cla2,cla5,loop,helix,870,1129.2,913,-3.84,47.8,67.5,-88.79,33.6,50,63.6,83.1,85.1,39.64,75.2,42.8,76.8,21.02,135.9,nonhotspot
 cla6,cla6,cla3,strand,helix,1294.6,1551.7,1936.1,161.97,9.8,10.1,-138.98,111.4,7.5,138,13.2,117.3,51.585,79.6,7.4,5.8,16.47,68.4,hotspot
 cla5,cla6,cla4,strand,helix,1221.3,824,1936.1,149.14,23,3.8,-141.16,111.4,1.9,138,8.2,53.2,50.645,89.9,0.1,0,15.33,16.1,hotspot
 cla4,cla6,cla6,loop,helix,1510.6,630.6,1936.1,52.35,143.6,96.9,56.2,111.4,65.8,138,23.9,49.3,75.685,119.5,1.1,0.2,15.78,2,hotspot
 cla3,cla5,cla3,loop,loop,1675.7,1131.1,1538.7,0.29,113,86.6,-82.78,110.3,48.8,100.4,64.8,90.4,74.75,123.5,58.5,62.2,19.67,11.5,hotspot
 cla6,cla5,cla2,helix,loop,1787.1,913,1129.2,-40.67,104.8,111.6,-69.05,135.9,108.7,85.1,16.5,63.6,80.545,127.5,2.9,2,14.93,33.6,hotspot
 cla6,cla5,cla4,helix,loop,1936.1,1691,1538.7,-45.13,111.4,84.1,-59.44,110.3,81.8,100.4,14.8,124.9,86.82,138,3.1,1.2,15.03,58.8,hotspot
 cla3,cla5,cla1,helix,helix,1322.4,1001.1,1243.4,-11.52,42.9,18.8,-94.09,46.6,18.5,82.2,19.4,71.3,58.485,82.9,20.1,27.5,19.48,59.8,nonhotspot
 cla6,cla5,cla4,helix,loop,570.6,1691,1129.2,-34.76,40.9,21.7,-68.81,135.9,16.2,85.1,82.7,124.9,23.14,34.1,52.9,62.2,37.59,58.8,nonhotspot
 cla3,cla3,cla4,helix,helix,732.9,503.6,889,-38.33,58.1,10.6,-60.5,53.8,10.9,83.7,7.5,45.7,41.165,58.9,9.2,7.1,35.06,22.2,nonhotspot
 cla4,cla3,cla3,loop,helix,503.6,732.9,889,-3.86,22.2,6.4,-86.03,53.8,6,83.7,90.7,58.9,29.16,45.7,72.8,87.9,38.37,58.1,nonhotspot
 cla3,cla3,cla3,loop,loop,751,438.5,1054.3,173.03,39.4,5.3,-136.91,123.9,5.2,88.2,75.8,33.2,40.455,57.5,7.5,21.3,25.95,5.6,nonhotspot
 cla3,cla3,cla3,loop,loop,438.5,751,1054.3,-23.1,5.6,0,-99.49,123.9,0,88.2,74.7,57.5,22.7,33.2,71.2,105.4,34.22,39.4,nonhotspot
 cla3,cla3,cla3,loop,loop,680.8,438.5,1054.3,164.98,13,6.6,-148.94,123.9,8.4,88.2,33.2,33.2,34.52,50.4,35.9,33.8,26,5.6,nonhotspot
 cla6,cla5,cla3,helix,helix,1081.3,680.8,797.9,-44.14,104,100.5,-55.58,44,74.6,50.3,81.1,50.4,52.115,69.3,24,27.1,29.6,13,nonhotspot
 cla2,cla3,cla1,helix,helix,1373.7,973.1,1248.6,-48.83,36.9,33.4,-59.31,23.7,23.6,90.3,14.5,69,70.16,86.9,0.5,0.6,20.33,53.6,hotspot
 cla1,cla2,cla2,helix,strand,973.1,1373.7,1822.1,-43.86,53.6,61.5,-56.97,162.6,53.8,119.1,41.2,86.9,52.89,69,24.8,22.6,26.51,36.9,hotspot
 cla1,cla2,cla3,helix,strand,1293.7,613.6,1822.1,-39.34,33.4,16.2,-61.95,162.6,14.2,119.1,7.4,53,64.295,79.9,0,0,21.39,16.9,nonhotspot
 cla3,cla5,cla1,helix,loop,613.6,1293.7,1176.2,-50.58,16.9,19.2,-61.41,64.4,19,92.4,60.7,79.9,35.085,53,35.7,28.1,22.75,33.4,nonhotspot
 cla6,cla5,cla1,helix,loop,995,1293.7,1176.2,-42.64,51.6,32.8,-59.57,64.4,24.4,92.4,73.6,79.9,51.595,88.5,19.6,23.8,24.5,33.4,hotspot
 cla3,cla5,cla2,loop,helix,708.7,506.5,1278.2,-12.42,5.4,2.1,-73.75,46.2,2.8,121.1,70,47.9,40.88,70.1,32.7,34.1,32.67,5.2,nonhotspot
 cla1,cla5,cla3,loop,helix,837.8,708.7,1278.2,-135.15,9,8.6,60.17,46.2,26.7,121.1,23.5,70.1,46.665,82.4,1.8,0.6,26.29,5.4,nonhotspot
 cla3,cla4,cla1,loop,loop,1646.9,837.8,1060.2,-3.52,37.5,33.4,-75.69,28.2,42.8,88,33.2,82.4,80.88,123.1,0,0,22.46,9,hotspot
 cla6,cla5,cla3,helix,helix,990.1,1646.9,1278.2,-24.76,36.8,36.6,-63.55,46.2,35.7,121.1,18.7,123.1,52.275,85.1,27,30.8,23.62,37.5,hotspot
 cla3,cla2,cla3,loop,strand,1588.9,1600,1822.1,66.32,101.4,90.6,-138.82,162.6,51.1,119.1,29.8,106.2,75.63,103.6,61.2,72.6,28.78,130.1,hotspot
 cla2,cla4,cla3,loop,loop,881,1588.9,1177.4,160.15,3.6,5.4,-68.53,71.7,4.5,83.9,11.2,103.6,41.065,63.2,21.3,41.1,41.99,101.4,nonhotspot
 cla3,cla3,cla3,loop,loop,1065.1,661.7,1355.4,-61.94,42.8,37.9,-72.56,62.7,37.3,111.4,76,51.5,59.175,70.8,23.4,28.5,35.99,4.1,nonhotspot
 cla5,cla3,cla3,loop,loop,1830.9,1200.3,529.6,23.03,130,142.8,-108.68,51.7,87.5,52.7,110.6,84.2,112.94,156.1,4.8,4,20.47,45,hotspot
 cla5,cla2,cla1,loop,strand,1458.8,1291.5,1093.3,80.96,145.9,163.5,-146.23,42,81.2,68.6,90.3,94.6,75.585,98.4,12.3,10.4,43.89,43.9,nonhotspot
 cla2,cla2,cla2,strand,loop,587.8,1144.4,915.1,126.35,39.5,69.2,-90.06,101,50.1,55.4,25.8,70.2,29.795,34.5,32.5,43.9,31.8,11.5,nonhotspot
 cla1,cla3,cla3,strand,loop,861.2,1065.1,1355.4,111.26,21.5,27.7,-96.5,62.7,24.2,111.4,33.3,70.8,40.555,46.3,32.4,33.6,20.27,42.8,nonhotspot
 cla5,cla2,cla3,loop,loop,833.1,1038.1,469.7,59.42,52.3,64.8,54.82,33.3,32.2,29.8,87.4,76.7,41.49,49.5,94.3,101.3,54.4,23.1,nonhotspot
 cla1,cla2,cla2,strand,loop,1696.1,1322.6,1126.4,-61.04,72.8,64.9,-91.91,71.5,56.8,62.7,29,73.1,75.78,89.8,0,0,22.25,65.3,hotspot
 cla4,cla4,cla1,strand,helix,1734,1696.1,1057.3,159.03,143.4,139,-168.21,50.4,65.8,55,98.1,89.8,88.225,110.4,45.5,54.5,24.04,72.8,hotspot
 cla5,cla5,cla6,helix,strand,585.7,562.7,1532.7,-12.35,8.1,0,-61.79,46.1,0,119.3,86.7,41,29.015,55.9,91.6,95.5,64.08,34.9,nonhotspot
 cla4,cla6,cla5,loop,loop,651.7,861.9,1006.1,132.09,37.9,27,-124.03,55.1,18.3,69.8,41.1,55.4,28.47,58.2,34.8,31.4,35.96,9.3,nonhotspot
 cla2,cla3,cla1,loop,loop,940.1,560.7,654.7,144.84,31.2,49.5,-86.56,36.2,35.9,44.2,31.9,37.6,46.68,65.4,41.1,34.7,37.87,14.9,hotspot
 cla3,cla6,cla2,loop,strand,2098.3,940.1,1305.5,78.54,199.5,165.7,-82.12,29.1,93.4,72,50.1,65.4,98.995,142.7,9.4,9.4,21.3,31.2,hotspot
 cla3,cla3,cla1,loop,loop,654.7,739.8,2098.3,-14.39,36.2,18,-99.3,199.5,17.7,142.7,36.3,46.4,35.175,44.2,46,46.9,31.41,28.5,nonhotspot
 cla3,cla3,cla1,loop,loop,1185.1,739.8,2098.3,174.51,30.7,22.1,-149.9,199.5,12.5,142.7,52.3,46.4,58.27,89.2,31.1,29.7,34.2,28.5,nonhotspot
 cla4,cla3,cla1,loop,loop,1714.7,899,1373.6,166.47,100.9,79.7,-80.44,30.4,37.7,83.5,78.7,53.6,81.22,119.6,8.9,9,24.19,18.1,hotspot
 cla6,cla4,cla1,loop,loop,1040.1,899,1136.1,-2.14,44.8,65.2,-87.41,70.1,63.5,87.8,66.4,53.6,46.475,67.1,13.1,39.9,34.95,18.1,hotspot
 cla4,cla4,cla3,loop,loop,644.6,589.6,1136.1,149.18,21.8,53.9,-75.13,70.1,50.7,87.8,86.8,49.4,28.555,49.1,35.8,40.6,27.6,6.9,nonhotspot
 cla6,cla4,cla3,strand,loop,661.7,589.6,1136.1,133.95,16.4,42.8,-146.25,70.1,41.7,87.8,67.7,49.4,28.83,43.2,19.9,19.8,24.92,6.9,nonhotspot
 cla6,cla3,cla5,strand,loop,1305.5,1532.7,2098.3,118.26,29.1,21.2,-107.17,199.5,15.7,142.7,45.6,119.3,51.415,72,0,0,27.98,46.1,hotspot
 cla5,cla5,cla6,strand,helix,1532.7,1305.5,585.7,126.82,46.1,60,-123.96,8.1,29.8,55.9,67.5,72,69.33,119.3,49.3,44.5,58.1,29.1,nonhotspot
 cla6,cla4,cla5,loop,loop,1006.1,1532.7,651.7,41.87,55.1,46.9,40.31,37.9,45.7,58.2,32.1,119.3,39.675,69.8,32.5,43.1,33.89,46.1,hotspot
 cla3,cla1,cla6,loop,loop,1573.8,1006.1,853.9,33.65,97.1,121.2,74.36,36.4,68.3,47.8,37.9,69.8,62.67,101.1,22.7,25.5,34.04,55.1,hotspot
 cla6,cla5,cla2,loop,loop,602.7,571.6,945.1,83.45,51.6,32.4,-97.82,63.4,31.5,73.9,96.1,41.1,29.57,44.4,89.5,107.3,41.63,23.5,nonhotspot
 cla3,cla5,cla6,strand,loop,1215.5,602.7,945.1,135.08,115.6,84.2,-58.08,63.4,47.5,73.9,86.7,44.4,58.955,86.5,46.2,66.6,32.54,51.6,nonhotspot
 cla2,cla3,cla3,loop,loop,1466.8,1215.5,1046.3,138.47,55,89.6,-54.73,40.2,63.5,69.5,81.1,86.5,76.235,109.8,8.6,18.8,29.02,115.6,nonhotspot
 cla6,cla5,cla2,loop,loop,1005.4,1466.8,945.1,118.23,6.1,12.4,-113.82,63.4,12.1,73.9,105.4,109.8,46.995,65.1,54.9,45.5,45.8,55,nonhotspot
 cla2,cla2,cla6,helix,strand,1159.6,1005.4,1277.8,-37.46,92,85.7,-69.62,70.7,62.1,69.7,46.6,65.1,59.51,66.1,6.7,6.2,28.82,6.1,hotspot
 cla2,cla3,cla2,helix,helix,1576.1,1104.4,1124.5,-32.15,123.5,89.6,-60.06,97,54.6,69.6,55.3,61.1,82.635,104.8,15.7,12,45.37,56.2,hotspot
 cla2,cla4,cla2,helix,strand,1104.4,1576.1,615.7,-32.88,56.2,64.4,-75.72,16.9,45.6,37,41.1,104.8,52.9,61.1,12.4,21.6,47.53,123.5,hotspot
 cla4,cla3,cla5,helix,helix,891.1,649.8,1124.5,-45.31,51.8,67.4,-74,97,47.8,69.6,58,45.7,40.35,61.1,51.6,64.3,65.78,0.9,nonhotspot
 cla4,cla4,cla5,helix,helix,995.2,739.9,1621,-42.33,21.9,0,-55.65,92.5,0,114.5,78.9,55.7,45.25,76.1,0,41.9,36.82,13.4,nonhotspot
 cla2,cla4,cla4,helix,helix,1391.8,838.1,1621,-31.7,13.8,0,-72.83,92.5,0,114.5,54.7,58.9,63.215,90.2,0,0,39.26,0.8,hotspot
 cla5,cla2,cla2,helix,loop,1102.4,743.1,1063.1,-30.4,46.7,0,-85.7,0.4,0,85.3,124.8,42.3,52.275,73.4,0,63.8,32.29,13.9,nonhotspot
 cla3,cla1,cla1,helix,loop,682.7,875.1,483.4,25.74,3.8,27.6,-93.87,0.2,27.2,43.8,34.9,73.8,41.475,63.2,29.8,24,25.04,27.8,nonhotspot
 cla6,cla2,cla5,helix,loop,1192.6,1781,1593,-56.31,75.9,59.6,-47.98,72.2,44.3,94.9,103,137.9,58.36,81.8,1.4,1.4,24.06,132.9,hotspot
 cla5,cla6,cla6,helix,strand,1781,1192.6,890.1,-32.72,132.9,135.3,-58.13,26.8,82.8,57.6,103,81.8,86.705,137.9,8.6,5.4,36.93,75.9,nonhotspot
 cla5,cla4,cla4,helix,helix,1657,1061.2,1421.4,-34.93,71.9,72.1,-45.19,113.7,44.2,108.8,55,84,74.61,114.5,3.2,3.2,2,43.1,hotspot
 cla4,cla4,cla1,helix,helix,1056.1,811.9,1421.4,-15.56,93.9,80.4,-91.17,113.7,75.7,108.8,58.7,59.8,51.11,84.2,9.8,28.5,45.22,1.8,hotspot
 cla6,cla4,cla1,loop,helix,522.4,612.6,744.7,117.71,43.4,41.1,-155.37,56.2,40,61.4,69.8,56.1,29.02,49.9,65.5,81.1,34.46,10.9,nonhotspot
 cla6,cla4,cla1,strand,helix,700.6,837.7,544.5,150.65,36.2,49.4,-101.89,32.2,36.7,36.8,72.5,67.6,35.045,51.7,85.3,104.8,66.59,12.2,nonhotspot
 cla4,cla4,cla6,strand,helix,1540.6,700.6,1421.4,157.69,55.3,30.9,-119.78,113.7,14.7,108.8,17.7,51.7,75.34,115.8,2.4,7.1,2,36.2,hotspot
 cla4,cla1,cla4,loop,loop,772.7,1386.4,741.7,36.34,47,29.8,61.74,44.8,28.1,68.5,107.9,129.4,39.605,69.7,60.2,69.8,56.12,52,nonhotspot
 cla4,cla5,cla5,loop,loop,1116.1,1119.1,1268.3,-54.17,67.2,67.2,-80.5,22,63.3,101.5,54.5,99.9,57.39,91.5,16.2,20.2,93.46,0.4,hotspot
 cla3,cla1,cla1,loop,loop,834.8,1224.3,954,-3.11,29.9,22.5,-86.57,58.8,12.7,75.4,56.8,97.5,46.375,74.5,69.6,65.7,61.68,19.6,nonhotspot
 cla3,cla4,cla3,loop,helix,953.9,1092,937.8,104.21,36.5,8.6,-150.43,57.9,8.4,85,76.1,92.8,51.25,88.3,14.3,14.4,10,33.8,nonhotspot
 cla6,cla3,cla3,strand,loop,1089.2,953.9,1086,149.63,4,8.5,-87.18,25.6,6.4,97.6,102.7,88.3,50.595,89.5,54.2,53.3,46.37,36.5,nonhotspot
 cla5,cla3,cla6,strand,loop,864.8,1089.2,1086,137.27,46.6,78.3,-72.33,25.6,47.9,97.6,128.1,89.5,45.94,79.8,57.6,74.7,10,4,nonhotspot
 cla5,cla2,cla3,strand,loop,874.1,752.9,731.9,170.67,55.7,61.3,-119.04,50.9,37.5,59,88.8,52.7,40.215,58,47.8,47.7,10,8,nonhotspot
 cla3,cla4,cla2,loop,loop,896,802,1153.3,174.35,17.7,23.1,-131.87,45.8,29.6,86.2,61.9,58.5,46.41,75.1,22.3,24.1,10,37.5,nonhotspot
 cla4,cla3,cla3,loop,loop,1386.4,896,801.8,-33.48,52,50.6,-79.63,49.3,35.9,75.1,123.6,75.1,73.925,129.4,4.3,1.6,31.81,17.7,nonhotspot
 cla3,cla3,cla1,loop,loop,1086,629.7,953.9,93.58,25.6,59.7,-84,36.5,58.7,88.3,17.6,60.4,56.895,97.6,12.2,14.7,33.17,19.1,nonhotspot
 cla4,cla3,cla1,helix,loop,937.8,683.7,953.9,-20.31,57.9,46.6,-87.99,36.5,43.9,88.3,9.1,49.2,51.59,85,11.2,9.8,26.91,1.3,hotspot
 cla3,cla1,cla3,helix,loop,1121.1,924,833.8,-36.15,55.9,34.2,-53.61,67.6,19.3,74.1,100.6,68.8,57.86,90.7,54.1,54,10,28.6,nonhotspot
 cla4,cla2,cla2,loop,loop,1153.3,411.5,802,-31.98,45.8,42.3,-92.33,37.5,39.9,58.5,89.2,33.7,58.115,86.2,17.4,22.6,37.22,16,nonhotspot
 cla3,cla1,cla1,loop,loop,924,954,1449.5,-52.88,28.6,31.7,-127.49,50.3,17.9,116,82.3,75.4,46.29,68.8,9.4,6,10,58.8,hotspot
 cla1,cla1,cla3,loop,loop,954,924,1224.3,116.33,58.8,71.7,-61.79,19.6,62.7,97.5,23.5,68.8,52.625,75.4,22.4,19.8,10,28.6,hotspot
 cla5,cla4,cla1,loop,loop,1268.3,759.8,1116.1,97.06,22,19.3,-49.81,67.2,11.8,91.5,136.1,55.8,69.665,101.5,4.1,5.9,20,26.4,nonhotspot
 cla2,cla5,cla4,loop,strand,731.9,1073.2,874.1,-33.77,50.9,44.5,-70.98,55.7,27.2,58,65.1,81.6,40.605,59,103,99.8,74.84,21.3,nonhotspot
 cla4,cla1,cla4,helix,loop,882.9,937.8,833.8,-39.78,30.4,18.2,-48.44,67.6,12.9,74.1,72.5,85,46.38,66.7,5.5,7.6,10,57.9,hotspot
 cla6,cla4,cla6,loop,loop,1128.3,850,1578.8,161.05,47.5,39.5,-154.44,38.3,29.4,95.2,56.9,59.5,46.24,75.1,43,42.4,62.96,32.3,nonhotspot
 cla6,cla5,cla6,loop,strand,850,1128.3,1093.3,115.51,32.3,23.9,-52.41,37.3,23.2,79.2,48.4,75.1,34.59,59.5,25.8,32.7,85.83,47.5,nonhotspot
 cla3,cla5,cla6,loop,strand,1208.4,850,1093.3,53.24,47.9,67.8,34.68,37.3,38.2,79.2,73.1,59.5,46.17,66.4,49.7,51.6,100.15,32.3,nonhotspot
 cla3,cla4,cla4,loop,strand,1070.2,1978.2,1615.8,24.46,41.8,52.2,-127.81,114.4,29.4,85.9,35.5,117.2,39.71,53.9,1.9,2.2,51.97,125,nonhotspot
 cla4,cla5,cla3,loop,strand,1978.2,1070.2,1240.4,-41.59,125,90.2,-75.25,59.1,42.7,73.6,63,53.9,80.405,117.2,2.2,2,51.93,41.8,hotspot
 cla3,cla6,cla4,loop,loop,1190.3,1978.2,979.1,94.99,54.3,46.7,-132.26,34.7,59.9,70.2,36.7,117.2,52.21,72.7,8.2,11.2,68.22,125,nonhotspot
 cla3,cla4,cla3,loop,strand,780.8,1190.3,1615.8,-137.47,39.2,76.9,54.27,114.4,75.7,85.9,75.8,72.7,34.15,53.3,16.5,15.4,42.83,54.3,nonhotspot
 cla4,cla4,cla3,loop,strand,564.6,780.8,1615.8,137.09,24.6,144.3,-137.42,114.4,68.3,85.9,76.7,53.3,22.665,31.8,1.3,7.2,58.3,39.2,nonhotspot
 cla3,cla6,cla1,loop,loop,707.7,847.9,893,116.87,59.3,60.5,-53.02,33.5,34.1,62.6,76.1,42.4,35.365,48.7,100.2,118.6,55.73,13.9,nonhotspot
 cla4,cla4,cla4,strand,strand,1457.5,1050.1,1615.8,165.38,38.7,25.4,-99.04,114.4,12,85.9,55.5,69.2,63.555,101.7,0,0,61.5,51.8,hotspot
 cla4,cla1,cla4,loop,loop,1050.1,1457.5,1649.7,-27.31,51.8,28,-57.44,100.5,13.3,113.1,56.3,101.7,47.155,69.2,27.7,35.8,56.21,38.7,hotspot
 cla6,cla5,cla4,loop,loop,730.8,1050.1,1780.8,10.59,25.9,11.5,-94.68,104.7,11.2,131.2,62.4,69.2,29.37,48.1,50.7,77.5,53.65,51.8,nonhotspot
 cla6,cla5,cla4,loop,loop,707.8,1457.5,1780.8,136.11,21.2,18.1,-79.48,104.7,17.6,131.2,85.7,101.7,29.14,48.9,50.3,59.5,66.03,38.7,nonhotspot
 cla3,cla4,cla3,strand,strand,957.1,552.6,1615.8,134.72,68.8,83.4,-126.76,114.4,47,85.9,107.2,32.7,40.03,62.9,26.2,26.1,67.08,0,nonhotspot
 cla5,cla1,cla1,strand,loop,912.8,847.9,1649.7,130.93,34.5,15.3,-83.5,100.5,7.6,113.1,63.6,42.4,46.82,65.4,6.5,6.6,44.9,13.9,nonhotspot
 cla3,cla3,cla1,loop,loop,984,577.5,828.9,147.04,101.7,88,-53.9,54.3,49.6,61.3,64.6,40.8,51.79,76.8,105.7,132.8,60.2,59.3,nonhotspot
 cla5,cla4,cla4,strand,loop,1240.4,1343.6,1978.2,139.46,59.1,37,-140.64,125,22.6,117.2,99,68.8,52.005,73.6,1.5,1.7,50.06,65.4,hotspot
 cla3,cla1,cla1,strand,loop,1841,961,577.5,156.8,164.3,112.5,-155.4,59.3,63.4,40.8,64.8,68.5,79.865,123.3,7.2,6,56.12,67.1,hotspot
 cla1,cla5,cla1,loop,strand,1649.7,961,912.8,-45.96,100.5,68.4,-69.72,34.5,59.8,65.4,35,68.5,75.08,113.1,7.5,6.9,46.2,67.1,nonhotspot
 cla5,cla6,cla1,loop,loop,1780.8,1649.7,730.8,-176.42,104.7,104,-110.92,25.9,63.7,48.1,78.6,113.1,80.93,131.2,28.5,24.5,81.32,100.5,hotspot
 cla4,cla3,cla5,strand,loop,1615.8,1780.8,780.8,73.95,114.4,95.9,-154.05,39.2,90.3,53.3,46.1,131.2,62.82,85.9,0,0,50.52,104.7,hotspot
 cla3,cla3,cla4,loop,loop,809.9,1615.8,1190.3,171.67,23.5,14.9,-72.85,54.3,19.1,72.7,51.6,85.9,39.525,68.4,25.1,22.7,72.08,114.4,nonhotspot
 cla6,cla3,cla3,loop,loop,979.1,809.9,1190.3,177.81,34.7,60.3,-86.11,54.3,44.8,72.7,78.1,68.4,46.325,70.2,87,94.8,128.47,23.5,nonhotspot
 cla4,cla4,cla5,strand,loop,1343.6,1240.4,1978.2,147.17,65.4,45.7,-130.82,125,21.6,117.2,33,73.6,51.63,68.8,38.7,33.3,121.91,59.1,hotspot
 cla5,cla6,cla4,strand,loop,599.7,1578.8,1128.3,145.5,20.9,19.1,-147,47.5,9.5,75.1,44.1,95.2,22.735,39.5,19.9,16,54.13,38.3,nonhotspot
 cla5,cla3,cla3,strand,loop,1093.3,564.7,1208.4,142.58,37.3,64.4,-78.23,47.9,39.4,66.4,106.7,32.1,45.695,79.2,73.6,101.4,73.88,6.5,nonhotspot
 cla4,cla2,cla4,loop,loop,980.1,550.6,1008.3,39.88,29.7,29.2,55.62,30.8,19.8,59.2,87.9,32.3,40.685,50.2,47.4,45.6,20.73,0.8,nonhotspot
 cla3,cla4,cla2,loop,helix,1410.6,711.8,1502.7,76.23,61.3,84.6,-86.15,123.6,47.7,95.5,37.4,36.5,64.1,85.2,8.5,8.6,20,30.8,nonhotspot
 cla3,cla1,cla3,strand,loop,699.7,1273.4,1113.2,164.95,37.5,76.7,-131.37,55.8,43.2,84.8,15.5,91.3,34.095,50.2,24.3,29.1,24.31,73.8,nonhotspot
 cla3,cla6,cla3,loop,loop,1273.4,699.7,884.1,53.37,73.8,66.2,40.59,39.6,37.3,62.4,61.9,50.2,56.555,91.3,32.7,30,20.02,37.5,nonhotspot
 cla3,cla4,cla3,strand,loop,699.7,479.5,1377.5,121.59,34.5,17.7,-89.51,83.6,17.4,99.6,78.4,35,34.095,50.2,37.5,35.2,24.75,3.1,nonhotspot
 cla4,cla4,cla2,loop,helix,1402.6,711.8,1502.7,111.68,67.5,60.9,-100.04,123.6,28.8,95.5,87.4,36.5,63.285,88.1,33.8,39.7,20,30.8,nonhotspot
 cla3,cla4,cla4,loop,helix,819.9,1402.6,1502.7,-150.76,48.1,35.5,48.79,123.6,45.4,95.5,35.8,88.1,34.39,53.8,37,37.5,20,67.5,nonhotspot
 cla3,cla5,cla1,loop,loop,343.3,506.5,1091.1,-26.05,0,0,-74.75,51.5,0,92.3,48.8,44.1,23.335,37.9,68.6,78.6,26.72,36.2,nonhotspot
 cla3,cla5,cla1,loop,loop,1077,506.5,1091.1,154.15,38.8,30.5,-142.36,51.5,17.2,92.3,59,44.1,57.94,89.6,30.2,29.7,24.53,36.2,nonhotspot
 cla4,cla6,cla1,loop,loop,1014.9,679.6,1064.1,164.83,74.3,63.7,-73.69,64.6,30.2,73.1,38.8,51.2,53.025,79.4,16.8,12.8,20,16.6,nonhotspot
 cla5,cla1,cla6,loop,loop,1244.4,1111.2,646.7,108.2,47.5,49,-125.15,32.5,24.3,47.8,99,82.1,50.77,83.7,67.5,54.4,37.67,69.9,nonhotspot
 cla6,cla4,cla5,loop,helix,1111.2,1244.4,877,58.1,69.9,60.3,44.59,38,58.7,71.1,36.8,83.7,51.375,82.1,19.8,31.2,20,47.5,hotspot
 cla3,cla6,cla6,loop,loop,1307.4,1111.2,1064.1,38.35,103.8,132.7,65.56,64.6,74.8,73.1,30.9,82.1,57.3,92.8,7.2,11.2,20,69.9,hotspot
 cla6,cla3,cla4,loop,loop,884.1,1377.5,1273.4,110.26,39.6,31.9,-72.44,73.8,31,91.3,32.4,99.6,40.13,62.4,14.9,34.9,26.78,83.6,nonhotspot
 cla4,cla3,cla6,loop,strand,1377.5,884.1,699.7,22.91,83.6,69.8,73.22,34.5,65.7,50.2,44.9,62.4,62.255,99.6,20.6,27.8,20.26,39.6,nonhotspot
 cla3,cla6,cla1,strand,loop,1134.1,1113.2,1111.2,120.42,10,9.3,-89.16,69.9,5.2,82.1,45,84.8,56.58,102.2,10.4,8.4,20.7,55.8,nonhotspot
 cla3,cla6,cla3,loop,loop,1652.7,1134.1,1111.2,152.32,76.6,41.6,-70.62,69.9,53.2,82.1,18.6,102.2,81.1,122.5,5.6,4.4,20,10,nonhotspot
 cla5,cla3,cla1,loop,loop,1091.1,1022.9,1077,124.81,51.5,52.6,-62.35,38.8,32.2,89.6,130.9,89.1,56.915,92.3,48,50.9,29.4,68,nonhotspot
 cla3,cla4,cla1,loop,loop,965,1022.9,1014.9,173.84,34.7,33.9,-109.71,74.3,33.3,79.4,75.7,89.1,46.815,72.4,30.8,33.3,20,68,nonhotspot
 cla6,cla3,cla3,loop,loop,1064.1,965,1307.4,78.17,64.6,40.9,-81.36,103.8,39.9,92.8,56.2,72.4,46.195,73.1,29.8,34.6,20,34.7,nonhotspot
 cla1,cla3,cla6,helix,loop,979.9,1064.1,1307.4,-30.15,20.8,13.3,-61.92,103.8,11.6,92.8,9.9,73.1,52.05,87,5,3.6,20,64.6,nonhotspot
 cla4,cla2,cla1,helix,loop,1502.7,979.9,711.8,-29.27,123.6,119.7,-52.65,30.8,84.9,36.5,87,87,69.62,95.5,0.4,0.4,20,20.8,hotspot
 cla2,cla3,cla5,loop,loop,1190.4,946,1410.6,-8.05,16.8,21.9,-117.7,61.3,15.9,85.2,22.7,68.3,59.245,71.1,4.4,5.7,24.33,59.7,nonhotspot
 cla5,cla3,cla2,loop,loop,946,1190.4,819.9,132.89,59.7,56.5,-64.59,48.1,28.1,53.8,136.9,71.1,47.05,68.3,55.8,66.9,20,16.8,nonhotspot
 cla2,cla4,cla3,loop,loop,1008.3,679.8,980.1,360,30.8,26.2,169.31,29.7,18.6,50.2,77.2,45.5,46.96,59.2,58,64.9,66.29,2.4,nonhotspot
 cla5,cla3,cla3,loop,loop,1837.7,1312.3,872.9,39.06,166.7,165.2,-116.9,38.5,101.1,74.1,111.8,101.7,113.81,161.2,0.6,0,16.55,69.1,hotspot
 cla4,cla4,cla5,loop,loop,821.8,679.7,1270.3,17.53,22.6,15.4,-102.24,59.8,10.4,110.6,76.8,62,39.32,71.9,27.3,25.1,14.08,13.7,nonhotspot
 cla3,cla3,cla4,strand,loop,1747.9,662.7,1048.2,114.76,90.7,66.6,-60.4,26.1,37.5,70.7,29.6,52.9,79.78,126.9,1,0,12.83,11.5,hotspot
 cla5,cla3,cla3,loop,strand,1496.7,1747.9,1006.2,51.25,135.2,118.4,41.58,53.4,58.9,52.9,95.7,126.9,62.435,88.2,22.6,32.3,16.47,90.7,nonhotspot
 cla4,cla3,cla4,loop,loop,1053.4,892.1,1587.9,-38.2,52.9,22.9,-121.18,99.4,10.8,102.2,11.9,41.6,40.965,44.6,12.8,13.4,17.93,19.1,nonhotspot
 cla5,cla3,cla4,loop,loop,643.8,892.1,1085.3,99.54,65.7,67.9,-137.31,65.4,33.7,64,113.4,41.6,28.67,38.6,80.9,83.7,22.58,19.1,nonhotspot
 cla2,cla3,cla4,loop,loop,1513.8,892.1,1085.3,-39.57,55.2,59,-57.77,65.4,41.8,64,44.8,41.6,63,92.3,7,6.8,17.06,19.1,nonhotspot
 cla3,cla4,cla4,helix,strand,480.4,1028.2,1014.1,-60.84,1.1,16,-43.35,51.8,15.8,81.5,58.3,81.2,22.24,41.1,40.3,36.3,14.62,70.2,nonhotspot
 cla4,cla4,cla3,helix,strand,1028.2,480.4,1014.1,-52.68,70.2,44.2,-34.24,51.8,41.7,81.5,73.2,41.1,44.775,81.2,25.3,28.9,14.43,1.1,nonhotspot
 cla5,cla4,cla5,helix,loop,1619.7,1612,1270.3,-31.91,64.9,51.5,-35.96,59.8,31.6,110.6,112.7,101.3,73.85,120.2,0,0,13.15,86.8,hotspot
 cla5,cla3,cla5,helix,loop,1612,1619.7,1708.1,-46.16,86.8,72.2,-81.86,104.6,44.2,104.4,98.5,120.2,69.08,101.3,17.8,17.6,13.4,64.9,hotspot
 cla3,cla3,cla1,loop,strand,1723.1,1082.3,1006.2,15.58,62,23.2,-93.37,53.4,29.7,52.9,55,76.5,75.145,105.6,0.3,0,15.94,0.9,nonhotspot
 cla6,cla3,cla3,loop,loop,1336.5,1723.1,1587.9,57.55,71.3,84.7,-127.68,99.4,82.5,102.2,61.4,105.6,69.41,100.1,0.7,0.2,16.66,62,nonhotspot
 cla3,cla5,cla3,loop,loop,1085.3,735.9,643.8,-24.92,65.4,40.1,-164.41,65.7,51.4,38.6,40.3,52.4,46.025,64,6.2,8.5,19.42,29.2,nonhotspot
 cla6,cla5,cla3,loop,helix,1008.2,1085.3,1612,139.37,38.9,32,-40.11,86.8,31.1,101.3,39.4,64,45.955,70.2,23.3,20,18.29,65.4,hotspot
 cla3,cla5,cla6,loop,helix,1708.1,1008.2,1612,122.54,104.6,74.9,-77.48,86.8,42.2,101.3,51.1,70.2,75.66,104.4,0,0,16.97,38.9,hotspot
 cla3,cla5,cla3,strand,loop,1006.2,928,1496.7,176.06,53.4,36.5,-161.01,135.2,20.6,88.2,28.1,69.2,39.855,52.9,0,0,15.5,67.4,hotspot
 cla3,cla6,cla3,loop,loop,1587.9,953.1,1336.5,137.54,99.4,89.7,-43.29,71.3,50.6,100.1,72.6,68.4,75.535,102.2,39.8,38.7,17.33,17.7,hotspot
 cla3,cla1,cla3,strand,loop,928,1006.2,536.5,146.31,67.4,69.7,-135.89,35.8,39.3,49,110.2,52.9,46.24,69.2,56.6,58.7,17.08,53.4,nonhotspot
 cla4,cla5,cla1,loop,helix,1270.3,786.7,1619.7,-15.24,59.8,50,85.38,64.9,47,120.2,28.9,86.3,62.235,110.6,8.4,12.2,15.84,21.3,hotspot
 cla4,cla1,cla4,loop,loop,998,1270.3,1284.3,72.32,39.1,29.8,-104.69,56.2,28.1,115.5,42.7,110.6,51.14,85.7,0,0,15.74,59.8,hotspot
 cla3,cla4,cla5,loop,helix,1268.5,533.6,1028.2,-72.15,72.5,67.4,29.73,70.2,37.9,81.2,48,39.6,55.88,100.8,8.6,6.6,13.79,0,hotspot
 cla4,cla4,cla5,strand,helix,1014.1,533.6,1028.2,102.1,51.8,70.9,-85.8,70.2,50.4,81.2,91.1,39.6,44.595,81.5,42.2,41.3,14.78,0,nonhotspot
 cla3,cla5,cla3,loop,loop,930.1,1048.2,1496.7,120.7,23.1,76.9,-66.33,135.2,43.4,88.2,83,70.7,39.85,55.9,1.7,2.4,13.9,26.1,hotspot
 cla3,cla1,cla4,loop,loop,544.5,1101.3,1017.1,92.7,0,4.2,-50.77,66.5,5.5,82.1,29.5,81.2,29.66,42.5,22.5,44.1,45.83,20.9,nonhotspot
 cla4,cla6,cla1,loop,loop,694.5,1287.2,944.8,148.34,28.2,27.7,-50.41,30.2,19.6,90.2,58.6,97.6,34.66,65.7,47.2,40.3,39.56,26.5,nonhotspot
 cla4,cla1,cla6,strand,loop,965.1,893.9,1152.3,127.58,40.8,38.6,-164.86,57.4,26.3,104.7,51.1,79.3,45.885,88.2,30.4,26.1,29.75,4.6,nonhotspot
 cla5,cla6,cla6,strand,loop,1064.2,893.9,1208.3,165.34,60.3,25,-137.09,43.9,15.3,107.6,99.2,79.3,51.745,93.7,0.8,0.2,24.06,4.6,nonhotspot
 cla4,cla1,cla4,loop,loop,412.4,1155.3,583.5,6.12,23.5,3,-112.49,45.4,2.9,56.9,81.1,107.1,23.185,36.3,84.3,97.9,27,46.7,nonhotspot
 cla4,cla4,cla4,loop,loop,1155.3,412.4,1228.4,16.54,46.7,17.3,75.43,74.8,12.3,113.8,56.6,36.3,57.175,107.1,77.4,77,23.19,23.5,nonhotspot
 cla5,cla4,cla2,strand,loop,1403.5,822.9,1228.4,118.77,51.7,83.9,-77.5,74.8,51.4,113.8,60,75.9,75.385,126.5,24.7,27.8,17.71,26.5,nonhotspot
 cla4,cla1,cla1,strand,loop,1278.2,1287.2,1180.2,79.82,60.8,95.3,-153.99,33,67.6,89.8,86.4,97.6,76.18,118.9,21.4,18.6,13.54,26.5,nonhotspot
 cla3,cla5,cla1,loop,loop,1605.7,1287.2,688.8,-4.89,85.9,67.5,-102.97,14.9,86.5,55.6,31.5,97.6,74.92,109.2,6,9,7.72,26.5,nonhotspot
 cla2,cla6,cla2,strand,loop,1117.4,1953.2,945.1,153.81,27.4,7.8,-85.64,85,5.6,71.7,28.4,131.2,52.385,73.1,5.1,3.2,15.13,184.5,nonhotspot
 cla3,cla2,cla2,strand,helix,754.8,1117.4,1206.2,133.71,25.7,23.7,-139.74,57.4,23.2,104.5,38.2,73.1,47.125,67.5,30.7,33.8,16.99,27.4,nonhotspot
 cla4,cla3,cla5,loop,loop,540.5,930,783.8,-53.79,27.8,23.3,-32.59,75.7,21.9,77.8,77.9,93.1,35.165,58.1,37.8,40.7,27.41,35,nonhotspot
 cla5,cla6,cla3,helix,loop,1434.7,1000.2,945.1,-26.05,74.8,47.2,-45.62,85,23.5,71.7,71.5,67,69.495,101.4,63.9,56.4,16.63,40.7,nonhotspot
 cla3,cla2,cla5,helix,loop,1000.2,1434.7,742.9,-36.32,40.7,39.7,-59.32,65.8,50.8,51.6,37,101.4,46.3,67,32.9,40.1,15.22,74.8,nonhotspot
 cla6,cla3,cla4,helix,loop,1298.5,1101.3,740.8,-3.28,8.6,36.3,-71.82,12.6,35.3,60.1,58.6,81.2,63.885,96.5,41.2,55.8,23.27,20.9,nonhotspot
 cla4,cla2,cla6,helix,loop,1044.2,1298.5,742.9,0.44,24.5,33.3,-108.63,65.8,23.6,51.6,92.6,96.5,53.5,70,93.2,92.6,34.04,8.6,nonhotspot
 cla6,cla6,cla4,strand,loop,893.9,965.1,1208.3,88.47,4.6,1.8,-94.76,43.9,1.4,107.6,63.1,88.2,39.815,79.3,13.9,12,37.16,40.8,nonhotspot
 cla6,cla3,cla1,loop,loop,1489.7,1304.5,1189.4,16.62,105.7,115.1,-101.9,32.1,112.1,86.9,45.8,97.7,81.59,120.1,5.8,9.5,29.07,34.4,nonhotspot
 cla5,cla6,cla6,loop,loop,1004.1,1312.5,1599.7,21.24,61,26.4,65.32,116.2,16.2,98.8,79.4,75.3,46.47,71.6,0.1,2.4,25.13,55.8,hotspot
 cla2,cla6,cla1,loop,loop,1570.5,911.9,1599.7,145.53,157.4,135.4,-112.29,116.2,82.5,98.8,34.8,73.9,81.545,132,16.1,14.8,31.44,26.9,hotspot
 cla3,cla6,cla2,loop,loop,1097.2,1570.5,1599.7,155.63,39.6,23.8,-62.25,116.2,13.4,98.8,42.1,132,45.775,83.1,20.2,22.7,20.02,157.4,nonhotspot
 cla6,cla5,cla1,loop,loop,1599.7,1689.8,1004.1,139.23,116.2,94.9,-47.65,61,70.4,71.6,92.3,116.3,70.02,98.8,8,11.5,22.67,32.7,nonhotspot
 cla3,cla1,cla6,loop,loop,1872,1599.7,911.9,64.15,175,146,67.2,26.9,82.3,73.9,57.7,98.8,93.065,143,7.3,7,23.21,116.2,nonhotspot
 cla3,cla6,cla3,loop,loop,1189.4,1340.6,1489.7,37.84,32.1,20.7,55.62,105.7,26.5,120.1,7.2,95.6,57.11,86.9,2.5,4.3,28,71.5,nonhotspot
 cla5,cla6,cla3,strand,loop,603.7,729.8,1489.7,122.48,2.8,0,-149.25,105.7,0,120.1,19.1,68.1,34.67,57.8,3.5,3.3,17.45,26.3,nonhotspot
 cla3,cla6,cla5,strand,loop,729.8,603.7,1489.7,171.49,26.3,4,-99.68,105.7,5.1,120.1,18.7,57.8,40.44,68.1,0,0.9,20.48,2.8,nonhotspot
 cla5,cla6,cla1,strand,loop,870.9,573.6,1489.7,147.66,34.4,13.4,-158.46,105.7,6.6,120.1,45.2,59,53.305,78.4,8,7.8,23.06,5.6,nonhotspot
 cla6,cla3,cla1,strand,loop,1376.5,864.9,662.8,140.88,70.5,61.1,-54.08,39,59.5,69.2,92.5,65.1,68.79,108.1,7.3,5.9,8.47,1.2,hotspot
 cla3,cla4,cla5,loop,strand,960.2,710.9,943.1,-20.03,84.2,59.7,-83.74,74,33.6,67.8,51.8,41.1,39.69,55.1,72,78.3,8.45,37,nonhotspot
 cla5,cla5,cla2,strand,loop,654.9,899.1,1188.3,110.11,0,3.3,-119.62,88.8,2.1,102.7,118.1,75.9,28.45,50.6,100,108.5,64.01,23.1,nonhotspot
 cla3,cla2,cla4,strand,strand,584.7,603.8,1163.5,122.87,26.4,66.3,-142.77,78.6,65.1,83.3,58.9,41.9,28.325,47.2,33,34.4,24.41,8.1,nonhotspot
 cla4,cla2,cla3,loop,strand,603.8,584.7,1163.5,33.04,8.1,116.3,52.92,78.6,109.5,83.3,89.1,47.2,28.43,41.9,1.1,0.4,35.36,26.4,nonhotspot
 cla5,cla3,cla3,strand,strand,1232.5,584.7,951.3,112.05,88.3,102.9,-78.93,25.6,63.1,57.3,126.4,47.2,64.36,96.7,12.5,15.2,22.53,26.4,hotspot
 cla2,cla5,cla5,strand,loop,899.1,654.9,1188.3,133.49,23.1,27.7,-121.25,88.8,20.1,102.7,39.9,50.6,40.18,75.9,4.6,5.2,33.41,0,nonhotspot
 cla6,cla5,cla5,strand,loop,655.8,654.9,1188.3,158.15,27.8,14.7,-129.53,88.8,11,102.7,89.7,50.6,28.625,51.6,49.2,58.3,40.58,0,nonhotspot
 cla4,cla2,cla5,strand,helix,1081.3,1225.5,1841.2,147.25,34.8,44.9,-126.6,111.8,31.9,113.9,81.2,69,45.405,65.9,9.4,2.8,24.66,57,nonhotspot
 cla5,cla5,cla3,loop,loop,733,729.9,1580.9,-29.9,20.8,28.6,-45.81,117.6,17.5,107.9,158.4,62.7,34.1,49.7,93.7,101.2,70.22,9.9,nonhotspot
 cla3,cla2,cla5,loop,strand,791.9,733,732.9,12.72,31.8,18.1,-122.11,33.4,23.1,55.1,73.9,49.7,40.075,66.8,63.2,79.1,39.98,20.8,nonhotspot
 cla6,cla5,cla1,loop,loop,1224.4,789.8,1580.9,155.64,37.2,51.2,-77.01,117.6,49.8,107.9,73.2,64.9,57.78,83.3,67.5,93.1,26.61,28.1,nonhotspot
 cla4,cla2,cla6,loop,helix,1833.1,1224.4,1841.2,137.67,60.8,47.4,-78.69,111.8,22.4,113.9,36.5,83.3,86.45,142.6,23.2,31.2,22.03,37.2,nonhotspot
 cla5,cla6,cla4,strand,helix,1273.4,1833.1,743.8,133.42,28.6,39.1,-118,30.2,24,55.7,81,142.6,57.06,108.2,52,41.1,48.81,60.8,nonhotspot
 cla3,cla1,cla5,strand,loop,1395.6,1273.4,1117.3,144.87,28.7,20.7,-86.59,57,26.5,70.4,33.3,108.2,62.84,96.5,4.2,14.1,28.36,28.6,nonhotspot
 cla5,cla6,cla3,strand,strand,1311.5,1395.6,1051.1,162.47,33.3,22.8,-148.63,33.7,14,91.1,50.5,96.5,63.65,113,14.9,10.6,37.15,28.7,nonhotspot
 cla2,cla4,cla3,strand,loop,1184.4,851.9,1074.3,121.49,124.6,102.6,-56.65,32.4,62.5,82.5,16.6,66.4,57.81,79.2,6.6,25,25.71,4.8,nonhotspot
 cla6,cla1,cla2,strand,loop,1174.3,899.1,714.7,117.34,46,43.2,-81.05,46.8,42.1,68.4,69.6,75.9,58.5,103.4,5.2,7.8,26.44,23.1,hotspot
 cla6,cla5,cla6,helix,helix,892,628.8,1400.6,-27.5,33.7,72.4,-60.61,31.3,70.5,117.3,75.2,59.2,40.435,78.4,22,25.5,54.51,1.2,nonhotspot
 cla2,cla3,cla3,strand,loop,974.2,1267.5,1300.6,145.51,28.5,63.7,-95.64,98.9,38.9,79.6,31.6,73.8,39.57,51.9,0.9,0.4,42.41,7.6,nonhotspot
 cla3,cla6,cla2,strand,helix,1120.2,630.7,1235.4,172.41,108.8,141.7,-154.37,67.3,79.9,78.3,42.3,41.9,52.335,84.5,1.9,2.3,23.22,2.5,nonhotspot
 cla4,cla3,cla1,loop,helix,1172.1,543.4,1100.4,123.05,51.6,77.5,-62.95,62.6,55,76,70.9,50.9,64.26,107.6,13.6,11.9,36.81,12.6,nonhotspot
 cla6,cla5,cla3,loop,strand,487.5,799.8,1147.3,137.33,21.9,14.5,-72.88,54.3,10.8,88.9,77.5,72.2,22.775,44.5,64.4,69.9,68.16,6.7,nonhotspot
 cla5,cla2,cla6,strand,strand,896.1,1058,1313.7,152.45,69.2,59.9,-80.81,124,29.8,82.7,69,93.6,39.605,62.3,102.6,104,52.94,37.9,nonhotspot
 cla3,cla2,cla5,strand,strand,664.9,896.1,1313.7,177.06,8.4,23.2,-117.59,124,22.8,82.7,33.9,62.3,28.545,34.4,0,0,32.01,69.2,nonhotspot
 cla2,cla2,cla3,strand,strand,984.3,664.9,1163.5,-6.53,47.2,129.4,-80.43,78.6,91.7,83.3,13.2,34.4,47.205,50.6,7.5,8.1,28.83,8.4,nonhotspot
 cla5,cla3,cla2,strand,loop,1119.5,984.3,1344.7,143.06,66,97.9,-109,59.6,48.6,79.5,90.1,50.6,52.63,67.1,44.3,64.7,54.26,47.2,nonhotspot
 cla2,cla3,cla3,strand,loop,1038.3,664.9,1344.7,139.5,43.2,23.3,-85.07,59.6,14.3,79.5,25.1,34.4,45.69,62,31.1,45,43.73,8.4,nonhotspot
 cla3,cla2,cla6,loop,loop,627.7,1108.4,785.9,163.98,16.8,24,-85.8,12.1,23.6,61.9,85,80.9,35.33,51.2,47.2,54.8,47.42,23.3,nonhotspot
 cla1,cla2,cla2,loop,helix,1524.9,841.9,1482.9,139,82.7,55,-79.44,74.4,48.1,95.2,63.1,68.6,76.63,96.2,0,3.7,40.2,21.1,nonhotspot
 cla6,cla5,cla1,strand,loop,772.9,1524.9,719.9,144.38,30,25.8,-128.62,29.9,19.2,45.1,100.2,96.2,42.36,53.4,48.3,56.5,80.25,82.7,nonhotspot
 cla2,cla4,cla2,helix,loop,1482.9,1104.6,1240.5,-41.68,74.4,103.3,-64.3,85.8,73.2,73.1,55.6,62.3,69.545,95.2,21.3,18.5,48.32,33.9,nonhotspot
 cla5,cla6,cla6,strand,loop,1147.3,741.8,1058,119.87,54.3,66.9,-129.09,37.9,40.9,93.6,103.1,62.5,51.57,88.9,47.3,42.8,69.63,0.2,nonhotspot
 cla4,cla4,cla6,strand,loop,1013.1,741.8,1172.1,-178.29,70.7,73.3,-140.97,51.6,52,107.6,97.7,62.5,52.375,85.3,10.9,8.6,35.53,0.2,nonhotspot
 cla2,cla3,cla3,strand,strand,1163.5,951.3,584.7,138.86,78.6,72.5,-135.73,26.4,52.6,47.2,32.1,57.3,57.735,83.3,7.5,8.4,51.13,25.6,nonhotspot
 cla2,cla5,cla3,strand,strand,1313.7,951.3,896.1,117.66,124,107.5,-103.01,69.2,65.5,62.3,37.3,57.3,63.945,82.7,4.6,6.7,34.84,25.6,nonhotspot
 cla2,cla5,cla3,loop,strand,616.8,1344.7,1119.5,154.91,2.1,0,-72.88,66,0,67.1,44.1,79.5,29.8,34.1,94.7,92.8,45.13,59.6,nonhotspot
 cla6,cla5,cla2,strand,strand,1051.1,989.2,1311.5,176.01,33.7,60.3,-153.9,33.3,44.7,113,72.3,70.7,52.675,91.1,18.4,17.1,41.06,3,nonhotspot
 cla5,cla6,cla1,loop,strand,1188.3,714.7,655.8,-35.08,88.8,110.4,-53.86,27.8,54.9,51.6,81.3,68.4,58.34,102.7,72.5,69,40.47,46.8,nonhotspot
 cla4,cla2,cla4,helix,strand,863,1074.3,1184.4,26.13,37.9,36,-101.85,124.6,25.5,79.2,84.3,82.5,40.58,61.6,56.2,48.3,72.2,32.4,nonhotspot
 cla1,cla2,cla4,loop,strand,1117.3,1074.3,1184.4,-13.95,57,89.7,-68.28,124.6,78.4,79.2,38.5,82.5,51.73,70.4,19.3,19.2,37.75,32.4,nonhotspot
 cla4,cla2,cla1,loop,strand,1074.3,1117.3,1184.4,96.39,32.4,29.3,-97.33,124.6,27.6,79.2,26.2,70.4,51.595,82.5,32.6,37.4,37.43,57,nonhotspot
 cla6,cla5,cla4,helix,strand,743.8,1074.3,1273.4,41.91,30.2,53.1,50.53,28.6,39.4,108.2,109.3,82.5,34.475,55.7,86,95.4,61.24,32.4,nonhotspot
 cla2,cla4,cla6,helix,helix,1047.2,1283.3,1486.7,-34.07,39.5,24.7,-49.51,98,15.1,115.4,4.4,103.4,45.73,67.9,7.4,26.5,28.1,60.8,nonhotspot
 cla2,cla1,cla2,helix,helix,1172.8,1189.5,1377.9,-52.74,83.7,46.6,-75.97,81,28.4,91.5,8.5,90.8,66.04,65.7,0.5,0.8,15.9,67.2,nonhotspot
 cla2,cla3,cla1,helix,helix,1495.9,886,1404.8,-60.72,62.6,39.5,-72.05,73.2,24.1,92.6,4.2,58.7,76.745,80.7,0.7,1.2,14,30.5,hotspot
 cla5,cla3,cla5,helix,helix,1618.1,955.1,1531,-38.1,100.4,93.1,-74.47,68.6,57,98.6,40.1,78.7,68.185,109.8,67.5,67.1,60.5,35.6,nonhotspot
 cla4,cla3,cla5,helix,helix,2214.9,1618.1,1531,-62.75,215.2,180.3,-66.12,68.6,85.3,98.6,95.3,109.8,104.615,130.1,1.4,2.3,39.3,100.4,hotspot
 cla5,cla6,cla4,helix,loop,1508.7,1441.6,1085.6,-51.25,110.4,121.6,-51.65,55.7,74.5,75.2,121.8,99.9,74.745,129.8,18.7,37.9,39.1,71.9,nonhotspot
 cla1,cla3,cla3,helix,helix,1214.3,1404.8,1359.6,-42.12,42,29.1,-59.78,66,90.1,84.3,33.7,92.6,57.8,79.3,0.1,0.2,18,73.2,hotspot
 cla5,cla6,cla1,helix,helix,1587.9,1297.6,943.1,-33.69,88.5,87.3,-76.23,60.3,43.4,73.6,96.5,91.2,81.435,111.3,34,34.6,38.2,111.5,nonhotspot
 cla2,cla2,cla1,helix,loop,1631.2,1374.9,995.3,-40.01,114.7,104.1,-70.9,48.1,75.4,54.8,65.7,79.5,88.38,103.7,9.3,8,15.9,62.3,hotspot
 cla1,cla6,cla2,helix,helix,1014.1,1631.2,943.1,-53.43,7.8,6.2,-62.05,60.3,19.2,73.6,7.6,103.7,51.9,84.1,25.6,35.6,23.8,114.7,nonhotspot
 cla5,cla6,cla1,helix,helix,1319.7,1014.1,943.1,-57.16,131.2,138.6,-49.33,60.3,68.8,73.6,17,84.1,63.025,92.1,18.4,25.7,44.5,7.8,hotspot
 cla2,cla3,cla5,helix,helix,1865.7,1319.7,1118.6,-40.03,123.6,122.2,-54.55,69.8,86.6,61.7,30.1,92.1,93.865,107.6,6.2,9.7,33.3,131.2,hotspot
 cla1,cla2,cla4,loop,loop,1165.5,786,1383.9,5.26,69.1,31.8,61.42,81.7,98.5,90.2,44.6,58,65.61,74.6,0,0,55.17,22.4,nonhotspot
 cla2,cla2,cla2,strand,loop,616.8,1232.6,1307.5,167.47,48.5,25.7,-96.29,99.8,18.7,79,22.4,76.4,35.61,39.4,10.9,10.9,32.96,39.4,nonhotspot
 cla1,cla4,cla2,strand,helix,1408.7,1085.5,1320.3,127.36,41,23.4,-83.65,104.6,20.5,88.6,11.2,59.4,64.44,82,0,0.3,36.44,8.5,nonhotspot
 cla6,cla3,cla2,loop,helix,991.1,1288.7,1805.1,167.77,11.8,8,-63.3,72.4,6,111.2,28.1,83.4,47.09,71.8,0.8,12.9,42.54,46.1,nonhotspot
 cla2,cla3,cla3,loop,helix,1288.7,813,1805.1,13.93,46.1,33.2,-71.56,72.4,23.6,111.2,25,60.7,65.11,83.4,0.8,1.6,39.47,38.1,nonhotspot
 cla3,cla5,cla2,loop,loop,813,1288.7,1125.4,-18.81,38.1,13.8,-104.67,131.2,17.7,85.8,45.9,83.4,40.92,60.7,28.8,50.7,54.16,46.1,nonhotspot
 cla6,cla6,cla3,loop,loop,468.4,813,1288.3,167.12,6,2.5,-134.26,60.3,1.8,91.9,97.1,60.7,22.995,44.9,101.9,110.7,80,38.1,nonhotspot
 cla4,cla6,cla6,loop,loop,696.6,468.4,1288.3,149.62,71.9,59.2,-111.01,60.3,40.2,91.9,111.7,44.9,29.015,53.4,55.1,78.9,61.3,6,hotspot
 cla6,cla4,cla4,loop,helix,1216.1,629.6,1320.3,138.46,34,16.5,-71.58,104.6,12.2,88.6,77.9,43.3,52.17,88.3,0.1,17.3,35.26,3.8,nonhotspot
 cla3,cla2,cla4,loop,loop,889,629.6,1307.5,150.53,57,40,-109.37,99.8,51.3,79,46.3,43.3,40.745,51.9,20,33.3,36.5,3.8,nonhotspot
 cla2,cla5,cla2,loop,loop,1264.8,1081.4,1125.4,-3.86,45.5,12.8,-73.5,131.2,9.1,85.8,21.6,80.3,65.265,84.5,4.1,7.9,44.41,32,nonhotspot
 cla2,cla5,cla1,loop,loop,753.1,625.8,1125.4,26.67,37.4,42.7,-96.76,131.2,30.2,85.8,71.7,50.4,41.335,48.4,10.7,9.8,36.94,0,nonhotspot
 cla1,cla1,cla2,loop,loop,753.9,1383.9,1165.5,140.02,15.3,23.1,360,69.1,33.2,74.6,47.2,90.2,47.745,65.5,16.6,51,46.68,81.7,nonhotspot
 cla2,cla1,cla1,loop,loop,1383.9,753.9,1165.5,-34.82,81.7,92.4,-73.22,69.1,65.4,74.6,67.9,65.5,77.81,90.2,14.9,17.9,39.56,15.3,hotspot
 cla6,cla2,cla5,loop,loop,894.3,1125.4,1264.8,119.05,6.4,10.7,-86.71,45.5,10.4,84.5,76.5,85.8,47.615,57.1,26,30.6,45.94,131.2,nonhotspot
 cla5,cla2,cla1,loop,loop,1125.4,1075.4,1081.4,24.54,131.2,115.9,-89.42,32,57.5,80.3,102.8,72.5,58.585,85.8,74.8,73.9,47.84,17.3,nonhotspot
 cla1,cla2,cla5,loop,loop,1075.4,1125.4,1288.7,147.77,17.3,20.4,-110.29,46.1,17.9,83.4,37.3,85.8,52.82,72.5,5.3,9.9,46.76,131.2,nonhotspot
 cla6,cla4,cla1,loop,loop,1288.3,1075.4,696.6,131.31,60.3,64.6,-52.36,71.9,62.9,53.4,55.2,72.5,58.255,91.9,14,18,46.36,17.3,nonhotspot
 cla4,cla4,cla3,helix,loop,1320.3,1805.1,696.6,-23.85,104.6,89.3,-68.61,71.9,42.3,53.4,55.2,111.2,57.705,88.6,41,46.7,48.58,72.4,hotspot
 cla3,cla2,cla4,helix,loop,1805.1,1320.3,1288.7,6.99,72.4,84.8,-76.41,46.1,47.8,83.4,50.9,88.6,88.81,111.2,0,0,27.65,104.6,hotspot
 cla4,cla3,cla2,loop,loop,647.7,1307.5,889,-17.18,7.7,8.8,-62.21,57,6.3,51.9,73.2,79,29.055,36.2,94.5,114.6,50.89,99.8,nonhotspot
 cla2,cla3,cla4,loop,loop,1307.5,647.7,889,16.37,99.8,75.5,-102.6,57,46,51.9,35.7,36.2,64.345,79,14.9,25.5,36.36,7.7,hotspot
 cla1,cla4,cla2,loop,loop,779.8,1307.5,786,-88.1,4.4,11.3,-100.59,22.4,9.9,58,37.8,79,40.73,56.5,28.3,53.1,63.33,99.8,nonhotspot
 cla2,cla2,cla6,loop,loop,854.1,1065.2,1558.9,127.99,22.4,8.1,-62.45,77,5.8,114.6,92.7,87,41.09,48.5,80.8,83.7,24.59,82.3,nonhotspot
 cla2,cla2,cla2,strand,strand,1028.4,1454.1,1643.2,126.1,22.1,16.1,-113.17,102.7,9.8,91.1,35.1,75.1,46.315,64.8,11.2,11.2,15.09,39.6,nonhotspot
 cla5,cla6,cla3,loop,strand,933.1,441.5,862.9,-35.93,1,0,-74.79,40.4,0,71.5,111.9,40.8,47.14,66.9,70.6,81.4,29.97,21.4,nonhotspot
 cla2,cla6,cla4,loop,strand,760.7,1506.9,862.9,168.9,1.5,54.4,-71.88,40.4,45.3,71.5,68.3,95.6,41.225,67,28.4,20,16.06,81,nonhotspot
 cla4,cla3,cla2,loop,strand,1506.9,760.7,728.8,105.74,81,103.7,-76.71,33.5,73.6,58.5,99.8,67,77.935,95.6,10.9,10,15,1.5,nonhotspot
 cla6,cla1,cla4,strand,loop,659.7,1506.9,759.8,160.15,1.8,4.7,-164.86,0,3.5,61,64.9,95.6,35.295,53.3,64.3,74.2,27.53,81,nonhotspot
 cla2,cla2,cla2,strand,strand,1454.1,1028.4,1643.2,138.4,39.6,18.6,-130.28,102.7,13.2,91.1,20.6,64.8,63.74,75.1,14.6,16.2,18.3,22.1,nonhotspot
 cla5,cla2,cla6,strand,strand,1434,1074.3,1643.2,110.71,16.8,14.8,-108.63,102.7,7.3,91.1,20.6,79.2,63.41,84.8,1.3,1,11.89,0,hotspot
 cla3,cla6,cla5,loop,loop,1007.2,1050.2,574.6,-33.15,47.8,22.8,-102.64,45.4,22.4,54.3,57.8,81.5,45.735,75.9,50.2,47.5,15.86,15.9,nonhotspot
 cla5,cla6,cla3,loop,loop,1050.2,1007.2,574.6,140.59,15.9,31.6,-67.76,45.4,15.7,54.3,119.8,75.9,45.105,81.5,102.9,100,27.08,47.8,nonhotspot
 cla3,cla6,cla5,loop,strand,1875.3,1050.2,1021.2,102.67,97,79.5,-88.6,44.3,44.8,75.3,117,81.5,86.315,138.3,8.5,8.6,16.84,15.9,hotspot
 cla6,cla4,cla5,loop,helix,1074.3,884,1209.4,154.33,0,0,-81.49,79,0,91.3,56,74.8,44.81,79.2,0.1,2.1,15.43,32.6,hotspot
 cla5,cla4,cla6,strand,helix,884,1074.3,1209.4,135.46,32.6,44.2,-130.22,79,27.1,91.3,78,79.2,39.485,74.8,37.9,42.1,28.45,0,nonhotspot
 cla2,cla4,cla5,strand,helix,1479,884,1209.4,130.89,94,45.9,-97.4,79,33.3,91.3,47.5,74.8,69.615,92.3,0.6,4.2,19.66,32.6,nonhotspot
 cla3,cla2,cla2,loop,loop,690,1454.1,961.2,144.74,47.3,52.4,-88.94,62.7,33.5,68.8,63.7,75.1,35.21,41.3,58.6,58.9,46.07,39.6,nonhotspot
 cla5,cla1,cla3,loop,loop,518.6,690,635.7,152.61,41.9,54.3,-133.94,26.2,33.2,53.2,111.6,41.3,29.025,48.2,88.8,93.6,33.01,47.3,nonhotspot
 cla2,cla4,cla3,loop,strand,802,494.7,1084.3,19.99,37.5,83.5,-118.61,57.9,50.9,54.9,34.5,24.5,34.6,39.4,29.9,49.1,5.77,4.8,hotspot
 cla3,cla1,cla2,loop,loop,1515.8,974.1,743.9,44.39,135.3,86.3,59.43,24,55.1,49.4,70.8,70.3,76.33,93.1,0.6,0.2,8.51,24.8,hotspot
 cla3,cla2,cla3,helix,loop,767.9,1515.8,697.8,-15.87,17.2,27.9,-68.27,39.3,27.4,52.8,63.3,93.1,40.49,55.4,19.9,26.2,8.69,135.3,nonhotspot
 cla2,cla2,cla3,loop,strand,1183.5,704.8,1242.5,163.3,35,10.5,-112.62,119.7,6.4,70.1,44.8,35.4,51.905,60.4,0.4,2.4,12.81,10.1,hotspot
 cla1,cla3,cla2,loop,loop,743.9,1242.5,1515.8,-172.49,24,0,-100.28,135.3,0,93.1,20.7,70.1,41.745,49.4,3,4.7,8.19,119.7,nonhotspot
 cla2,cla3,cla1,loop,helix,697.8,743.9,767.9,-18.62,39.3,11.1,-77.26,17.2,9.3,55.4,27.6,49.4,41.585,52.8,101.6,99,12.07,24,nonhotspot
 cla2,cla3,cla2,loop,helix,824.9,697.8,539.6,-55.78,59.7,41.7,-109.26,42.7,29.6,41.7,33.6,52.8,46.555,64.4,96.4,91.7,9.08,39.3,nonhotspot
 cla3,cla4,cla2,loop,helix,812.9,824.9,1091.3,-170.47,46.1,68.6,-158.79,52.1,67.4,67.2,38.5,64.4,40.6,53.2,23.4,21.3,10.56,59.7,nonhotspot
 cla4,cla2,cla3,strand,loop,1084.3,812.9,802,139.53,57.9,115.2,-55.99,37.5,54.5,39.4,24.5,53.2,45.765,54.9,14.4,18.9,9.4,46.1,hotspot
 cla1,cla3,cla6,loop,loop,1327.5,528.6,712.8,-18.06,65.6,87.8,-84.9,33,53.5,52.8,26.7,45.3,71.4,89.6,7.1,11.4,41.56,2.9,nonhotspot
 cla4,cla5,cla6,loop,helix,1562,785.9,1290.5,-13.69,91.6,86.2,-117.82,38.5,71.9,88.4,20.7,49,64.315,81.5,0,9.8,51.68,8,hotspot
 cla2,cla4,cla2,loop,helix,1660.1,792,1634.1,131.01,120,44,-106.83,101.6,38.5,109,36.4,50.6,82.585,112.5,10.2,10.1,27.83,16.2,nonhotspot
 cla2,cla4,cla2,loop,helix,1408.9,1660.1,1634.1,169.43,89.2,82,-87.45,101.6,38.8,109,46.3,112.5,71.28,81.3,10.5,0,26.58,120,nonhotspot
 cla5,cla5,cla2,strand,loop,654.9,899.1,1188.3,106.92,0,17.7,-116.57,85.1,13.2,102.7,122.5,75.9,28.45,50.6,47.2,88.5,38.96,38.7,nonhotspot
 cla3,cla2,cla4,strand,strand,641.7,1013.2,1076.4,121.36,47.2,42.2,-137.19,64.8,29.9,74.1,57,82,34.39,56.2,11.8,32.3,29.61,11.7,nonhotspot
 cla4,cla2,cla3,loop,strand,1013.2,641.7,1076.4,40.38,11.7,1.4,52.07,64.8,0.8,74.1,90.8,56.2,51.56,82,107.1,1.4,34.54,47.2,nonhotspot
 cla5,cla3,cla3,strand,strand,1474.8,641.7,864.2,116.71,92.9,20.2,-72.67,29.2,25.9,48.1,119.3,56.2,76.18,113.9,54.5,11,22.26,47.2,hotspot
 cla2,cla5,cla5,strand,loop,899.1,654.9,1188.3,132.1,38.7,52,-121.59,85.1,50.6,102.7,34.5,50.6,40.18,75.9,65.5,7.4,24.69,0,nonhotspot
 cla6,cla5,cla5,strand,loop,655.8,654.9,1188.3,146.2,20.5,10.4,-119.71,85.1,13.3,102.7,94.3,50.6,28.625,51.6,7.6,53.5,37.03,0,nonhotspot
 cla4,cla2,cla5,strand,helix,1081.3,1518.7,1936.2,133.6,36.9,3.7,-133.12,109.9,2.2,132.3,89.2,94.2,45.405,65.9,88.3,2.4,16.25,52.3,nonhotspot
 cla5,cla5,cla3,loop,loop,472.6,731.8,1467.7,-45.16,22.2,36.8,-38.99,111.4,36.2,103,164.1,70.8,22.31,39.6,29.1,112.2,46.54,16.3,nonhotspot
 cla3,cla2,cla5,loop,strand,791.9,472.6,604.7,-7.12,42.2,11.1,-109.91,41.8,10.4,43.8,70,39.6,40.075,66.8,1,75.4,33.11,22.2,nonhotspot
 cla6,cla5,cla1,loop,loop,1387.6,516.5,1467.7,160.37,41.1,72.2,-69.61,111.4,44.2,103,84.8,50.3,63.485,89.5,7.6,86.9,20.48,34.6,nonhotspot
 cla3,cla1,cla5,strand,loop,1395.6,1016.1,954.1,139.28,12.4,23.7,-79.39,52.3,14.5,64.2,49.1,84.6,62.84,96.5,20.4,20.3,19.56,31.8,nonhotspot
 cla5,cla6,cla3,strand,strand,1064.3,1395.6,1292.5,153.13,36.9,93.4,-143.28,43.9,57,107.3,74.2,96.5,51.98,88.8,16.1,18.8,22.24,12.4,nonhotspot
 cla2,cla1,cla3,strand,loop,1210.4,780,954.1,115.2,119.6,46.4,-59.62,52.3,45.2,64.2,21.7,41.6,57.285,86,6.6,39,27.01,29.2,nonhotspot
 cla6,cla1,cla2,strand,loop,1184.4,600.7,817.8,127.7,53.5,68.2,-75.05,50.5,38.5,73.9,78.4,54.5,58.225,102.8,2.4,9.2,20.55,0.4,hotspot
 cla3,cla6,cla2,strand,helix,1423.6,648.8,1049.2,170.58,119.6,35.7,-149.34,70.7,25.8,72.9,44.4,34.8,63.495,100.2,7.8,3.1,33.65,0,nonhotspot
 cla6,cla5,cla3,loop,strand,487.5,702.7,1119.2,146.28,6.8,5.2,-62.55,47.3,3.9,88.9,95.1,64.2,22.775,44.5,61,70.3,50,11.3,nonhotspot
 cla2,cla3,cla3,strand,strand,1341.7,779,864.2,-7.64,46.2,47.2,-75.67,29.2,33.5,48.1,18.2,46,64.19,86.5,5.2,7.8,25.64,11.2,nonhotspot
 cla5,cla3,cla2,strand,loop,1234.6,924.2,1344.7,139.81,40.9,63.6,-115.9,60.4,31.6,79.5,95.4,50.4,58.575,80.1,53.3,70.5,50,72.5,nonhotspot
 cla2,cla3,cla5,strand,loop,924.2,794.9,1344.7,136.98,72.5,33.7,-67.4,60.4,20.6,79.5,24.4,53.4,40.26,50.4,38.4,39.5,34.43,28.9,nonhotspot
 cla3,cla3,cla6,loop,helix,914,1313.5,968.2,177.86,55.2,54,-82.19,56.8,53.1,62.5,87.4,97,46.26,72.1,19.8,22.6,37.15,94.8,nonhotspot
 cla1,cla2,cla4,loop,helix,769.9,974.2,1470.8,154.27,48.8,37.9,-65.64,97.6,33.2,98.6,55.3,49.4,34.81,41.1,8.9,31.7,48.98,7.3,nonhotspot
 cla5,cla6,cla2,loop,loop,1223.2,916.9,595.6,12.87,108.2,70.6,65.69,41,52.4,54.7,114.4,78.5,63.785,102.2,36.9,73.9,28.71,49.5,nonhotspot
 cla6,cla4,cla2,loop,loop,1407.4,1000,530.5,126.92,89,112.8,-116.4,39.3,56.1,37.9,118.4,81.8,69.935,104.6,76.4,40.7,30.96,44.1,nonhotspot
 cla6,cla4,cla2,loop,loop,1407.4,1000,530.5,126.92,89,64.2,-116.4,39.3,43.6,37.9,118.4,81.8,69.935,104.6,0,40.7,30.96,44.1,nonhotspot
 cla4,cla3,cla1,helix,loop,1300.4,1081.2,1422.5,-50.05,96.3,70.6,-71.97,89.2,52.4,95.9,89.7,86.2,63.89,88.5,36.9,0,25.04,38.2,nonhotspot
 cla4,cla5,cla1,helix,strand,736.7,1298.3,1106.1,20.35,21.7,54.1,360,95.1,36.8,71.6,48.8,94.5,34.865,55.7,84.3,87.4,35.49,12.4,nonhotspot
 cla3,cla4,cla3,strand,loop,787.8,1165.2,1023,126.91,85.6,47.1,-153.02,53.2,60.3,91.6,26.2,87.3,39.86,65.2,0,19.6,69.66,3.7,nonhotspot
 cla1,cla4,cla2,strand,helix,899,620.7,1616.7,360,24.2,13.2,108.77,105.9,40.8,128.1,7.1,55.6,40.35,59.1,0,38,51.32,0.5,hotspot
 cla6,cla5,cla6,loop,helix,1087.4,633.7,850,-140.04,58.7,62.2,-59.42,30.2,60.6,69.1,29.2,53.4,52.22,80.4,21.5,20.6,200,1.2,hotspot
 cla2,cla2,cla6,loop,helix,1072.3,1087.4,1303.6,-156.25,37.6,50.2,48.8,58.7,35.6,94.9,14.2,80.4,52.69,73.5,34.4,35.9,200,58.7,hotspot
 cla2,cla1,cla2,helix,strand,1100.4,1195.7,1055.4,38.34,54.3,65.6,-115.2,36.1,40,61.4,35.6,62.8,52.605,74.2,73,36.5,120,75.7,hotspot
 cla2,cla1,cla2,loop,strand,1195.7,1100.4,1055.4,129.96,75.7,73.6,-146.84,36.1,53.4,61.4,10.3,74.2,59.02,62.8,7.8,6.9,56.02,54.3,hotspot
 cla2,cla1,cla2,loop,strand,539.7,1195.7,1055.4,360,45.8,61.8,-130.79,36.1,43.8,61.4,39.6,62.8,30.05,34.9,149.1,13.8,87.46,75.7,hotspot
 cla5,cla3,cla3,strand,strand,1573.8,1022.2,1225.4,144.84,60.6,77.2,-123.43,64.7,38.4,85.1,131.3,64.6,74.07,111.8,41.2,48,35.52,0.2,nonhotspot
 cla6,cla1,cla2,strand,loop,1002.3,938.1,1187.4,145.64,28.2,49.6,-90.07,31.4,48.2,94.7,77,85.2,58.805,86.1,22.1,24.5,22.87,0.2,hotspot
 cla4,cla3,cla2,strand,strand,1610.9,938.1,1225.4,127.78,101.9,76.1,-131.46,64.7,51.7,85.1,50,85.2,79.79,118.9,2.5,1.8,19.14,0.2,hotspot
 cla3,cla3,cla3,strand,strand,1765.9,1022.2,1456.7,138.08,99.2,90.1,-128.59,40,50.8,93.4,63.4,64.6,85.675,125.1,3.6,3.4,15.58,0.2,hotspot
 cla3,cla6,cla3,strand,strand,1894.3,1093.3,1224.6,120.96,113,89.4,-115.99,56.6,50.4,61.7,28.7,72.7,86.67,114.5,16.7,18.6,15.67,2.2,nonhotspot
 cla6,cla3,cla2,loop,loop,745.9,930.2,1511.8,1.31,38.6,26.2,-100.16,79.2,19.4,120.4,121.6,64.4,34.93,51.4,84.8,101.8,35.51,2.5,hotspot
 cla5,cla3,cla3,strand,loop,1732.2,1048.3,1511.8,136.57,103.6,84.5,-124.24,79.2,42,120.4,63.2,55.9,80.965,103.4,21.1,17,23.86,1.1,hotspot
 cla4,cla5,cla6,loop,helix,536.5,778.8,935,-20.97,12.1,1.3,-63.15,38.6,1.2,72.5,102.4,67.7,22.185,44.8,86.6,94.7,21.24,0,nonhotspot
 cla5,cla4,cla4,loop,loop,1440.4,592.5,976,141.26,55.2,95.1,-105.06,44.6,47.2,79,120.6,52,67.45,120.5,43,42.8,16.29,14,nonhotspot
 cla4,cla5,cla4,loop,helix,1390.5,1034.1,1359.6,-28.8,85.2,84.3,-58.36,51.8,57.3,96.6,100.3,86.1,61.92,114.9,22.5,19.6,15.53,5.9,nonhotspot
 cla5,cla5,cla4,loop,loop,834.9,1390.5,1359.6,-3.1,34.1,29.9,-84.26,52.6,18.3,106.8,133.3,114.9,39.895,70,122.3,141.2,39.18,85.2,nonhotspot
 cla6,cla4,cla2,strand,helix,1035.3,943.2,1265.6,145.37,35,27.8,-126.52,36.7,20.7,77.9,41.4,52,46.165,61.5,4.7,4.6,28.07,2.7,hotspot
 cla2,cla6,cla4,helix,strand,1652,1265.6,1035.3,-25.67,150.2,120.8,-80.06,35,73.6,61.5,51,77.9,75.575,105.2,2.2,4,21.82,36.7,hotspot
 cla5,cla6,cla1,helix,loop,656.7,799,769.9,-14.52,26.7,24.2,-65.74,77.8,14.8,41.4,42.5,66.5,28.775,46.5,50.3,53.8,17.84,16.5,hotspot
 cla5,cla3,cla4,loop,helix,657.7,1291.5,982.2,-58.45,29.6,16.2,-64.28,64.3,9.9,66.9,41.9,96,34.13,62.6,10.8,7.6,36.47,35.4,nonhotspot
 cla4,cla6,cla5,helix,loop,877,1143.2,769.9,-77.42,60.2,55,-25.78,77.8,26.1,41.4,37.8,79.7,33.87,57.3,44.6,43.3,37.97,84.6,hotspot
 cla5,cla3,cla4,helix,loop,1143.2,1291.5,1214.4,-27.4,84.6,64.4,-76.45,70.2,32,76.3,56.6,96,51.485,79.7,11.9,11,18.04,35.4,nonhotspot
 cla5,cla6,cla4,helix,loop,737.8,1018.1,1308.5,-48.03,23.4,9.2,-117.12,92.7,5.6,103.5,36.5,83.2,33.655,66,3.2,3,20.84,38.9,nonhotspot
 cla5,cla2,cla4,helix,loop,711.8,1018.1,755.9,-39.79,2.2,20.3,-69.19,18.9,10.1,59.1,18.8,83.2,34.96,53.5,68.6,73.3,17.08,38.9,nonhotspot
 cla4,cla6,cla5,helix,loop,1018.1,711.8,1308.5,-40.82,38.9,33.5,-68.62,92.7,22.8,103.5,8.2,53.5,52.14,83.2,10.8,11.2,15.36,2.2,nonhotspot
 cla3,cla6,cla2,loop,strand,774.8,1383.6,1500.9,74.05,2.5,2.6,-146.57,79.6,2.5,101.4,8.8,99.7,39.925,67.5,0,0,56.19,91.6,hotspot
 cla3,cla3,cla2,loop,strand,1380.5,992.1,1101.4,0.95,83.2,106.9,-65.68,5.9,60.2,78.3,69.3,73.9,63.01,103.5,9.7,12.6,46.19,11.9,nonhotspot
 cla3,cla5,cla4,loop,loop,1822.1,831.9,1274.5,-36.72,98.3,63.2,-67.08,21.1,65.3,85.9,50.3,67.5,86.58,131.9,14.8,11,28.4,0,hotspot
 cla6,cla3,cla1,loop,loop,1499.5,1122.2,991,-91.25,105,99.2,-83.78,39.5,96.6,89.6,44,91.6,87.5,139.3,1.4,3,31.74,31,nonhotspot
 cla5,cla3,cla1,strand,loop,1787.9,1002.1,1016.2,132.12,67.6,67.2,-121.29,46.9,33.3,77.4,48.5,76,87.665,131.9,6.5,5.1,33.24,13.8,nonhotspot
 cla5,cla3,cla6,strand,loop,846,1356.5,1142.3,148.92,32.1,39.1,-144.85,98.2,19.5,86.6,93.9,105.5,40.47,60,65.4,66.5,32.35,53.3,nonhotspot
 cla2,cla1,cla1,loop,helix,969.3,644.7,1033.5,160.25,90.2,63.1,-123.91,66.6,38.5,59,20.1,48.1,53.465,62.8,37.6,48.9,21.28,0.2,nonhotspot
 cla3,cla6,cla1,loop,helix,840.9,1037.1,698.8,76.92,35.2,31.2,-123.78,30.8,17.6,48.5,26.3,73.9,40.71,57.9,25.9,24.9,26.25,60.2,nonhotspot
