class_mirror,class_intra,ss_target,ss_mirror,ss_intra,polarity_target,polarity_intra,polarity_mirror,psi,atom_contacts_target, darea,phi,atom_contacts_mirror,dparea,hydrophilicity_mirror,asa_stride,hydrophilicity_intra,ave_dpx_target,hydrophilicity_target,carea,_pssm,B_value,atom_contacts_intra,residue_contacts_target,SASA rel/ave,un,hydrophobicity_target,cn,SASA rel/res,mass_target,isopoint_target,ave_dpx_intra,ave_dpx_mirror,residue_contacts_mirror,ne,residue_contacts_intra,SASA del/ave,SASA mon/ave,polarizability_target,isopoint_intra,polarizability_intra,ddg,isopoint_mirror,relasa_naccess,polarizability_mirror,classtarget
 cla4,cla4,cla4,helix,loop,777.8,663.6,1279.2,-25.35,89.7,71.7,-78.27,97.4,48.8,103.6,49,48.1,33.87,60.2,28,24.5,28.54,0.4,34,0,7,5,28,0,1.172,5.9,27.965,56.45,38,12,10,0,0,-0.64,-1.3,1.23,-0.81432,8.2,4.271932712,-1.45,nonhotspot
 cla4,cla4,cla4,helix,loop,1170.2,663.6,1279.2,-42.31,45.3,32,-60.55,97.4,21.7,103.6,18,48.1,50.64,93.2,1.9,0.8,28.48,0.4,30,0,16,8,35,0,1.734,11.5,27.965,56.45,38,17,10,0,0,-2.37,-1.3,1.23,0.34974,8.2,3.437529311,-1.45,nonhotspot
 cla4,cla4,cla4,helix,loop,663.6,1170.2,1279.2,-40.51,0.4,15.8,-59.11,97.4,11.2,103.6,83.8,93.2,27.965,48.1,34.6,49.7,41.13,45.3,10,-5.369317318,8,4,21,-1.866692308,1.064,-1.3,50.64,56.45,38,10,30,-0.270388746,0.766397483,1.23,11.5,-2.37,-0.75052,8.2,2.761906874,-1.45,nonhotspot
 cla2,cla4,cla4,helix,loop,990,1170.2,1279.2,-41.94,59,47.9,-61.17,97.4,29.2,103.6,60.2,93.2,45.275,72.6,32,25.7,29.39,45.3,32,-13.92964513,9,7,29,-2.961236175,1.485,0.2,50.64,56.45,38,14,30,-1.23890958,1.919155086,1.01,11.5,-2.37,0.464,8.2,3.868906714,-1.45,nonhotspot
 cla3,cla3,cla5,helix,strand,893.1,1110.4,1143.4,-48.17,87,74.3,-61.43,88,41.9,72.7,62.4,57.8,40.705,62,35.5,36.1,30.42,54.3,33,-12.07001249,12,6,23,-3.00349399,1.381,4.1,46.61,52.77,33,10,19,-1.526554904,2.219474599,1.36,-6.2,6.28,0.78184,0.6,4.363226005,4.69,nonhotspot
 cla2,cla4,cla4,helix,loop,1601.9,1209.3,1166.3,-40.52,91.2,52.1,-67.84,77,36.9,75.6,44.9,63.7,69.89,95.2,1.7,0.4,31.2,81.6,31,-31.91046411,17,11,33,-5.427223949,2.643,-3.8,53.96,53.115,43,13,29,-2.200835534,2.252876275,7.02,-9.7,10.1,-0.36018,3,3.984715691,4.05,nonhotspot
 cla4,cla6,cla2,loop,strand,1209.3,1601.9,941,2.6,81.6,96.9,-78.46,54.2,68.8,56.7,96.4,95.2,53.96,63.7,57.5,76.2,45.11,91.2,29,-8.445488262,14,8,26,-2.936151292,2.02,-9.7,69.89,41.305,22,12,31,-1.29460871,2.332911643,10.1,-3.8,7.02,-0.39846,-1.5,4.270955399,4.44,nonhotspot
 cla3,cla5,cla2,helix,loop,987.3,940,2084.5,-27.13,11,8,-94.7,64,10.2,133.2,35.7,74.5,46.57,67.3,0.5,0.7,46.26,16.6,18,-26.51842776,12,7,27,-7.516024085,1.524,3.4,46.115,93.21,35,16,21,-0.330462528,0.360391241,2.4,4.5,0.55,0.1653,0.6,2.115049969,7.81,nonhotspot
 cla6,cla5,cla2,helix,loop,841.1,940,2084.5,-0.7,26.5,21,-63.13,64,15.6,133.2,68.7,74.5,34.38,55.7,19,42.6,39.07,16.6,13,-5.049825762,16,5,30,-2.05936421,1.475,6.8,46.115,93.21,35,13,21,-0.330012309,0.875680922,0.32,4.5,0.55,-0.8207,0.6,3.043569603,7.81,nonhotspot
 cla3,cla2,cla2,loop,loop,954.2,732.8,1259.5,-2.87,75.8,42.3,-117.83,13.3,54.1,83.3,65.1,48,46.545,64.3,22.8,22.7,32.27,17.8,27,-23.24577859,5,7,24,-6.588468719,1.461,-1.4,34.71,57.725,36,11,17,-2.410709541,2.99916644,4.88,-4,4.38,0.6119,-2.2,3.745023465,5.9,nonhotspot
 cla4,cla4,cla3,loop,loop,1259.4,954.2,2044.3,169.81,27.6,38.7,-146.7,116.9,36.4,143.3,80.9,64.3,63.18,97.8,26.5,20.5,31.79,75.8,29,-9.910182294,8,10,29,-4.335245887,1.704,2.9,46.545,91.79,60,14,27,-0.688659983,1.00538876,2.92,-1.4,4.88,0.67628,4.9,3.656356262,4.39,nonhotspot
 cla5,cla6,cla4,helix,loop,1343.4,1259.4,1215.4,-45.79,105.5,107.7,-54.26,46.2,53.5,84.4,97.1,97.8,56.545,106,56.4,55.8,43.68,27.6,45,-9.587530193,15,9,34,-2.932862007,2.039,16.4,63.18,51.725,27,16,29,-1.863588763,2.636582777,-3.37,2.9,2.92,0.68208,5.9,4.752900298,1.43,nonhotspot
 cla6,cla3,cla5,helix,loop,802.8,1343.4,647.6,-62.79,20.6,23.7,-56.92,16.2,17.6,63.2,121.8,106,39.265,71.9,99.2,110.1,53.69,105.5,21,-2.89220423,6,6,23,-1.179466809,0.988,8.4,56.545,33.995,17,5,45,-0.409682389,1.898062378,-2.29,16.4,-3.37,-0.06844,8.2,3.16463081,-1.7,nonhotspot
 cla4,cla6,cla3,helix,loop,1213.4,1043.2,1215.4,4.85,45.6,55.8,-72.36,46.2,39.6,84.4,63.4,65,51.37,87.3,23.3,43.9,33.28,18.6,26,-6.968926472,13,8,24,-2.422811071,1.94,9.6,46.105,51.725,27,11,25,-0.565125109,1.234136652,-0.33,-2.9,4.99,0.33408,5.9,3.633102439,1.43,nonhotspot
 cla3,cla6,cla5,helix,helix,1408.8,1461.7,1096.3,-38.04,30.2,22.4,-59.5,52.1,12.6,81.6,21.3,110.7,62.955,99.6,4.5,2.4,24.2,50.8,33,-15.73379347,19,10,40,-3.915186846,2.208,9.2,63.34,52.005,24,17,35,-0.503290049,0.561345658,-0.38,15.6,-2.29,-0.4843,5.7,3.285038027,1,nonhotspot
 cla5,cla6,cla5,helix,helix,1341.5,1461.7,1096.3,-44.79,35.5,34.7,-67.44,52.1,17.3,81.6,54.2,110.7,57.12,97.3,26.4,20.8,29.32,50.8,37,-8.348685516,16,9,39,-2.553894701,2.049,7.7,63.34,52.005,24,18,35,-0.518723968,0.842784007,-0.38,15.6,-2.29,-0.87812,5.7,3.667144962,1,nonhotspot
 cla5,cla4,cla5,helix,loop,1461.7,1341.5,1987.4,-50.07,50.8,49.8,-61.09,184.6,30.5,140.8,71.4,97.3,63.34,110.7,6.8,3,35.02,35.5,35,-12.18337624,16,10,39,-4.319902901,2.281,15.6,57.12,93.59,62,18,37,-0.750691668,0.823578793,-2.29,7.7,-0.38,-0.62234,5.3,4.01566204,6.34,nonhotspot
 cla6,cla5,cla5,helix,loop,1567.7,935.1,1604.8,-35.06,50.8,61.2,-72.23,59.4,59.6,109.3,80.2,67.1,68.15,126,5.8,5.8,22.82,53,40,-15.33436724,14,11,38,-5.992401563,2.37,17.2,40.235,69.045,45,16,24,-1.050052478,1.160467944,-3.8,5.7,0.91,1.38446,5.2,4.052654135,3.33,nonhotspot
 cla5,cla4,cla6,helix,loop,935.1,1567.7,1987.4,-48.07,53,30.2,-65.83,184.6,18.5,140.8,91.8,126,40.235,67.1,11.6,8.6,27.09,50.8,24,-9.905963612,21,6,36,-3.512392633,1.501,5.7,68.15,93.59,62,19,40,-0.408429261,0.551101174,0.91,17.2,-3.8,0.40194,5.3,3.408834809,6.34,hotspot
 cla6,cla4,cla3,helix,loop,1145.1,1475.7,1279.2,-35.85,8.3,11.6,-60.1,97.4,8.6,103.6,59.4,96.4,50.71,93.2,24,21.4,22.83,60.1,18,-5.516704162,19,8,39,-2.249761406,1.68,11.1,63.475,56.45,38,21,30,-0.211014944,0.512537518,-2.29,3.5,3.93,-0.62814,8.2,2.450142657,-1.45,nonhotspot
 cla3,cla5,cla6,helix,loop,1475.7,1145.1,1604.8,-54.41,60.1,48.5,-69.01,59.4,47.6,109.3,22.5,93.2,63.475,96.4,6,6.7,15.95,8.3,30,-14.9647562,12,10,32,-6.074517878,2.459,3.5,50.71,69.045,45,20,18,-0.875657562,0.987346594,3.93,11.1,-2.29,-0.27608,5.2,3.873490056,3.33,hotspot
 cla2,cla4,cla3,helix,loop,874.1,1475.7,1987.4,-42.6,27.2,6.8,-58.05,184.6,4.2,140.8,29.6,96.4,40.825,52.3,0,0,19.88,60.1,30,-21.57796641,24,6,40,-4.587155963,1.451,-5.5,63.475,93.59,62,20,30,-0.175058768,0.175058768,6.09,3.5,3.93,0.11716,5.3,1.924248652,6.34,nonhotspot
 cla5,cla1,cla2,helix,loop,1106.3,1377.6,1188.5,-42.32,24.5,61.3,-57.55,38.6,30.5,72.3,43.6,90.3,59.27,73.4,34,40.7,28.4,29.6,27,-8.077463221,15,9,37,-2.470926768,1.539,-2.8,63.365,58.72,26,19,21,-0.923304728,1.550487047,7.74,-0.3,4.67,-1.70868,-5.2,4.115616697,8.1,hotspot
 cla2,cla5,cla5,helix,loop,1377.6,1106.3,1271.4,-48.25,29.6,15.5,-64.87,26.9,11.2,91.4,10.6,73.4,63.365,90.3,0.2,0.4,23.28,24.5,21,-36.26896948,20,10,36,-5.427821873,2.21,-0.3,59.27,58.015,30,17,27,-0.86524087,0.875870805,4.67,-2.8,7.74,-0.23664,6.2,3.097385927,1.37,nonhotspot
 cla5,cla5,cla3,helix,loop,628.8,945.1,1271.4,-37.26,1.8,2.5,-78.91,26.9,1.2,91.4,90.1,68,29.015,43,71.5,103.2,26.75,31.9,17,-0.563675736,17,4,29,-0.172430555,1.004,3.4,46.795,58.015,30,11,22,-0.059590828,1.43399669,1.12,5.4,1.65,-0.29058,6.2,0.916290732,1.37,nonhotspot
 cla5,cla3,cla6,loop,helix,1604.8,931,1475.7,17.14,59.4,27.6,67.24,60.1,13.8,96.4,82.1,69.5,69.045,109.3,0.4,2.1,25.59,41.2,45,-12.13177369,24,11,48,-3.711155785,2.518,5.2,39.77,63.475,30,19,22,-0.43147827,0.482428216,3.33,8.5,-0.96,2.58448,3.5,3.417070731,3.93,hotspot
 cla6,cla5,cla5,loop,helix,931,1604.8,1343.4,-25.49,41.2,32.2,-122.24,105.5,23.9,106,39.9,109.3,39.77,69.5,36.4,40.7,25.52,59.4,22,-6.012005553,10,6,36,-2.451749753,1.417,8.5,69.045,56.545,45,17,45,-0.416245153,0.927730766,-0.96,5.2,3.33,0.90596,16.4,3.471345142,-3.37,nonhotspot
 cla5,cla6,cla5,loop,helix,2084.5,970.2,841.1,103.98,64,75.6,-69.73,26.5,37.5,55.7,59.8,67.2,93.21,133.2,9.6,10.3,54.81,0.8,35,-12.17442472,18,15,29,-3.724202895,3.389,0.6,46.18,34.38,13,17,18,-1.050162094,1.170054152,7.81,1.7,2.63,1.14666,6.8,4.337290741,0.32,nonhotspot
 cla3,cla2,cla4,loop,loop,498.6,724.8,940,-129.49,0,0,103.02,16.6,0,74.5,37.9,54.8,22.685,34.5,59.6,59.9,77.03,15.6,11,-0.624066217,0,3,13,-0.253321961,0.765,1,34.765,46.115,21,0,22,-0.057853684,1.564246957,0.73,4,0.81,0.55274,4.5,0,0.55,nonhotspot
 cla4,cla2,cla3,loop,helix,724.8,498.6,1153.2,-51.82,15.6,14.3,-82.66,55.7,10.1,81.8,62.4,34.5,34.765,54.8,165.4,162.4,83.43,0,22,-3.386657765,0,5,13,-1.177402568,1.047,4,22.685,52.105,25,4,11,-0.569665643,2.559960384,0.81,1,0.73,0.66178,1.7,2.656756907,2.32,nonhotspot
 cla6,cla2,cla4,loop,helix,824.8,724.8,1153.2,167.21,25.6,26.3,-122.1,55.7,19.5,81.8,91.5,54.8,34.72,57.2,81.1,102,85.39,15.6,21,-3.255926658,7,5,15,-1.327796076,1.342,3,34.765,52.105,25,6,22,-0.353870753,1.456338063,0.88,4,0.81,0.94424,1.7,3.090132949,2.32,nonhotspot
 cla4,cla2,cla6,loop,helix,1166.3,824.8,1601.9,87.33,77,57,-74.25,91.2,27,95.2,75.8,57.2,53.115,75.6,18.9,33,62.96,25.6,43,-19.98749717,22,8,30,-2.366546857,1.898,3,34.72,69.89,31,12,21,-2.154163365,3.514501749,4.05,3,0.88,1.67794,-3.8,4.040767961,7.02,nonhotspot
 cla4,cla4,cla3,loop,loop,546.5,964,1209.3,135.19,4.3,5.6,-65.52,81.6,2.7,63.7,89.7,55.9,23.68,33.7,79.9,94.6,37.55,18,8,-1.63327493,15,3,24,-0.193381974,0.868,-1.2,41.535,53.96,29,9,13,-0.17314941,3.45704684,2.93,-2.6,5.73,-0.09976,-9.7,1.348073148,10.1,nonhotspot
 cla3,cla6,cla3,loop,helix,647.6,560.6,802.8,-27.82,16.2,12.6,-56.18,20.6,16.2,71.9,52.2,49.8,33.995,63.2,44.6,45.7,26.86,1.6,17,-8.875072357,4,5,25,-2.515430334,0.668,8.2,28.185,39.265,21,7,10,-0.62826164,2.047238402,-1.7,6.2,-1.47,0.87174,8.4,2.537657215,-2.29,nonhotspot
 cla3,cla3,cla3,loop,loop,772,718.8,954.2,160.97,27.4,24.9,-140.04,75.8,31.9,64.3,31.3,65.3,39.91,59.5,3.9,3.8,26.83,1.4,29,-25.21266319,9,6,31,-7.145935858,1.029,1.6,39.95,46.545,27,16,19,-0.632181388,0.725141501,2.17,3.7,0.7,0.15602,-1.4,3.214867803,4.88,nonhotspot
 cla2,cla3,cla3,loop,loop,1259.5,772,954.2,157.52,13.3,7.8,-117.25,75.8,5.6,64.3,30.8,59.5,57.725,83.3,1,2,25.3,27.4,36,-34.15652677,17,9,37,-5.111684886,1.952,-2.2,39.91,46.545,27,21,29,-0.60183777,0.646910169,5.9,1.6,2.17,-1.102,-1.4,2.051556338,4.88,nonhotspot
 cla4,cla5,cla2,loop,helix,1987.4,1259.5,1461.7,12.3,184.6,135.2,66.77,50.8,64,110.7,56.9,83.3,93.59,140.8,4.3,5.1,29.11,13.3,62,-31.81719181,23,15,43,-3.767198796,3.064,5.3,57.725,63.34,35,16,36,-5.384405756,5.518480052,6.34,-2.2,5.9,2.51894,15.6,4.906903082,-2.29,hotspot
 cla2,cla3,cla4,loop,loop,1083.4,1987.4,954.2,128.44,14.6,13.1,-121.51,75.8,9.6,64.3,30.6,140.8,52.22,72.4,23.9,21.8,30.31,184.6,26,-12.13403826,13,8,31,-1.815915898,1.68,-0.1,93.59,46.545,27,12,62,-0.418203102,1.265377568,4.43,5.3,6.34,0.18734,-1.4,2.574899688,4.88,nonhotspot
 cla6,cla4,cla5,strand,loop,941,773.9,1209.3,156.11,54.2,37.1,-130.74,81.6,27.6,63.7,75.8,46,41.305,56.7,36.8,52.9,50.59,7.2,22,-6.473620089,8,6,19,-2.640000298,1.513,-1.5,35.475,53.96,29,11,22,-0.672247703,1.391471325,4.44,-0.8,4.2,0.25462,-9.7,3.458207636,10.1,nonhotspot
 cla5,cla3,cla6,strand,helix,773.9,941,893.1,125.16,7.2,16.2,-164.11,87,9.9,62,82.4,56.7,35.475,46,51.9,50.7,42.42,54.2,22,-3.288528071,10,5,30,-1.166025056,1.214,-0.8,41.305,40.705,33,16,22,-0.235424458,0.956888293,4.2,-1.5,4.44,1.09678,4.1,2.783775912,1.36,nonhotspot
 cla3,cla3,cla2,strand,helix,1322.6,805,1408.8,137.02,12.9,11.4,-123.32,30.2,14.6,99.6,53.9,56.4,58.175,86.3,2.1,0.2,27.53,5.8,29,-23.31909764,10,9,27,-6.609249276,2.142,2.3,41.49,62.955,33,13,22,-0.316717644,0.392789885,4.07,1,4.08,0.6032,9.2,2.602689685,-0.38,nonhotspot
 cla6,cla6,cla6,helix,helix,1330.5,1096.3,1567.7,-24.56,11.7,14.5,-59.42,50.8,14.1,126,70.1,81.6,63.535,108.6,10.2,7.7,29.56,52.1,26,-8.256326909,12,10,35,-3.226427638,1.881,13.4,52.005,68.15,40,15,24,-0.248801957,0.510687132,-1.22,5.7,1,0.77952,17.2,2.901970894,-3.8,nonhotspot
 cla6,cla5,cla6,helix,helix,1096.3,1330.5,1110.4,-13.98,52.1,63.4,-84.26,54.3,47.1,57.8,82.5,108.6,52.005,81.6,25.6,37.1,28.02,11.7,24,-8.736527979,16,8,39,-3.56283442,1.602,5.7,63.535,46.61,19,14,26,-1.078200145,1.653684505,1,13.4,-1.22,0.99238,-6.2,4.160600358,6.28,nonhotspot
 cla6,cla5,cla2,loop,helix,1215.4,1134.3,1343.4,84.89,46.2,18.9,-74.67,105.5,18.4,106,67.2,82.1,51.725,84.4,2.5,3.5,21.62,2.3,27,-13.54933458,10,8,26,-5.294842132,1.942,5.9,59.055,56.545,45,12,23,-0.300056456,0.375295201,1.43,2.6,4.34,1.34328,16.4,2.945491057,-3.37,nonhotspot
 cla2,cla3,cla6,loop,loop,1134.3,1215.4,660.7,-39.83,2.3,17.3,-87.8,4.8,12.6,46.2,57.1,84.4,59.055,82.1,32.4,29.1,29.1,46.2,23,-17.5965736,11,9,32,-2.633410005,1.598,2.6,51.725,35.78,20,12,27,-1.187491355,2.477653599,4.34,5.9,1.43,0.86536,-0.6,2.851861903,3.65,hotspot
 cla4,cla3,cla2,loop,loop,804.8,1134.3,660.7,-27.69,18.4,17.9,-55.28,4.8,12.7,46.2,89.2,82.1,47.995,69,90.4,104.2,44.71,2.3,26,-4.260996831,10,7,31,-1.481374547,0.946,2.4,59.055,35.78,20,7,23,-0.597077903,2.132575011,2.9,2.6,4.34,0.754,-0.6,2.880882432,3.65,nonhotspot
 cla5,cla5,cla4,loop,helix,1271.4,804.8,1343.4,4.54,26.9,35.1,-108.61,105.5,21.5,106,128.3,69,58.015,91.4,86.4,94.3,44.66,18.4,30,-5.765403663,4,9,22,-2.044259615,1.989,6.2,47.995,56.545,45,9,26,-0.87501226,2.028596321,1.37,2.4,2.9,-0.23026,16.4,3.560193446,-3.37,nonhotspot
 cla4,cla5,cla1,loop,helix,2044.3,1188.5,1343.4,-22.24,116.9,91.3,-61.94,105.5,43.2,106,24.3,72.3,91.79,143.3,0.1,0.5,21.42,38.6,60,-32.20931128,19,15,40,-3.813626275,3.178,4.9,58.72,56.545,45,16,26,-2.883932313,2.919760089,4.39,-5.2,8.1,3.10184,16.4,4.514588808,-3.37,hotspot
 cla1,cla5,cla3,loop,helix,970.1,1142.3,1106.3,111.81,15.9,36.8,-139.36,24.5,32.3,73.4,26.2,75.7,46.07,69.6,32.8,30.3,20.39,0.7,21,-25.16300815,13,7,34,-3.160656225,1.46,4.6,52.165,59.27,27,14,26,-1.599606181,3.163121175,1.37,1.2,3.49,-0.2291,-2.8,3.606584211,7.74,nonhotspot
 cla4,cla6,cla5,strand,helix,1173.3,1101.1,1567.7,130.71,0.4,4.7,-66.66,50.8,3.4,126,43.6,85.7,51.19,82.3,11.9,9.6,33.05,52.3,27,-2.180635981,18,8,35,-0.758118057,1.833,5.3,51.15,68.15,40,17,36,-0.026437969,0.184514054,1.05,4.2,0.67,0.53592,17.2,0,-3.8,nonhotspot
 cla5,cla4,cla4,loop,helix,1101.1,1173.3,777.8,136.31,52.3,44.2,-57.31,89.7,22,60.2,114.6,82.3,51.15,85.7,55.6,59,52.35,0.4,36,-5.184211824,12,8,33,-1.585870145,1.604,4.2,51.19,33.87,34,12,27,-0.525256905,1.374317587,0.67,5.3,1.05,0.26042,5.9,3.787592927,-0.64,nonhotspot
 cla4,cla4,cla5,loop,helix,1279.2,1101.1,777.8,19.48,97.4,105,53.7,89.7,98.9,60.2,119.2,85.7,56.45,103.6,19.4,19.8,40.41,52.3,38,-12.58531215,13,9,31,-5.505491333,1.853,8.2,51.15,33.87,34,17,36,-1.867980179,2.147430383,-1.45,4.2,0.67,0.91234,5.9,4.65396035,-0.64,nonhotspot
 cla3,cla6,cla4,loop,helix,1213.2,1279.2,1567.7,137.65,36.5,24.3,-155.31,50.8,31.1,126,80.4,103.6,56.865,102.9,5.6,8.4,42.16,97.4,37,-24.19093431,13,9,31,-6.856350859,1.688,11.5,56.45,68.15,40,17,38,-0.700886606,0.83790522,-2.5,8.2,-1.45,0.03,17.2,3.212455257,-3.8,nonhotspot
 cla4,cla3,cla4,strand,loop,789.8,1213.1,1201.2,110.66,41.8,32,-108.02,43.9,15.1,72.3,45.7,97.7,35.27,43.6,57,47.1,52.42,98,23,-17.46573006,15,5,34,-1.646796278,1.351,-9.6,64.21,59.925,36,20,47,-1.684822792,3.950159102,6.67,-3.7,3.96,3.43418,-12.5,3.465735903,10.45,nonhotspot
 cla4,cla1,cla6,loop,loop,1213.1,795.8,1046,150.65,98,67.8,-72.5,79.7,32.1,71.2,76.3,65.7,64.21,97.7,1.2,0.6,29.35,28.7,47,-39.36800173,16,10,35,-3.71190202,1.611,-3.7,40.77,53.095,31,22,24,-2.362023937,2.45690309,3.96,1.9,1.02,-0.4234,-9.9,4.189048498,6.76,nonhotspot
 cla3,cla1,cla4,strand,loop,773.8,1529.6,1046,119.72,31.1,7.5,-108.28,79.7,9.7,71.2,8.5,99.2,35.68,42.5,0,0,26.97,55.1,17,-27.45076698,15,5,31,-8.196721311,1.335,-10.4,70.655,53.095,31,21,34,-0.350984728,0.350984728,7.02,-7.3,8.1,-0.84448,-9.9,2.020222182,6.76,nonhotspot
 cla4,cla4,cla6,strand,loop,1529.6,914.9,1397.4,108.23,55.1,42.5,-107.96,110.2,20.1,85.4,44.8,44.9,70.655,99.2,6.3,2.8,45.96,31.6,34,-38.12205469,21,11,40,-3.594425056,2.487,-7.3,35.255,66.285,42,20,19,-2.238058105,2.404042608,8.1,-8.5,7.11,-10.8344,-6.4,3.750209709,10.35,nonhotspot
 cla5,cla6,cla1,loop,loop,1170.3,1030,1447.9,143.3,38.4,38.8,-66.45,33,23.7,110.5,67.2,80.2,58.175,97.4,31.6,27.1,58.53,0,25,-8.243000503,16,9,38,-3.153026156,1.649,8.5,52.855,69.24,28,21,15,-0.65617685,0.986304185,0.05,-0.8,2.92,-1.79278,11.6,3.67554089,0.36,nonhotspot
 cla6,cla4,cla4,strand,loop,914.9,1529.6,1397.4,124.72,31.6,16,-138.25,110.2,11.8,85.4,30.8,99.2,35.255,44.9,23.8,25.9,48.06,55.1,19,-5.71425294,12,5,28,-2.163731211,1.698,-8.5,70.655,66.285,42,16,34,-0.220354004,0.556501767,7.11,-7.3,8.1,-6.15728,-6.4,2.773213527,10.35,nonhotspot
 cla4,cla2,cla4,strand,loop,1626.6,1054.2,1184.3,112.58,80.3,54.7,-107,68.3,25.9,62.3,47,71.8,78.01,105.7,3.2,3.4,46.52,6.5,48,-38.87029701,18,12,41,-3.664974793,2.53,-5.5,53.335,54.09,34,19,19,-2.477334792,2.609840378,10.21,-5.6,5.98,1.05038,-12.5,4.035832291,11.17,nonhotspot
 cla6,cla4,cla4,strand,loop,1040,809.9,1397.4,132.86,23.1,18.5,-145.39,110.2,13.7,85.4,39.3,61.6,47.575,66.4,10.6,15.4,68.11,0,23,-7.483587673,14,7,28,-2.833698891,1.665,-3.6,40.89,66.285,42,15,15,-0.250493045,0.483048662,6.03,3.2,1.83,-1.90298,-6.4,2.975019232,10.35,nonhotspot
 cla3,cla2,cla6,loop,loop,1633.9,1477.7,1847.1,152.9,110.9,98.9,-67.9,74.9,55.7,119.4,58.5,108.4,88.485,127.7,8.9,9.2,36.24,82.9,48,-38.42597881,20,14,46,-4.024847852,2.122,1.6,68.935,88.85,31,17,34,-4.37435055,4.746009829,6.31,5.00E-16,3.68,-0.41876,-6.1,4.589751933,10.76,hotspot
 cla6,cla5,cla3,loop,loop,1477.7,1633.9,1454.7,42.25,82.9,80.3,47.64,80.9,78.2,103.4,38.9,127.7,68.935,108.4,6.1,20.3,37.34,110.9,34,-15.78938719,14,11,40,-5.516826799,2.196,5.00E-16,88.485,70.785,36,19,48,-1.761180305,2.114158402,3.68,1.6,6.31,3.07226,0.2,4.385520524,5.58,hotspot
 cla3,cla6,cla2,loop,loop,1488.6,1148.3,992,133.31,135.5,143.4,-83.72,35.8,80.8,79.6,90.8,68.5,69.785,102.6,30.3,37.5,52.35,5.2,51,-31.93645122,16,11,36,-3.345116014,2.226,0.3,45.73,45.255,28,16,27,-6.07967384,7.936583947,5.28,-2.3,3.72,-0.94714,9.5,4.965498448,-1.35,nonhotspot
 cla5,cla3,cla4,strand,loop,484.6,809.9,1016.2,123.61,4.4,2.8,-92.87,7.2,1.4,72.1,96.3,61.6,22.795,35.4,129.3,137.5,98.67,0,11,-0.269145361,7,3,22,-0.114776919,0.719,1.7,40.89,52.49,24,8,15,-0.037494919,1.355504028,0.53,3.2,1.83,-1.9343,-2.8,1.022450928,4.17,nonhotspot
 cla2,cla2,cla3,strand,loop,931.1,1059.1,1847.1,118.25,28.5,23.9,-87.68,74.9,17.3,119.4,20.3,72.2,46.51,64.7,25.2,23.6,49.08,52.9,22,-26.89799893,13,7,28,-2.375055968,1.35,-1.8,46.325,88.85,31,13,25,-1.234683758,2.856343928,3.39,-1.5,3.47,-1.45232,-6.1,3.172203417,10.76,nonhotspot
 cla5,cla4,cla6,helix,loop,1466.5,992,922.1,-34.19,85,100.1,-56.11,36.6,49.8,58,85.9,79.6,63.285,100.1,41.4,40.5,56.15,35.8,35,-6.996063623,17,10,32,-2.983468209,2.299,2.3,45.255,40.27,39,11,28,-1.050934275,1.461628825,3.52,9.5,-1.35,-0.25926,-0.9,4.606469342,3.28,hotspot
 cla4,cla3,cla4,helix,loop,607.6,1009.1,1059.1,-41.13,39.6,20,-63.49,52.9,13.6,72.2,63.2,75.9,28.335,46.5,79.8,81.1,43.44,37.5,21,0,10,4,31,0,0.903,1.5,45.775,46.325,25,9,31,0,0,0.08,1.4,0.9,1.40128,-1.5,3.180134997,3.47,nonhotspot
 cla4,cla3,cla4,helix,loop,1009.1,758.7,1059.1,-24.96,37.5,36,-88.18,52.9,25.5,72.2,85.1,59.7,45.775,75.9,23.9,15.6,49.28,11.1,31,-8.426937083,15,7,35,-3.320167752,1.51,1.4,34.41,46.325,25,15,18,-0.374025184,0.596044952,0.9,0.6,0.75,2.26374,-1.5,3.12544388,3.47,nonhotspot
 cla4,cla6,cla4,helix,loop,758.7,1009.1,1477.7,18.12,11.1,4.6,-133.09,82.9,3.2,108.4,63.8,75.9,34.41,59.7,8.6,6.4,35.02,37.5,18,0,16,5,36,0,1.111,0.6,45.775,68.935,34,16,31,0,0,0.75,1.4,0.9,0.62002,5.00E-16,1.547562509,3.68,nonhotspot
 cla5,cla6,cla5,helix,strand,1547.6,830.9,1017.1,-48.46,103.6,120,-66.34,37.7,59.6,82.7,116.8,68.2,74.315,132.3,37.2,34.3,60.67,74.9,39,-6.952863494,16,12,30,-2.965045533,2.065,20.4,40.235,45.765,24,16,24,-1.206257418,1.688074415,-4.72,11.3,-2.3,1.89428,14.5,4.786824854,-3.29,nonhotspot
 cla5,cla6,cla5,helix,loop,830.9,1547.6,976.1,-30.51,74.9,62.2,-58.32,57.9,30.9,81.4,115.9,132.3,40.235,68.2,102.7,117.6,80.61,103.6,24,-3.253410445,14,6,29,-1.387415432,1.168,11.3,74.315,45.815,25,10,39,-0.634385301,1.897271784,-2.3,20.4,-4.72,1.04806,14.6,4.130676491,-3.11,nonhotspot
 cla4,cla3,cla6,loop,loop,606.6,614.6,1488.6,22.37,16.6,10.7,72.19,135.5,10,102.6,39.6,48.6,28.815,50.5,84.8,95.7,100,34,13,-4.186275627,5,4,18,-0.857525206,0.78,5.2,28.595,69.785,51,10,17,-0.430973614,3.180875711,-0.61,1.7,0.16,1.63096,0.3,2.367436065,5.28,nonhotspot
 cla4,cla6,cla2,loop,loop,1209.3,1350.5,795.8,92.91,73.7,60.6,-131.77,28.7,41.3,65.7,64.7,114.9,57.45,92.7,34.6,28.3,54.8,10.3,39,0,10,9,28,0,1.79,4.1,70.045,40.77,24,14,33,0,0,1.14,9.4,-0.13,3.2596,1.9,4.158414223,1.02,nonhotspot
 cla4,cla6,cla2,loop,strand,1397.4,1184.3,914.9,151.86,110.2,87.4,-93.45,31.6,41.4,44.9,50.3,62.3,66.285,85.4,84.6,83.8,43.36,68.3,42,-21.95965671,10,10,30,-2.070516423,2.252,-6.4,54.09,35.255,19,9,34,-4.046476884,7.545684112,10.35,-12.5,11.17,0.82418,-8.5,4.439941707,7.11,nonhotspot
 cla6,cla3,cla4,loop,loop,992,372.3,1488.6,113.62,35.8,43.9,-146.12,135.5,32.6,102.6,64,36.2,45.255,79.6,27.9,31.4,62.89,4.2,28,-8.499582379,14,7,23,-3.218410502,1.361,9.5,17,69.785,51,13,9,-0.661949463,1.123911998,-1.35,8,-1.88,-2.46674,0.3,3.78191432,5.28,nonhotspot
 cla4,cla6,cla1,strand,loop,1362.5,892.9,1477.7,135.02,69.4,62.6,-149.25,82.9,42.6,108.4,42,63.8,63.82,97.4,24.6,23.2,39.55,13.2,38,0,17,10,40,0,2.043,0.3,40.15,68.935,34,17,21,0,0,3.61,0.7,1.1,2.50444,5.00E-16,4.137084716,3.68,nonhotspot
 cla3,cla6,cla3,strand,strand,1647,999.2,1283.4,131.69,89.8,65.7,-104.56,40.6,37,100.6,12.6,77,74.57,116.6,4.8,2,19.23,2.3,47,-34.23377982,21,12,35,-4.190219762,2.444,2.9,46.065,57.24,24,17,26,-2.425005133,2.527204459,2.56,6.5,-0.9,0.34394,9.8,4.187834905,-0.97,hotspot
 cla3,cla3,cla5,strand,loop,1461.9,1153.4,1112.3,156.29,53.4,41.5,-134.9,64.9,40.8,86.1,65.6,88,69.195,98.1,6.2,4.8,7.94,46.8,36,-21.05205876,14,11,27,-6.282129015,2.179,-2.5,58.27,51.95,34,18,39,-1.803711008,1.966560215,4.55,2.5,1.91,-0.9454,7.3,3.725693427,-0.53,nonhotspot
 cla3,cla3,cla5,strand,loop,923.2,1805.1,1133.3,144.17,11.9,11.3,-158.54,86.2,11.1,79,33.5,126.3,39.54,58.6,6.9,6.6,31.45,137.8,25,-16.0086849,11,6,24,-4.777139618,1.526,1,86.095,51.12,34,17,48,-0.231067038,0.331296774,2.21,-4.1,4.88,-0.841,0.7,2.423917378,1.51,nonhotspot
 cla2,cla6,cla2,strand,strand,517.7,717,1518.6,77.8,0,0,-132.55,20,0,116.9,45.7,48.6,23.185,33.7,67.4,79.1,17.53,0.2,14,-1.579491525,6,3,20,-0.193421424,0.846,1.7,34.51,75.56,33,13,19,-0.146344556,4.203388096,1.86,0.8,2.06,-0.44776,1.7,0,2.36,nonhotspot
 cla6,cla4,cla5,strand,loop,534.6,484.6,615.6,159.1,15.4,22.1,-69.81,17.4,21.5,60.1,78.7,39.7,22.91,41,43,63.6,72.78,0,9,-2.898158132,5,3,20,-1.239893714,0.802,3.9,23.24,28.935,7,8,14,-0.232201234,1.240232527,-1.02,4.4,-0.28,-0.57014,12.2,2.661657162,-3.39,nonhotspot
 cla3,cla3,cla5,loop,loop,1052.2,887,1588.8,-3.37,16.5,8.9,-123.18,72.8,8.8,120.7,47.7,61.3,45.255,71.5,91.1,99.1,33.82,3.5,24,-5.532848271,4,7,17,-1.65105309,1.657,4.3,39.85,67.875,41,9,19,-0.719103452,2.983166406,0.84,3.8,0.54,-0.77546,14.5,2.182674796,-2.55,nonhotspot
 cla1,cla6,cla3,loop,helix,741.8,1052.2,1119.3,-81.89,5.7,7.2,-138.85,70.6,6.3,90,34.6,71.5,33.795,60.1,81.4,73.7,69.65,16.5,19,-11.44250114,2,5,16,-1.670862737,1.069,9.1,45.255,50.745,32,6,24,-1.274281806,4.76655629,-1.91,4.3,0.84,-1.22032,11.8,1.967112357,-2.52,nonhotspot
 cla4,cla6,cla1,loop,helix,768.9,741.8,1119.3,54.05,0.4,0.7,-73.36,70.6,0.6,90,83,60.1,33.81,62.8,51.4,55.4,41.74,5.7,22,-0.319016459,9,5,19,-0.128475562,1.18,12.5,33.795,50.745,32,8,19,-0.018200727,0.89662559,-3.16,9.1,-1.91,1.1,11.8,0,-2.52,nonhotspot
 cla5,cla3,cla4,helix,helix,1243.4,543.6,1322.4,-41.93,46.6,56.7,-60.6,42.9,34.7,82.9,61,35.8,51.9,82.2,17.8,15.6,22.01,1.3,24,-7.971833756,18,8,52,-3.654125296,2.058,3.2,22.79,58.485,26,12,13,-0.597469271,0.774907177,2.93,-0.6,1.3,0.14152,-7.2,4.075501474,6.3,hotspot
 cla4,cla6,cla3,loop,helix,1024.2,804,1787.1,57.03,4.2,1.7,45.11,104.8,1.6,127.5,14.5,47.1,45.385,78.3,19,28.4,15.73,2.4,24,-1.938357974,9,7,40,-0.361577145,1.542,9.3,34.265,80.545,42,14,28,-0.058703896,1.027563961,-0.47,-2.4,4.19,0.2436,6.3,0.996948635,3.38,hotspot
 cla5,cla6,cla4,loop,helix,1129.2,1024.2,1787.1,-32.52,135.9,151.5,-63.34,104.8,75.2,127.5,102.5,78.3,52.035,85.1,26.5,45.1,20.67,4.2,44,-10.44580108,18,8,47,-3.172816303,1.629,7.6,45.385,80.545,42,11,24,-2.106299453,2.754597468,1.47,9.3,-0.47,-0.51156,6.3,5.007162605,3.38,hotspot
 cla6,cla2,cla5,loop,helix,870,1129.2,913,-3.84,47.8,67.5,-88.79,33.6,50,63.6,83.1,85.1,39.64,75.2,42.8,76.8,21.02,135.9,22,-5.958024167,12,6,41,-2.524822067,1.22,14.2,52.035,40.55,22,9,44,-0.811046222,1.755350061,-2.91,7.6,1.47,0.58406,4.3,4.213312081,2.15,nonhotspot
 cla6,cla6,cla3,strand,helix,1294.6,1551.7,1936.1,161.97,9.8,10.1,-138.98,111.4,7.5,138,13.2,117.3,51.585,79.6,7.4,5.8,16.47,68.4,23,-8.165363232,18,8,44,-3.460222499,2.24,5,68.66,86.82,36,17,55,-0.11364594,0.179472871,2.38,8.9,-0.02,-0.14326,4.7,2.863913699,2.24,hotspot
 cla5,cla6,cla4,strand,helix,1221.3,824,1936.1,149.14,23,3.8,-141.16,111.4,1.9,138,8.2,53.2,50.645,89.9,0.1,0,15.33,16.1,22,-13.66091473,20,8,46,-4.149377593,1.86,9.2,33.4,86.82,36,20,18,-0.06547594,0.06547594,-2.02,3.5,0.09,1.25396,4.7,1.363537374,2.24,hotspot
 cla4,cla6,cla6,loop,helix,1510.6,630.6,1936.1,52.35,143.6,96.9,56.2,111.4,65.8,138,23.9,49.3,75.685,119.5,1.1,0.2,15.78,2,45,0,18,12,44,0,2.044,2.9,28.565,86.82,36,17,15,0,0,1.16,0.7,0.06,2.0242,4.7,4.584559232,2.24,hotspot
 cla3,cla5,cla3,loop,loop,1675.7,1131.1,1538.7,0.29,113,86.6,-82.78,110.3,48.8,100.4,64.8,90.4,74.75,123.5,58.5,62.2,19.67,11.5,42,-13.49647004,18,12,37,-2.512967514,2.534,6,58.42,62.975,37,9,38,-2.305953747,4.007082051,0.6,-0.9,1.93,1.61994,5.4,4.479720335,2.23,hotspot
 cla6,cla5,cla2,helix,loop,1787.1,913,1129.2,-40.67,104.8,111.6,-69.05,135.9,108.7,85.1,16.5,63.6,80.545,127.5,2.9,2,14.93,33.6,42,-18.39233288,12,13,42,-6.551188189,2.72,6.3,40.55,52.035,44,19,22,-2.452563538,2.479266687,3.38,4.3,2.15,0.81142,7.6,4.740836797,1.47,hotspot
 cla6,cla5,cla4,helix,loop,1936.1,1691,1538.7,-45.13,111.4,84.1,-59.44,110.3,81.8,100.4,14.8,124.9,86.82,138,3.1,1.2,15.03,58.8,36,-18.11399218,20,14,46,-6.452045664,3.006,4.7,81.66,62.975,37,22,49,-1.658766667,1.702593299,2.24,6.4,4.47,2.40062,5.4,4.467286479,2.23,hotspot
 cla3,cla5,cla1,helix,helix,1322.4,1001.1,1243.4,-11.52,42.9,18.8,-94.09,46.6,18.5,82.2,19.4,71.3,58.485,82.9,20.1,27.5,19.48,59.8,26,-9.452704018,17,9,46,-4.014139531,2.183,-7.2,46.6,51.9,24,14,21,-0.73215488,1.249273826,6.3,1.3,2.3,-0.0087,3.2,2.932259851,2.93,nonhotspot
 cla6,cla5,cla4,helix,loop,570.6,1691,1129.2,-34.76,40.9,21.7,-68.81,135.9,16.2,85.1,82.7,124.9,23.14,34.1,52.9,62.2,37.59,58.8,9,-3.6728941,8,3,36,-1.55645627,0.991,1.1,81.66,52.035,44,8,49,-0.319182769,1.120602083,1.82,6.4,4.47,-0.92568,7.6,3.18221184,1.47,nonhotspot
 cla3,cla3,cla4,helix,helix,732.9,503.6,889,-38.33,58.1,10.6,-60.5,53.8,10.9,83.7,7.5,45.7,41.165,58.9,9.2,7.1,35.06,22.2,21,-58.68584707,14,6,33,-5.380121105,0.863,1,29.16,52.285,22,16,19,-3.052142231,4.052142231,3.69,3.8,0.22,0.03248,6.4,2.361796953,0.26,nonhotspot
 cla4,cla3,cla3,loop,helix,503.6,732.9,889,-3.86,22.2,6.4,-86.03,53.8,6,83.7,90.7,58.9,29.16,45.7,72.8,87.9,38.37,58.1,19,-2.851158377,6,4,31,-1.159223837,0.589,3.8,41.165,52.285,22,10,21,-0.302372663,1.650889994,0.22,1,3.69,0.41818,6.4,1.857859271,0.26,nonhotspot
 cla3,cla3,cla3,loop,loop,751,438.5,1054.3,173.03,39.4,5.3,-136.91,123.9,5.2,88.2,75.8,33.2,40.455,57.5,7.5,21.3,25.95,5.6,18,-10.94111343,14,6,21,-2.00315329,0.981,-1.4,22.7,57.64,42,12,17,-0.432906299,1.480222033,2.16,-2.1,1.14,0.28014,2.2,1.673351238,1.44,nonhotspot
 cla3,cla3,cla3,loop,loop,438.5,751,1054.3,-23.1,5.6,0,-99.49,123.9,0,88.2,74.7,57.5,22.7,33.2,71.2,105.4,34.22,39.4,17,-0.964954996,0,3,14,-0.318815999,0.53,-2.1,40.455,57.64,42,3,18,-0.109029446,2.803134045,1.14,-1.4,2.16,0.0348,2.2,0,1.44,nonhotspot
 cla3,cla3,cla3,loop,loop,680.8,438.5,1054.3,164.98,13,6.6,-148.94,123.9,8.4,88.2,33.2,33.2,34.52,50.4,35.9,33.8,26,5.6,21,-5.00852911,4,5,17,-1.654791384,0.867,-0.9,22.7,57.64,42,5,17,-0.24072052,1.192367227,2.2,-2.1,1.14,-0.00638,2.2,1.880990603,1.44,nonhotspot
 cla6,cla5,cla3,helix,helix,1081.3,680.8,797.9,-44.14,104,100.5,-55.58,44,74.6,50.3,81.1,50.4,52.115,69.3,24,27.1,29.6,13,29,-9.489070921,12,8,36,-4.491254432,1.62,-3,34.52,34.315,13,12,21,-1.372191964,1.669537288,5.16,-0.9,2.2,2.0735,0.2,4.622911867,1.45,nonhotspot
 cla2,cla3,cla1,helix,helix,1373.7,973.1,1248.6,-48.83,36.9,33.4,-59.31,23.7,23.6,90.3,14.5,69,70.16,86.9,0.5,0.6,20.33,53.6,25,-30.00800978,23,11,35,-5.52243783,1.967,-11,52.89,63.15,23,19,22,-0.728729861,0.73310001,9.5,-3.2,5.78,0.44602,-3.2,3.523709956,3.97,hotspot
 cla1,cla2,cla2,helix,strand,973.1,1373.7,1822.1,-43.86,53.6,61.5,-56.97,162.6,53.8,119.1,41.2,86.9,52.89,69,24.8,22.6,26.51,36.9,22,-77.22011941,10,8,28,-4.55344637,1.374,-3.2,70.16,86.42,49,14,25,-6.261134089,8.593949478,5.78,-11,9.5,0.6467,-7.3,4.12131101,7.76,hotspot
 cla1,cla2,cla3,helix,strand,1293.7,613.6,1822.1,-39.34,33.4,16.2,-61.95,162.6,14.2,119.1,7.4,53,64.295,79.9,0,0,21.39,16.9,22,-105.9913101,14,10,33,-6.25,1.966,-7.3,35.085,86.42,49,17,14,-1.468315275,1.468315275,9.08,2.6,1.07,0.92336,-7.3,2.785011242,7.76,nonhotspot
 cla3,cla5,cla1,helix,loop,613.6,1293.7,1176.2,-50.58,16.9,19.2,-61.41,64.4,19,92.4,60.7,79.9,35.085,53,35.7,28.1,22.75,33.4,14,-13.68270228,9,5,30,-2.505096967,0.758,2.6,64.295,63.8,45,9,22,-0.669451774,1.83038269,1.07,-7.3,9.08,0.00174,-1.3,2.956991445,4.08,nonhotspot
 cla6,cla5,cla1,helix,loop,995,1293.7,1176.2,-42.64,51.6,32.8,-59.57,64.4,24.4,92.4,73.6,79.9,51.595,88.5,19.6,23.8,24.5,33.4,24,-7.309709266,18,8,37,-3.459744838,1.309,7.1,64.295,63.8,45,14,22,-0.39369021,0.62181251,-1.27,-7.3,9.08,0.08526,-1.3,3.491647285,4.08,hotspot
 cla3,cla5,cla2,loop,helix,708.7,506.5,1278.2,-12.42,5.4,2.1,-73.75,46.2,2.8,121.1,70,47.9,40.88,70.1,32.7,34.1,32.67,5.2,25,-4.684724773,6,6,29,-1.547808153,0.809,6.1,29.235,69.635,25,12,15,-0.195706636,1.036402834,-0.99,2.8,-0.18,0.13282,10.9,0.760805829,-1.47,nonhotspot
 cla1,cla5,cla3,loop,helix,837.8,708.7,1278.2,-135.15,9,8.6,60.17,46.2,26.7,121.1,23.5,70.1,46.665,82.4,1.8,0.6,26.29,5.4,26,-30.26524252,9,7,27,-11.02898114,0.96,9.1,40.88,69.635,25,16,25,-0.233777709,0.249372626,-1.63,6.1,-0.99,0.64786,10.9,2.171336806,-1.47,nonhotspot
 cla3,cla4,cla1,loop,loop,1646.9,837.8,1060.2,-3.52,37.5,33.4,-75.69,28.2,42.8,88,33.2,82.4,80.88,123.1,0,0,22.46,9,41,-24.80887784,11,13,34,-8.196721311,2.318,2,46.665,51.43,21,18,26,-0.880262792,0.880262792,3.3,9.1,-1.63,0.6293,8.6,3.508855256,-0.71,hotspot
 cla6,cla5,cla3,helix,helix,990.1,1646.9,1278.2,-24.76,36.8,36.6,-63.55,46.2,35.7,121.1,18.7,123.1,52.275,85.1,27,30.8,23.62,37.5,29,-8.177105797,10,8,35,-3.78175863,1.25,5.9,80.88,69.635,25,15,41,-0.546203554,0.956497343,0.22,2,3.3,0.84796,10.9,3.60114054,-1.47,hotspot
 cla3,cla2,cla3,loop,strand,1588.9,1600,1822.1,66.32,101.4,90.6,-138.82,162.6,51.1,119.1,29.8,106.2,75.63,103.6,61.2,72.6,28.78,130.1,50,-23.56654611,17,12,38,-2.32010798,2.361,-6.1,81.145,86.42,49,15,58,-3.754527006,7.066616974,7.76,-9.5,9.89,1.81424,-7.3,4.506785284,7.76,hotspot
 cla2,cla4,cla3,loop,loop,881,1588.9,1177.4,160.15,3.6,5.4,-68.53,71.7,4.5,83.9,11.2,103.6,41.065,63.2,21.3,41.1,41.99,101.4,18,-2.020448168,11,6,27,-0.688830733,1.257,1.6,75.63,58.58,36,13,50,-0.092049856,0.934489793,2.3,-6.1,7.76,0.1218,-0.9,1.688249093,4.85,nonhotspot
 cla3,cla3,cla3,loop,loop,1065.1,661.7,1355.4,-61.94,42.8,37.9,-72.56,62.7,37.3,111.4,76,51.5,59.175,70.8,23.4,28.5,35.99,4.1,26,-11.504969,11,9,32,-3.824756018,1.383,-9.5,34.765,82.86,27,18,24,-0.756635514,1.354971404,7.67,0.6,0.89,-0.06264,-0.8,3.633895146,5.86,nonhotspot
 cla5,cla3,cla3,loop,loop,1830.9,1200.3,529.6,23.03,130,142.8,-108.68,51.7,87.5,52.7,110.6,84.2,112.94,156.1,4.8,4,20.47,45,47,-7.769204776,20,18,50,-4.675315381,2.027,-1.9,65.6,35.2,13,32,31,-1.471494213,1.491644018,8.35,-5.7,8.18,8.90126,1.6,4.994709144,0.46,hotspot
 cla5,cla2,cla1,loop,strand,1458.8,1291.5,1093.3,80.96,145.9,163.5,-146.23,42,81.2,68.6,90.3,94.6,75.585,98.4,12.3,10.4,43.89,43.9,45,-7.33868143,19,12,36,-3.736494321,2.168,-8.3,70.64,53.195,42,23,30,-1.518404945,1.686188956,8.93,-2.3,6.3,-0.5452,-3.8,5.096751826,7.12,nonhotspot
 cla2,cla2,cla2,strand,loop,587.8,1144.4,915.1,126.35,39.5,69.2,-90.06,101,50.1,55.4,25.8,70.2,29.795,34.5,32.5,43.9,31.8,11.5,17,-12.97395199,12,4,28,-1.699123753,0.907,-4.6,59.06,40.48,41,14,24,-1.739601155,5.625398436,5.84,-9.1,9.37,0.50054,-2.8,4.23757873,4.95,nonhotspot
 cla1,cla3,cla3,strand,loop,861.2,1065.1,1355.4,111.26,21.5,27.7,-96.5,62.7,24.2,111.4,33.3,70.8,40.555,46.3,32.4,33.6,20.27,42.8,13,-12.26755991,11,6,36,-1.220269196,1.422,-6.3,59.175,82.86,27,16,26,-0.852470278,4.366199896,7.09,-9.5,7.67,-0.47908,-0.8,3.321071337,5.86,nonhotspot
 cla5,cla2,cla3,loop,loop,833.1,1038.1,469.7,59.42,52.3,64.8,54.82,33.3,32.2,29.8,87.4,76.7,41.49,49.5,94.3,101.3,54.4,23.1,26,-3.525003878,9,6,30,-1.794757968,1.282,-3.6,59.49,23.18,17,12,24,-0.604862287,1.398406953,5.67,-3.2,5.77,0.27434,-0.3,4.170996914,2.45,nonhotspot
 cla1,cla2,cla2,strand,loop,1696.1,1322.6,1126.4,-61.04,72.8,64.9,-91.91,71.5,56.8,62.7,29,73.1,75.78,89.8,0,0,22.25,65.3,28,-50.98950107,15,12,27,-6.25,2.896,-18.1,65.88,52.71,34,17,33,-4.221388941,4.221388941,14.31,-12.4,13.16,2.38438,-8,4.173463767,8.82,hotspot
 cla4,cla4,cla1,strand,helix,1734,1696.1,1057.3,159.03,143.4,139,-168.21,50.4,65.8,55,98.1,89.8,88.225,110.4,45.5,54.5,24.04,72.8,63,-17.53547217,15,14,28,-2.792369777,2.585,-14.2,75.78,46.425,36,17,28,-3.509761304,4.852939627,13.72,-18.1,14.31,2.50908,-10.6,4.886356205,8.59,hotspot
 cla5,cla5,cla6,helix,strand,585.7,562.7,1532.7,-12.35,8.1,0,-61.79,46.1,0,119.3,86.7,41,29.015,55.9,91.6,95.5,64.08,34.9,15,-0.774284181,7,4,27,-0.344810889,0.766,11.5,22.665,69.33,39,7,18,-0.084380979,1.159794728,-3.23,6.7,-1.81,0.30914,13.6,0,-2.77,nonhotspot
 cla4,cla6,cla5,loop,loop,651.7,861.9,1006.1,132.09,37.9,27,-124.03,55.1,18.3,69.8,41.1,55.4,28.47,58.2,34.8,31.4,35.96,9.3,24,0,13,4,46,0,0.95,11.5,33.46,39.675,33,15,19,0,0,-3.41,0.1,0.22,0.36656,6.9,3.295466427,-1.51,nonhotspot
 cla2,cla3,cla1,loop,loop,940.1,560.7,654.7,144.84,31.2,49.5,-86.56,36.2,35.9,44.2,31.9,37.6,46.68,65.4,41.1,34.7,37.87,14.9,29,-31.88922545,11,7,36,-3.09726694,1.354,-2.3,29.435,35.175,17,14,16,-2.695234165,4.781305329,3.44,-2.6,2.99,0.06322,-6.8,3.902982261,3.98,hotspot
 cla3,cla6,cla2,loop,strand,2098.3,940.1,1305.5,78.54,199.5,165.7,-82.12,29.1,93.4,72,50.1,65.4,98.995,142.7,9.4,9.4,21.3,31.2,60,-30.93042948,17,16,45,-4.238574134,3.127,-2.6,46.68,51.415,22,15,29,-5.898308209,6.07676157,6.42,-2.3,3.44,1.51554,-2.6,5.110299617,3.7,hotspot
 cla3,cla3,cla1,loop,loop,654.7,739.8,2098.3,-14.39,36.2,18,-99.3,199.5,17.7,142.7,36.3,46.4,35.175,44.2,46,46.9,31.41,28.5,17,-11.05220694,4,5,22,-3.494961906,0.89,-6.8,34.49,98.995,60,9,27,-1.028718784,2.01605032,3.98,-3.5,2.39,-0.51562,-2.6,2.892037037,6.42,nonhotspot
 cla3,cla3,cla1,loop,loop,1185.1,739.8,2098.3,174.51,30.7,22.1,-149.9,199.5,12.5,142.7,52.3,46.4,58.27,89.2,31.1,29.7,34.2,28.5,39,-15.02353967,17,9,41,-2.058761799,1.66,0.6,34.49,98.995,60,17,27,-0.938071745,1.989731482,2.01,-3.5,2.39,-0.10092,-2.6,3.097385927,6.42,nonhotspot
 cla4,cla3,cla1,loop,loop,1714.7,899,1373.6,166.47,100.9,79.7,-80.44,30.4,37.7,83.5,78.7,53.6,81.22,119.6,8.9,9,24.19,18.1,49,-27.75798433,19,13,46,-3.577089001,2.454,-6.1,40.99,57.765,37,18,21,-2.113946959,2.2817317,5.22,-7.2,5.46,1.5283,-2.9,4.181439269,3.94,hotspot
 cla6,cla4,cla1,loop,loop,1040.1,899,1136.1,-2.14,44.8,65.2,-87.41,70.1,63.5,87.8,66.4,53.6,46.475,67.1,13.1,39.9,34.95,18.1,24,-9.867359347,11,7,32,-3.293147521,1.61,-4.6,40.99,51.675,25,14,21,-1.151269665,2.31520221,4.38,-7.2,5.46,0.8004,5.1,4.177919486,0.1,hotspot
 cla4,cla4,cla3,loop,loop,644.6,589.6,1136.1,149.18,21.8,53.9,-75.13,70.1,50.7,87.8,86.8,49.4,28.555,49.1,35.8,40.6,27.6,6.9,21,-5.304983187,8,4,32,-1.618785501,0.936,1.4,28.325,51.675,25,9,17,-0.479635044,1.875273057,0.92,3.5,-0.1,-0.1421,5.1,3.974434266,0.1,nonhotspot
 cla6,cla4,cla3,strand,loop,661.7,589.6,1136.1,133.95,16.4,42.8,-146.25,70.1,41.7,87.8,67.7,49.4,28.83,43.2,19.9,19.8,24.92,6.9,14,-7.724092624,11,4,34,-2.577850424,1.023,-1.9,28.325,51.675,25,15,17,-0.348684129,0.895772072,2.75,3.5,-0.1,0.23896,5.1,2.64900766,0.1,nonhotspot
 cla6,cla3,cla5,strand,loop,1305.5,1532.7,2098.3,118.26,29.1,21.2,-107.17,199.5,15.7,142.7,45.6,119.3,51.415,72,0,0,27.98,46.1,22,-13.49285758,19,8,37,-5.464480874,2.257,-2.6,69.33,98.995,60,15,39,-0.20663374,0.20663374,3.7,13.6,-2.77,0.66294,-2.6,2.004179057,6.42,hotspot
 cla5,cla5,cla6,strand,helix,1532.7,1305.5,585.7,126.82,46.1,60,-123.96,8.1,29.8,55.9,67.5,72,69.33,119.3,49.3,44.5,58.1,29.1,39,-9.536548809,14,11,41,-2.389746904,2.207,13.6,51.415,29.015,15,13,22,-0.994720058,1.72715743,-2.77,-2.6,3.7,0.52722,11.5,4.093677673,-3.23,nonhotspot
 cla6,cla4,cla5,loop,loop,1006.1,1532.7,651.7,41.87,55.1,46.9,40.31,37.9,45.7,58.2,32.1,119.3,39.675,69.8,32.5,43.1,33.89,46.1,33,-12.09024455,12,6,44,-4.03501661,1.618,6.9,69.33,28.47,24,16,39,-1.282388069,2.104733892,-1.51,13.6,-2.77,0.66874,11.5,3.849083206,-3.41,hotspot
 cla3,cla1,cla6,loop,loop,1573.8,1006.1,853.9,33.65,97.1,121.2,74.36,36.4,68.3,47.8,37.9,69.8,62.67,101.1,22.7,25.5,34.04,55.1,43,-23.82042777,20,10,52,-3.264249824,2.651,7.7,39.675,34.465,22,12,33,-2.321159041,3.105174612,-0.3,6.9,-1.51,0.4669,-4.8,4.21980178,2.94,hotspot
 cla6,cla5,cla2,loop,loop,602.7,571.6,945.1,83.45,51.6,32.4,-97.82,63.4,31.5,73.9,96.1,41.1,29.57,44.4,89.5,107.3,41.63,23.5,21,-4.011797295,2,4,25,-2.351737745,0.893,2.2,30.255,46.98,26,3,15,-0.648704366,1.826757858,1.14,-0.8,2.85,-0.04582,5.4,3.47908392,1.47,nonhotspot
 cla3,cla5,cla6,strand,loop,1215.5,602.7,945.1,135.08,115.6,84.2,-58.08,63.4,47.5,73.9,86.7,44.4,58.955,86.5,46.2,66.6,32.54,51.6,42,-10.91238634,6,9,45,-2.656622026,1.827,5.1,29.57,46.98,26,10,21,-1.654880472,2.720203404,3.01,2.2,1.14,0.07076,5.4,4.568091178,1.47,nonhotspot
 cla2,cla3,cla3,loop,loop,1466.8,1215.5,1046.3,138.47,55,89.6,-54.73,40.2,63.5,69.5,81.1,86.5,76.235,109.8,8.6,18.8,29.02,115.6,34,-26.02506511,20,12,39,-4.47876986,2.029,0.4,58.955,52.295,31,16,42,-3.116777341,3.866112842,5.64,5.1,3.01,-0.76676,-2.8,4.495466921,4.79,nonhotspot
 cla6,cla5,cla2,loop,loop,1005.4,1466.8,945.1,118.23,6.1,12.4,-113.82,63.4,12.1,73.9,105.4,109.8,46.995,65.1,54.9,45.5,45.8,55,18,-2.653356185,4,7,31,-1.555412059,1.634,0.6,76.235,46.98,26,6,34,-0.207284545,0.882560555,4.22,0.4,5.64,0.41354,5.4,2.520917087,1.47,nonhotspot
 cla2,cla2,cla6,helix,strand,1159.6,1005.4,1277.8,-37.46,92,85.7,-69.62,70.7,62.1,69.7,46.6,65.1,59.51,66.1,6.7,6.2,28.82,6.1,38,-83.73886708,15,9,37,-5.078619864,1.808,-11.1,46.995,64.74,30,12,18,-6.887556955,7.451575537,12.01,0.6,4.22,-1.29108,-15.7,4.450502706,13.48,hotspot
 cla2,cla3,cla2,helix,helix,1576.1,1104.4,1124.5,-32.15,123.5,89.6,-60.06,97,54.6,69.6,55.3,61.1,82.635,104.8,15.7,12,45.37,56.2,52,-45.24158201,20,13,37,-3.927530806,2.334,-8.2,52.9,52.09,32,14,23,-5.105416505,5.962866473,11.12,-11,9.81,2.44586,-4.1,4.504576071,6.59,hotspot
 cla2,cla4,cla2,helix,strand,1104.4,1576.1,615.7,-32.88,56.2,64.4,-75.72,16.9,45.6,37,41.1,104.8,52.9,61.1,12.4,21.6,47.53,123.5,23,-24.54585551,12,8,31,-4.224206062,1.804,-11,82.635,29.105,9,9,52,-2.197275238,2.88979384,9.81,-8.2,11.12,-0.93438,-5.4,4.209011637,4.27,hotspot
 cla4,cla3,cla5,helix,helix,891.1,649.8,1124.5,-45.31,51.8,67.4,-74,97,47.8,69.6,58,45.7,40.35,61.1,51.6,64.3,65.78,0.9,14,-4.732019657,10,6,25,-2.345410518,1.381,0.8,28.665,52.09,32,9,14,-0.599734356,1.352939124,2.52,2.4,1.04,0.2262,-4.1,4.011144096,6.59,nonhotspot
 cla4,cla4,cla5,helix,helix,995.2,739.9,1621,-42.33,21.9,?,-55.65,92.5,?,114.5,78.9,55.7,45.25,76.1,?,41.9,36.82,13.4,19,-7.596277937,8,7,21,-3.419864754,1.51,6.8,34.505,74.585,38,9,18,-0.698599844,1.292892649,-0.14,4.6,0.9,-0.77314,3.2,3.828641396,4.41,nonhotspot
 cla2,cla4,cla4,helix,helix,1391.8,838.1,1621,-31.7,13.8,?,-72.83,92.5,?,114.5,54.7,58.9,63.215,90.2,?,0,39.26,0.8,27,-61.95485014,16,10,28,-5.494505495,2.268,-1.8,40.45,74.585,38,15,16,-1.901486792,1.901486792,5.88,5.55E-17,3.17,0.812,3.2,3.239070532,4.41,hotspot
 cla5,cla2,cla2,helix,loop,1102.4,743.1,1063.1,-30.4,46.7,?,-85.7,0.4,?,85.3,124.8,42.3,52.275,73.4,?,63.8,32.29,13.9,22,-4.600413297,14,8,24,-2.325514048,1.733,-4.1,35.13,50.98,16,9,12,-0.629639663,1.283189079,5.48,-4.7,5.88,0.22156,3.2,4.090001813,0.68,nonhotspot
 cla3,cla1,cla1,helix,loop,682.7,875.1,483.4,25.74,3.8,27.6,-93.87,0.2,27.2,43.8,34.9,73.8,41.475,63.2,29.8,24,25.04,27.8,13,-9.586894126,9,6,22,-3.828612583,0.795,3.6,46.02,29.755,6,12,19,-0.533988218,0.955294763,0.88,6.6,-0.57,0.1914,1.1,3.317453388,1.56,nonhotspot
 cla6,cla2,cla5,helix,loop,1192.6,1781,1593,-56.31,75.9,59.6,-47.98,72.2,44.3,94.9,103,137.9,58.36,81.8,1.4,1.4,24.06,132.9,44,-12.56716585,17,9,32,-5.422862222,1.849,-0.7,86.705,68.835,27,19,47,-0.716608375,0.722108104,5.03,8.4,1.55,1.50452,-4.7,4.087823345,7.44,hotspot
 cla5,cla6,cla6,helix,strand,1781,1192.6,890.1,-32.72,132.9,135.3,-58.13,26.8,82.8,57.6,103,81.8,86.705,137.9,8.6,5.4,36.93,75.9,47,-9.414679603,18,14,30,-4.484711358,2.478,8.4,58.36,40.735,21,15,44,-1.420766891,1.50143272,1.55,-0.7,5.03,-0.04466,0.3,4.902530275,3.76,nonhotspot
 cla5,cla4,cla4,helix,helix,1657,1061.2,1421.4,-34.93,71.9,72.1,-45.19,113.7,44.2,108.8,55,84,74.61,114.5,3.2,3.2,2,43.1,41,-9.767974082,18,12,29,-4.653004262,2.613,1.6,51.375,69.39,37,19,23,-0.698640872,0.711603514,4.34,3.7,-0.27,-0.9425,-0.2,4.278470047,3.26,hotspot
 cla4,cla4,cla1,helix,helix,1056.1,811.9,1421.4,-15.56,93.9,80.4,-91.17,113.7,75.7,108.8,58.7,59.8,51.11,84.2,9.8,28.5,45.22,1.8,26,-9.505702793,13,8,21,-4.597778142,1.489,2,40.545,69.39,37,9,13,-1.007979656,1.387543696,0.47,0.1,2.81,-0.5597,-0.2,4.387511565,3.26,hotspot
 cla6,cla4,cla1,loop,helix,522.4,612.6,744.7,117.71,43.4,41.1,-155.37,56.2,40,61.4,69.8,56.1,29.02,49.9,65.5,81.1,34.46,10.9,18,-4.91589952,5,4,21,-2.467947842,0.609,3,34.945,33.67,19,11,15,-0.527076114,1.414361452,-0.02,3.5,0.78,0.74182,3.8,3.715034412,-0.62,nonhotspot
 cla6,cla4,cla1,strand,helix,700.6,837.7,544.5,150.65,36.2,49.4,-101.89,32.2,36.7,36.8,72.5,67.6,35.045,51.7,85.3,104.8,66.59,12.2,23,-3.807759536,2,5,17,-1.643087677,0.988,-2.1,40.74,22.965,10,11,27,-0.527182088,1.753270066,2.87,2.6,1.59,0.08468,-0.6,3.659708077,1.65,nonhotspot
 cla4,cla4,cla6,strand,helix,1540.6,700.6,1421.4,157.69,55.3,30.9,-119.78,113.7,14.7,108.8,17.7,51.7,75.34,115.8,2.4,7.1,2,36.2,58,-115.9122387,25,12,33,-3.260153716,2.244,0.6,35.045,69.39,37,18,23,-7.074021203,8.37777159,4.67,-2.1,2.87,1.64662,-0.2,3.431079756,3.26,hotspot
 cla4,cla1,cla4,loop,loop,772.7,1386.4,741.7,36.34,47,29.8,61.74,44.8,28.1,68.5,107.9,129.4,39.605,69.7,60.2,69.8,56.12,52,11,-5.728033432,5,6,18,-2.137062416,0.909,5.6,73.925,39.795,19,6,33,-0.613999761,1.818418782,-0.62,13.4,-2.95,0.16588,5.3,3.531055369,-0.93,nonhotspot
 cla4,cla5,cla5,loop,loop,1116.1,1119.1,1268.3,-54.17,67.2,67.2,-80.5,22,63.3,101.5,54.5,99.9,57.39,91.5,16.2,20.2,93.46,0.4,26,-13.72704776,13,9,30,-5.121401296,1.536,4.9,63.72,69.665,34,20,31,-1.301142779,1.607974147,-0.02,2.6,0.34,0.1102,-3,4.296196378,3.08,hotspot
 cla3,cla1,cla1,loop,loop,834.8,1224.3,954,-3.11,29.9,22.5,-86.57,58.8,12.7,75.4,56.8,97.5,46.375,74.5,69.6,65.7,61.68,19.6,25,-9.393738153,8,7,28,-1.323049315,1.004,4.5,63.46,52.625,18,15,33,-0.962540239,3.176928053,-0.09,1.9,0.59,-2.95278,-3.1,3.112181086,2.2,nonhotspot
 cla3,cla4,cla3,loop,helix,953.9,1092,937.8,104.21,36.5,8.6,-150.43,57.9,8.4,85,76.1,92.8,51.25,88.3,14.3,14.4,10,33.8,29,-16.42242586,14,8,29,-5.00364933,1.13,6.5,57.415,51.59,28,22,28,-0.827701565,1.133010814,-1.33,4.3,-0.07,0.59276,2.4,2.149433913,-0.02,nonhotspot
 cla6,cla3,cla3,strand,loop,1089.2,953.9,1086,149.63,4,8.5,-87.18,25.6,6.4,97.6,102.7,88.3,50.595,89.5,54.2,53.3,46.37,36.5,29,-1.872197742,11,8,26,-0.86415673,1.529,7.7,51.25,56.895,21,18,29,-0.10562223,0.667900434,-1.65,6.5,-1.33,0.00058,6.2,2.142416341,-0.39,nonhotspot
 cla5,cla3,cla6,strand,loop,864.8,1089.2,1086,137.27,46.6,78.3,-72.33,25.6,47.9,97.6,128.1,89.5,45.94,79.8,57.6,74.7,10,4,27,-5.330548061,13,7,25,-2.440586517,1.081,6.7,50.595,56.895,21,13,29,-0.792664274,1.539262262,-0.86,7.7,-1.65,0.0145,6.2,4.361058328,-0.39,nonhotspot
 cla5,cla2,cla3,strand,loop,874.1,752.9,731.9,170.67,55.7,61.3,-119.04,50.9,37.5,59,88.8,52.7,40.215,58,47.8,47.7,10,8,37,-5.733281182,9,6,23,-2.624977505,1.403,-2.6,34.645,40.605,28,15,16,-0.614579293,1.109608774,3.4,0.4,2.02,1.2006,-0.2,4.116106054,2.57,nonhotspot
 cla3,cla4,cla2,loop,loop,896,802,1153.3,174.35,17.7,23.1,-131.87,45.8,29.6,86.2,61.9,58.5,46.41,75.1,22.3,24.1,10,37.5,30,-11.52859632,9,7,23,-3.818919943,1.181,6.2,40.68,58.115,24,11,22,-0.535356333,1.149059611,0.22,0.7,2.04,0.63626,-1.1,3.140265424,3.11,nonhotspot
 cla4,cla3,cla3,loop,loop,1386.4,896,801.8,-33.48,52,50.6,-79.63,49.3,35.9,75.1,123.6,75.1,73.925,129.4,4.3,1.6,31.81,17.7,33,-20.50166672,16,12,31,-4.818778326,1.661,13.4,46.41,39.2,21,17,30,-1.020008676,1.119966708,-2.95,6.2,0.22,-0.12528,10.1,3.718438256,-2.83,nonhotspot
 cla3,cla3,cla1,loop,loop,1086,629.7,953.9,93.58,25.6,59.7,-84,36.5,58.7,88.3,17.6,60.4,56.895,97.6,12.2,14.7,33.17,19.1,21,-17.96483877,14,9,29,-5.473597764,1.374,6.2,33.905,51.25,29,19,20,-1.566689861,1.960456895,-0.39,7.2,-2.06,-0.39498,6.5,4.088996956,-1.33,nonhotspot
 cla4,cla3,cla1,helix,loop,937.8,683.7,953.9,-20.31,57.9,46.6,-87.99,36.5,43.9,88.3,9.1,49.2,51.59,85,11.2,9.8,26.91,1.3,28,-13.32252418,17,8,30,-4.970478271,1.041,2.4,34.145,51.25,29,18,20,-0.898287395,1.143826197,-0.02,-3.6,2.67,0.66642,6.5,3.892840186,-1.33,hotspot
 cla3,cla1,cla3,helix,loop,1121.1,924,833.8,-36.15,55.9,34.2,-53.61,67.6,19.3,74.1,100.6,68.8,57.86,90.7,54.1,54,10,28.6,30,-12.03719181,20,9,34,-1.695363243,1.512,2.1,46.29,46.13,31,18,37,-0.993823312,2.559828879,0.52,-1.4,1.64,0.86014,2.7,3.656614494,-0.6,nonhotspot
 cla4,cla2,cla2,loop,loop,1153.3,411.5,802,-31.98,45.8,42.3,-92.33,37.5,39.9,58.5,89.2,33.7,58.115,86.2,17.4,22.6,37.22,16,24,-10.42017216,15,9,26,-3.88764461,1.548,-1.1,23.46,40.68,22,15,9,-0.781373709,1.272082126,3.11,0.5,1.78,0.23954,0.7,3.745496055,2.04,nonhotspot
 cla3,cla1,cla1,loop,loop,924,954,1449.5,-52.88,28.6,31.7,-127.49,50.3,17.9,116,82.3,75.4,46.29,68.8,9.4,6,10,58.8,37,-24.98623466,26,7,41,-3.519155008,1.315,-1.4,52.625,75.405,31,22,18,-0.983655704,1.220588393,1.64,-3.1,2.2,2.6941,2.1,3.457262606,1.09,hotspot
 cla1,cla1,cla3,loop,loop,954,924,1224.3,116.33,58.8,71.7,-61.79,19.6,62.7,97.5,23.5,68.8,52.625,75.4,22.4,19.8,10,28.6,18,-33.78546863,17,8,27,-5.145223859,1.243,-3.1,46.29,63.46,33,18,37,-3.094249073,3.75864243,2.2,-1.4,1.64,0.35264,1.9,4.272211769,0.59,hotspot
 cla5,cla4,cla1,loop,loop,1268.3,759.8,1116.1,97.06,22,19.3,-49.81,67.2,11.8,91.5,136.1,55.8,69.665,101.5,4.1,5.9,20,26.4,34,-9.523566068,19,11,30,-4.360355947,1.625,-3,40.855,57.39,26,18,20,-0.464895335,0.505301735,3.08,-1.8,3.03,-0.0174,4.9,2.950734908,-0.02,nonhotspot
 cla2,cla5,cla4,loop,strand,731.9,1073.2,874.1,-33.77,50.9,44.5,-70.98,55.7,27.2,58,65.1,81.6,40.605,59,103,99.8,74.84,21.3,28,-8.340964814,7,6,23,-1.501878332,0.983,-0.2,51.63,40.215,37,14,13,-1.265953829,3.866576629,2.57,2.3,1.28,1.00224,-2.6,3.795938526,3.4,nonhotspot
 cla4,cla1,cla4,helix,loop,882.9,937.8,833.8,-39.78,30.4,18.2,-48.44,67.6,12.9,74.1,72.5,85,46.38,66.7,5.5,7.6,10,57.9,17,-14.20560942,19,7,29,-3.338932573,1.158,-4.1,51.59,46.13,31,17,28,-0.29157533,0.46204186,2.59,2.4,-0.02,0.16472,2.7,2.642622396,-0.6,hotspot
 cla6,cla4,cla6,loop,loop,1128.3,850,1578.8,161.05,47.5,39.5,-154.44,38.3,29.4,95.2,56.9,59.5,46.24,75.1,43,42.4,62.96,32.3,26,-6.189867982,12,7,24,-2.597438224,1.943,6.7,34.59,63.42,50,12,28,-0.552452376,1.162247254,1.32,6.3,-0.18,0.09976,1.3,3.676806873,4.62,nonhotspot
 cla6,cla5,cla6,loop,strand,850,1128.3,1093.3,115.51,32.3,23.9,-52.41,37.3,23.2,79.2,48.4,75.1,34.59,59.5,25.8,32.7,85.83,47.5,28,-8.778394857,7,5,22,-3.573974462,1.401,6.3,46.24,45.695,21,10,26,-0.565698539,1.048230192,-0.18,6.7,1.32,-0.28188,9.6,3.172203417,-1.23,nonhotspot
 cla3,cla5,cla6,loop,strand,1208.4,850,1093.3,53.24,47.9,67.8,34.68,37.3,38.2,79.2,73.1,59.5,46.17,66.4,49.7,51.6,100.15,32.3,39,-12.54823463,13,7,29,-2.538155522,2.202,-3.2,34.59,45.695,21,12,28,-1.514324118,2.605344321,4.9,6.3,-0.18,0.12586,9.6,4.21597205,-1.23,nonhotspot
 cla3,cla4,cla4,loop,strand,1070.2,1978.2,1615.8,24.46,41.8,52.2,-127.81,114.4,29.4,85.9,35.5,117.2,39.71,53.9,1.9,2.2,51.97,125,22,-10.79441034,23,6,35,-2.183406114,1.947,-6.8,80.405,62.82,33,19,60,-0.087899847,0.175799695,5.07,-4.7,7.06,-1.78814,-12.7,0,8.39,nonhotspot
 cla4,cla5,cla3,loop,strand,1978.2,1070.2,1240.4,-41.59,125,90.2,-75.25,59.1,42.7,73.6,63,53.9,80.405,117.2,2.2,2,51.93,41.8,60,-35.50894841,20,13,35,-3.805618038,3.331,-4.7,39.71,52.005,29,18,22,-3.943665173,4.001060093,7.06,-6.8,5.07,0.69484,-5.6,4.502472788,5.96,hotspot
 cla3,cla6,cla4,loop,loop,1190.3,1978.2,979.1,94.99,54.3,46.7,-132.26,34.7,59.9,70.2,36.7,117.2,52.21,72.7,8.2,11.2,68.22,125,24,-14.16439442,9,8,23,-6.774989493,1.969,-5.5,80.405,46.325,25,14,60,-0.874786276,1.058360211,6.52,-4.7,7.06,-1.27542,0.5,3.844172339,2.48,nonhotspot
 cla3,cla4,cla3,loop,strand,780.8,1190.3,1615.8,-137.47,39.2,76.9,54.27,114.4,75.7,85.9,75.8,72.7,34.15,53.3,16.5,15.4,42.83,54.3,25,-12.29410333,12,5,27,-5.241043878,1.162,-0.8,52.21,62.82,33,16,24,-0.583314973,0.762311503,2.19,-5.5,6.52,-0.12238,-12.7,3.444576105,8.39,nonhotspot
 cla4,cla4,cla3,loop,strand,564.6,780.8,1615.8,137.09,24.6,144.3,-137.42,114.4,68.3,85.9,76.7,53.3,22.665,31.8,1.3,7.2,58.3,39.2,18,-7.213698343,26,3,38,-0.77311725,0.949,-4.1,34.15,62.82,33,23,25,-0.087011391,0.434541223,2.87,-0.8,2.19,-0.3799,-12.7,1.095273387,8.39,nonhotspot
 cla3,cla6,cla1,loop,loop,707.7,847.9,893,116.87,59.3,60.5,-53.02,33.5,34.1,62.6,76.1,42.4,35.365,48.7,100.2,118.6,55.73,13.9,24,-8.500140022,9,5,21,-1.71933965,1.014,-3.9,35.06,40.34,20,7,20,-1.62744348,4.133412552,3.62,-7.6,5.67,0.24592,1.1,4.102312732,2.03,nonhotspot
 cla4,cla4,cla4,strand,strand,1457.5,1050.1,1615.8,165.38,38.7,25.4,-99.04,114.4,12,85.9,55.5,69.2,63.555,101.7,0,0,61.5,51.8,37,-36.02573499,19,10,31,-3.861003861,2.34,2.9,47.155,62.82,33,15,38,-0.52553158,0.52553158,2.67,-1.6,4.15,0.18096,-12.7,2.930660277,8.39,hotspot
 cla4,cla1,cla4,loop,loop,1050.1,1457.5,1649.7,-27.31,51.8,28,-57.44,100.5,13.3,113.1,56.3,101.7,47.155,69.2,27.7,35.8,56.21,38.7,38,-17.44631597,11,7,24,-1.869782624,1.685,-1.6,63.555,75.08,26,13,37,-1.121631789,2.316111302,4.15,2.9,2.67,0.43384,-2.1,3.330774917,4.36,hotspot
 cla6,cla5,cla4,loop,loop,730.8,1050.1,1780.8,10.59,25.9,11.5,-94.68,104.7,11.2,131.2,62.4,69.2,29.37,48.1,50.7,77.5,53.65,51.8,20,-2.682323046,10,4,17,-1.092062299,1.247,2.2,47.155,80.93,37,9,38,-0.230057497,1.395121494,1.97,-1.6,4.15,1.00224,2.9,2.442347035,3.23,nonhotspot
 cla6,cla5,cla4,loop,loop,707.8,1457.5,1780.8,136.11,21.2,18.1,-79.48,104.7,17.6,131.2,85.7,101.7,29.14,48.9,50.3,59.5,66.03,38.7,15,-4.468016396,4,4,16,-1.819077036,1.136,3.3,63.555,80.93,37,6,37,-0.306836199,1.117065285,0.68,2.9,2.67,0.8584,2.9,2.896464272,3.23,nonhotspot
 cla3,cla4,cla3,strand,strand,957.1,552.6,1615.8,134.72,68.8,83.4,-126.76,114.4,47,85.9,107.2,32.7,40.03,62.9,26.2,26.1,67.08,0,31,-13.81061914,16,6,30,-2.793500461,1.525,0.3,23.49,62.82,33,18,9,-1.147692669,1.794078237,1.77,-1.6,2,0.33756,-12.7,3.874528801,8.39,nonhotspot
 cla5,cla1,cla1,strand,loop,912.8,847.9,1649.7,130.93,34.5,15.3,-83.5,100.5,7.6,113.1,63.6,42.4,46.82,65.4,6.5,6.6,44.9,13.9,21,-10.14592702,21,7,35,-3.05414196,1.368,-4.7,35.06,75.08,26,21,20,-0.218613563,0.297009842,3.55,-7.6,5.67,0.6293,-2.1,2.524928324,4.36,nonhotspot
 cla3,cla3,cla1,loop,loop,984,577.5,828.9,147.04,101.7,88,-53.9,54.3,49.6,61.3,64.6,40.8,51.79,76.8,105.7,132.8,60.2,59.3,31,-8.622171415,13,8,23,-1.744023174,1.285,-0.5,29.105,40.2,26,6,16,-1.916894632,4.799660372,1.45,-5.1,2.05,0.84274,-0.5,4.477109516,1.69,nonhotspot
 cla5,cla4,cla4,strand,loop,1240.4,1343.6,1978.2,139.46,59.1,37,-140.64,125,22.6,117.2,99,68.8,52.005,73.6,1.5,1.7,50.06,65.4,29,-8.674285613,18,8,29,-4.614683301,2.081,-5.6,51.63,80.405,60,15,33,-0.38194447,0.392261667,5.96,-8.2,6.59,-2.15818,-4.7,3.609836247,7.06,hotspot
 cla3,cla1,cla1,strand,loop,1841,961,577.5,156.8,164.3,112.5,-155.4,59.3,63.4,40.8,64.8,68.5,79.865,123.3,7.2,6,56.12,67.1,54,-20.47129105,19,13,33,-4.140767364,3.001,-0.9,46.135,29.105,16,15,25,-2.66100826,2.806272941,3.28,-0.6,1.27,-1.65358,-5.1,4.722775428,2.05,hotspot
 cla1,cla5,cla1,loop,strand,1649.7,961,912.8,-45.96,100.5,68.4,-69.72,34.5,59.8,65.4,35,68.5,75.08,113.1,7.5,6.9,46.2,67.1,26,-30.36631355,10,12,25,-5.742849462,2.595,-2.1,46.135,46.82,21,15,25,-2.961651776,3.223194987,4.36,-0.6,1.27,0.522,-4.7,4.225811325,3.55,nonhotspot
 cla5,cla6,cla1,loop,loop,1780.8,1649.7,730.8,-176.42,104.7,104,-110.92,25.9,63.7,48.1,78.6,113.1,80.93,131.2,28.5,24.5,81.32,100.5,37,-6.850454443,14,13,32,-3.644412823,2.648,2.9,75.08,29.37,20,16,26,-0.920139188,1.196584867,3.23,-2.1,4.36,2.01666,2.2,4.644390899,1.97,hotspot
 cla4,cla3,cla5,strand,loop,1615.8,1780.8,780.8,73.95,114.4,95.9,-154.05,39.2,90.3,53.3,46.1,131.2,62.82,85.9,0,0,50.52,104.7,33,-17.55530563,14,10,25,-6.329113924,2.874,-12.7,80.93,34.15,25,18,37,-2.227391414,2.227391414,8.39,2.9,3.23,0.1015,-0.8,4.563305982,2.19,hotspot
 cla3,cla3,cla4,loop,loop,809.9,1615.8,1190.3,171.67,23.5,14.9,-72.85,54.3,19.1,72.7,51.6,85.9,39.525,68.4,25.1,22.7,72.08,114.4,30,-8.565548527,11,6,24,-4.096998399,1.034,5.9,62.82,52.21,24,13,33,-0.380235705,0.760724268,-1.09,-12.7,8.39,-0.28536,-5.5,2.698673039,6.52,nonhotspot
 cla6,cla3,cla3,loop,loop,979.1,809.9,1190.3,177.81,34.7,60.3,-86.11,54.3,44.8,72.7,78.1,68.4,46.325,70.2,87,94.8,128.47,23.5,25,-4.984706944,8,7,21,-2.091719628,1.44,0.5,39.525,52.21,24,9,30,-0.740469637,1.934428551,2.48,5.9,-1.09,-0.2233,-5.5,4.099000374,6.52,nonhotspot
 cla4,cla4,cla5,strand,loop,1343.6,1240.4,1978.2,147.17,65.4,45.7,-130.82,125,21.6,117.2,33,73.6,51.63,68.8,38.7,33.3,121.91,59.1,33,-21.75289664,12,8,23,-2.331333918,2.457,-8.2,52.005,80.405,60,15,29,-1.99827404,3.309411717,6.59,-5.6,5.96,-1.14898,-4.7,3.821660565,7.06,hotspot
 cla5,cla6,cla4,strand,loop,599.7,1578.8,1128.3,145.5,20.9,19.1,-147,47.5,9.5,75.1,44.1,95.2,22.735,39.5,19.9,16,54.13,38.3,20,-7.292089595,17,3,28,-2.195075597,1.07,5.6,63.42,46.24,26,16,50,-0.326586162,0.617349719,-0.39,1.3,4.62,0.14326,6.7,2.948640666,1.32,nonhotspot
 cla5,cla3,cla3,strand,loop,1093.3,564.7,1208.4,142.58,37.3,64.4,-78.23,47.9,39.4,66.4,106.7,32.1,45.695,79.2,73.6,101.4,73.88,6.5,21,-3.67103946,10,7,23,-1.952977484,1.754,9.6,22.95,46.17,39,8,10,-0.673240215,1.633767897,-1.23,-2.4,2.18,-0.52664,-3.2,4.165579363,4.9,nonhotspot
 cla4,cla2,cla4,loop,loop,980.1,550.6,1008.3,39.88,29.7,29.2,55.62,30.8,19.8,59.2,87.9,32.3,40.685,50.2,47.4,45.6,20.73,0.8,32,0,13,6,35,0,1.683,-9.3,22.965,46.96,21,16,15,0,0,6.94,-3.7,3.48,0.13398,-5.3,3.35585128,7.53,nonhotspot
 cla3,cla4,cla2,loop,helix,1410.6,711.8,1502.7,76.23,61.3,84.6,-86.15,123.6,47.7,95.5,37.4,36.5,64.1,85.2,8.5,8.6,20,30.8,39,-41.51406998,21,10,47,-3.90927992,2.244,-11.1,28.745,69.62,39,15,16,-2.639104527,2.947978694,8.56,-7.7,4.74,0.4756,-7,4.06731589,6.9,nonhotspot
 cla3,cla1,cla3,strand,loop,699.7,1273.4,1113.2,164.95,37.5,76.7,-131.37,55.8,43.2,84.8,15.5,91.3,34.095,50.2,24.3,29.1,24.31,73.8,22,-20.42869303,16,5,41,-1.923720789,0.946,-3.4,56.555,50.955,27,21,44,-0.91866105,2.085344365,1.84,0.1,1.13,0.20532,6.3,3.140698044,-1.25,nonhotspot
 cla3,cla6,cla3,loop,loop,1273.4,699.7,884.1,53.37,73.8,66.2,40.59,39.6,37.3,62.4,61.9,50.2,56.555,91.3,32.7,30,20.02,37.5,44,-29.48052466,19,9,49,-2.776109959,1.86,0.1,34.095,40.13,29,16,22,-3.011031011,4.736342302,1.13,-3.4,1.84,0.93322,1.9,4.317621438,1.22,nonhotspot
 cla3,cla4,cla3,strand,loop,699.7,479.5,1377.5,121.59,34.5,17.7,-89.51,83.6,17.4,99.6,78.4,35,34.095,50.2,37.5,35.2,24.75,3.1,19,-6.311112429,9,5,34,-2.083262046,0.946,-3.4,22.325,62.255,38,11,13,-0.258368845,0.849460886,1.84,-1.1,0.88,0.62408,3.6,2.874129452,-0.03,nonhotspot
 cla4,cla4,cla2,loop,helix,1402.6,711.8,1502.7,111.68,67.5,60.9,-100.04,123.6,28.8,95.5,87.4,36.5,63.285,88.1,33.8,39.7,20,30.8,51,-20.07728299,12,10,36,-2.331829515,2.266,-6.8,28.745,69.62,39,14,16,-2.098245793,3.474239886,6.76,-7.7,4.74,1.38388,-7,4.108576144,6.9,nonhotspot
 cla3,cla4,cla4,loop,helix,819.9,1402.6,1502.7,-150.76,48.1,35.5,48.79,123.6,45.4,95.5,35.8,88.1,34.39,53.8,37,37.5,20,67.5,20,-8.057824249,4,5,24,-3.839027386,1.337,0.6,63.285,69.62,39,10,51,-0.692690094,1.478965136,2,-6.8,6.76,0.1653,-7,3.651696663,6.9,nonhotspot
 cla3,cla5,cla1,loop,loop,343.3,506.5,1091.1,-26.05,0,0,-74.75,51.5,0,92.3,48.8,44.1,23.335,37.9,68.6,78.6,26.72,36.2,12,-2.224185362,6,3,29,-0.734190842,0.327,2.6,29.04,56.915,24,9,26,-0.177858502,1.659253759,-0.73,0.3,0.23,-0.07714,5.4,0,-0.5,nonhotspot
 cla3,cla5,cla1,loop,loop,1077,506.5,1091.1,154.15,38.8,30.5,-142.36,51.5,17.2,92.3,59,44.1,57.94,89.6,30.2,29.7,24.53,36.2,42,-22.64915708,13,9,48,-2.132816537,1.459,1.9,29.04,56.915,24,15,26,-1.265800463,2.591649514,0.87,0.3,0.23,0.18676,5.4,3.418382206,-0.5,nonhotspot
 cla4,cla6,cla1,loop,loop,1014.9,679.6,1064.1,164.83,74.3,63.7,-73.69,64.6,30.2,73.1,38.8,51.2,53.025,79.4,16.8,12.8,20,16.6,32,-25.63559219,22,8,45,-2.977386458,1.323,-2.4,35.31,46.195,34,13,21,-1.616531876,2.096280044,2.89,-3.1,2.7,1.3862,1.6,4.008241863,1.92,nonhotspot
 cla5,cla1,cla6,loop,loop,1244.4,1111.2,646.7,108.2,47.5,49,-125.15,32.5,24.3,47.8,99,82.1,50.77,83.7,67.5,54.4,37.67,69.9,34,-4.811778268,18,8,53,-1.851961344,2.006,7.1,51.375,28.01,17,14,34,-0.561185572,1.25735391,-1.52,5.2,-0.29,0.39672,5.7,3.891412052,-1.66,nonhotspot
 cla6,cla4,cla5,loop,helix,1111.2,1244.4,877,58.1,69.9,60.3,44.59,38,58.7,71.1,36.8,83.7,51.375,82.1,19.8,31.2,20,47.5,34,-10.66184326,15,8,49,-4.143664673,1.619,5.2,50.77,46.505,24,18,34,-1.01308888,1.619145951,-0.29,7.1,-1.52,1.77944,2.7,4.099995234,1.48,hotspot
 cla3,cla6,cla6,loop,loop,1307.4,1111.2,1064.1,38.35,103.8,132.7,65.56,64.6,74.8,73.1,30.9,82.1,57.3,92.8,7.2,11.2,20,69.9,42,-41.60572525,23,9,56,-3.917910876,1.989,4.9,51.375,46.195,34,19,34,-3.256803751,3.62995762,0.87,5.2,-0.29,0.5597,1.6,4.279993909,1.92,hotspot
 cla6,cla3,cla4,loop,loop,884.1,1377.5,1273.4,110.26,39.6,31.9,-72.44,73.8,31,91.3,32.4,99.6,40.13,62.4,14.9,34.9,26.78,83.6,29,-9.074976385,9,6,38,-3.526937899,1.302,1.9,62.255,56.555,44,14,38,-0.606156038,1.13817666,1.22,3.6,-0.03,-0.17284,0.1,3.462292481,1.13,nonhotspot
 cla4,cla3,cla6,loop,strand,1377.5,884.1,699.7,22.91,83.6,69.8,73.22,34.5,65.7,50.2,44.9,62.4,62.255,99.6,20.6,27.8,20.26,39.6,38,-12.03369047,11,10,39,-4.457626239,1.993,3.6,40.13,34.095,19,13,29,-1.241226164,1.762341967,-0.03,1.9,1.22,0.19662,-3.4,4.280685807,1.84,nonhotspot
 cla3,cla6,cla1,strand,loop,1134.1,1113.2,1111.2,120.42,10,9.3,-89.16,69.9,5.2,82.1,45,84.8,56.58,102.2,10.4,8.4,20.7,55.8,38,-22.70432106,16,9,51,-2.138011196,1.449,13,50.955,51.375,34,15,27,-0.421016212,0.859910718,-3.67,6.3,-1.25,0.13804,5.2,2.22678338,-0.29,nonhotspot
 cla3,cla6,cla3,loop,loop,1652.7,1134.1,1111.2,152.32,76.6,41.6,-70.62,69.9,53.2,82.1,18.6,102.2,81.1,122.5,5.6,4.4,20,10,42,-15.29184078,16,13,41,-7.285564159,2.238,-2,56.58,51.375,34,17,38,-0.955998876,1.07555931,3.76,13,-3.67,0.97846,5.2,3.976873978,-0.29,nonhotspot
 cla5,cla3,cla1,loop,loop,1091.1,1022.9,1077,124.81,51.5,52.6,-62.35,38.8,32.2,89.6,130.9,89.1,56.915,92.3,48,50.9,29.4,68,24,-6.002638606,15,9,49,-2.741717953,1.432,5.4,58.645,57.94,42,18,33,-0.776005816,1.341404456,-0.5,-0.5,1.97,1.02544,1.9,3.96271612,0.87,nonhotspot
 cla3,cla4,cla1,loop,loop,965,1022.9,1014.9,173.84,34.7,33.9,-109.71,74.3,33.3,79.4,75.7,89.1,46.815,72.4,30.8,33.3,20,68,27,-11.6863188,12,7,39,-3.857586866,1.384,1.4,58.645,53.025,32,12,33,-1.015888933,1.803755461,2.16,-0.5,1.97,-0.10092,-2.4,3.523415014,2.89,nonhotspot
 cla6,cla3,cla3,loop,loop,1064.1,965,1307.4,78.17,64.6,40.9,-81.36,103.8,39.9,92.8,56.2,72.4,46.195,73.1,29.8,34.6,20,34.7,34,-9.02924112,13,7,39,-3.509163149,1.636,1.6,46.815,57.3,42,15,27,-0.881267284,1.66313361,1.92,1.4,2.16,0.83984,4.9,3.759104899,0.87,nonhotspot
 cla1,cla3,cla6,helix,loop,979.9,1064.1,1307.4,-30.15,20.8,13.3,-61.92,103.8,11.6,92.8,9.9,73.1,52.05,87,5,3.6,20,64.6,19,-30.42307161,16,8,33,-4.635571006,1.132,4.3,46.195,57.3,42,17,34,-0.443568556,0.59805005,0.04,1.6,1.92,0.07366,4.9,2.585505848,0.87,nonhotspot
 cla4,cla2,cla1,helix,loop,1502.7,979.9,711.8,-29.27,123.6,119.7,-52.65,30.8,84.9,36.5,87,87,69.62,95.5,0.4,0.4,20,20.8,39,-14.31110489,17,11,45,-5.254583563,2.321,-7,52.05,28.745,16,15,19,-1.336526851,1.345790881,6.9,4.3,0.04,1.67504,-7.7,4.557554332,4.74,hotspot
 cla2,cla3,cla5,loop,loop,1190.4,946,1410.6,-8.05,16.8,21.9,-117.7,61.3,15.9,85.2,22.7,68.3,59.245,71.1,4.4,5.7,24.33,59.7,27,-45.09572247,22,9,37,-4.656812991,1.864,-8.9,47.05,64.1,39,18,30,-1.490850541,1.759032734,8.72,0.3,3.55,0.21982,-11.1,3.151453149,8.56,nonhotspot
 cla5,cla3,cla2,loop,loop,946,1190.4,819.9,132.89,59.7,56.5,-64.59,48.1,28.1,53.8,136.9,71.1,47.05,68.3,55.8,66.9,20,16.8,30,-4.482281162,16,7,33,-1.725144215,1.361,0.3,59.245,34.39,20,9,27,-0.597093937,1.436151355,3.55,-8.9,8.72,0.0928,0.6,4.037950562,2,nonhotspot
 cla2,cla4,cla3,loop,loop,1008.3,679.8,980.1,360,30.8,26.2,169.31,29.7,18.6,50.2,77.2,45.5,46.96,59.2,58,64.9,66.29,2.4,21,-14.91033121,22,7,31,-1.415453128,1.678,-5.3,35.42,40.685,32,10,21,-1.340767328,5.262418962,7.53,-2.1,4.16,0.34916,-9.3,0,6.94,nonhotspot
 cla5,cla3,cla3,loop,loop,1837.7,1312.3,872.9,39.06,166.7,165.2,-116.9,38.5,101.1,74.1,111.8,101.7,113.81,161.2,0.6,0,16.55,69.1,40,-10.27693644,23,18,57,-4.739336493,2.045,0.2,71.485,53.385,19,28,30,-2.209192582,2.209192582,7.47,-1.2,5.86,0.83056,-0.9,5.110782243,3.67,hotspot
 cla4,cla4,cla5,loop,loop,821.8,679.7,1270.3,17.53,22.6,15.4,-102.24,59.8,10.4,110.6,76.8,62,39.32,71.9,27.3,25.1,14.08,13.7,32,0,10,6,25,0,1.162,7.3,33.775,62.235,26,18,24,0,0,-2.43,7.8,-2.51,-1.19538,10.7,2.558002205,-3.36,nonhotspot
 cla3,cla3,cla4,strand,loop,1747.9,662.7,1048.2,114.76,90.7,66.6,-60.4,26.1,37.5,70.7,29.6,52.9,79.78,126.9,1,0,12.83,11.5,52,-45.07728455,24,13,34,-4.366812227,2.584,3.8,27.915,44.78,28,20,17,-3.159772447,3.159772447,1.7,7.7,-2.02,-1.00166,0.7,4.198554416,0.59,hotspot
 cla5,cla3,cla3,loop,strand,1496.7,1747.9,1006.2,51.25,135.2,118.4,41.58,53.4,58.9,52.9,95.7,126.9,62.435,88.2,22.6,32.3,16.47,90.7,45,-7.658173188,22,10,33,-3.295831527,2.424,-6.5,79.78,39.855,31,11,52,-1.293705891,1.628746552,5.02,3.8,1.7,-0.84448,-6.7,4.774068722,4.04,nonhotspot
 cla4,cla3,cla4,loop,loop,1053.4,892.1,1587.9,-38.2,52.9,22.9,-121.18,99.4,10.8,102.2,11.9,41.6,40.965,44.6,12.8,13.4,17.93,19.1,37,-21.18774488,16,6,30,-2.44098761,2.005,-12,34.715,75.535,52,22,36,-0.842765539,1.333034624,8.93,-7.6,6.11,1.69708,-10,3.131136911,9,nonhotspot
 cla5,cla3,cla4,loop,loop,643.8,892.1,1085.3,99.54,65.7,67.9,-137.31,65.4,33.7,64,113.4,41.6,28.67,38.6,80.9,83.7,22.58,19.1,23,-4.510220866,11,4,24,-1.941054056,1.056,-2.3,34.715,46.025,32,11,36,-0.67365134,1.440059728,3.16,-7.6,6.11,-1.75044,-3.9,4.21774144,4.31,nonhotspot
 cla2,cla3,cla4,loop,loop,1513.8,892.1,1085.3,-39.57,55.2,59,-57.77,65.4,41.8,64,44.8,41.6,63,92.3,7,6.8,17.06,19.1,25,-51.68531752,13,10,23,-4.993952775,2.519,-2.3,34.715,46.025,32,17,36,-3.539632724,3.937687665,4.97,-7.6,6.11,-3.03804,-3.9,4.077198403,4.31,nonhotspot
 cla3,cla4,cla4,helix,strand,480.4,1028.2,1014.1,-60.84,1.1,16,-43.35,51.8,15.8,81.5,58.3,81.2,22.24,41.1,40.3,36.3,14.62,70.2,11,-3.974325683,2,3,18,-1.426798761,0.652,1.3,44.775,44.595,18,9,21,-0.23482027,1.127249376,-0.43,8,-2.44,-2.62508,7,2.732417558,-2.05,nonhotspot
 cla4,cla4,cla3,helix,strand,1028.2,480.4,1014.1,-52.68,70.2,44.2,-34.24,51.8,41.7,81.5,73.2,41.1,44.775,81.2,25.3,28.9,14.43,1.1,21,-11.36734095,11,7,25,-4.294759326,1.607,8,22.24,44.595,18,12,11,-0.909445989,1.340235119,-2.44,1.3,-0.43,0.70876,7,3.785098312,-2.05,nonhotspot
 cla5,cla4,cla5,helix,loop,1619.7,1612,1270.3,-31.91,64.9,51.5,-35.96,59.8,31.6,110.6,112.7,101.3,73.85,120.2,0,0,13.15,86.8,31,-11.41767796,20,12,34,-4.739336493,2.457,2.5,69.08,62.235,26,16,33,-0.622546818,0.622546818,1.48,-1.7,5.93,-1.74058,10.7,3.941970082,-3.36,hotspot
 cla5,cla3,cla5,helix,loop,1612,1619.7,1708.1,-46.16,86.8,72.2,-81.86,104.6,44.2,104.4,98.5,120.2,69.08,101.3,17.8,17.6,13.4,64.9,33,-9.426123259,16,11,32,-3.912666839,2.659,-1.7,73.85,75.66,50,13,31,-0.957563726,1.159878133,5.93,2.5,1.48,-1.74348,-7.4,4.278885876,8.23,hotspot
 cla3,cla3,cla1,loop,strand,1723.1,1082.3,1006.2,15.58,62,23.2,-93.37,53.4,29.7,52.9,55,76.5,75.145,105.6,0.3,0,15.94,0.9,37,-19.39432865,13,12,28,-8.10103702,2.823,-3.6,52.19,39.855,31,14,23,-0.721535848,0.73005817,5.31,1.4,2.13,1.30964,-6.7,3.145874932,4.04,nonhotspot
 cla6,cla3,cla3,loop,loop,1336.5,1723.1,1587.9,57.55,71.3,84.7,-127.68,99.4,82.5,102.2,61.4,105.6,69.41,100.1,0.7,0.2,16.66,62,35,-14.1273336,12,11,25,-6.589759009,1.707,-4,75.145,75.535,52,14,37,-1.224073443,1.230158285,4.37,-3.6,5.31,-0.70818,-10,4.438643235,9,nonhotspot
 cla3,cla5,cla3,loop,loop,1085.3,735.9,643.8,-24.92,65.4,40.1,-164.41,65.7,51.4,38.6,40.3,52.4,46.025,64,6.2,8.5,19.42,29.2,32,-16.86170175,6,7,18,-7.043155377,1.757,-3.9,34.385,28.67,23,12,19,-0.893703769,1.040079387,4.31,1.8,1.1,1.76668,-2.3,3.691874963,3.16,nonhotspot
 cla6,cla5,cla3,loop,helix,1008.2,1085.3,1612,139.37,38.9,32,-40.11,86.8,31.1,101.3,39.4,64,45.955,70.2,23.3,20,18.29,65.4,24,-9.297699555,16,7,28,-4.336954244,1.521,0.4,46.025,69.08,33,17,32,-0.665441178,1.016126749,2.77,-3.9,4.31,-0.2581,-1.7,3.464797963,5.93,hotspot
 cla3,cla5,cla6,loop,helix,1708.1,1008.2,1612,122.54,104.6,74.9,-77.48,86.8,42.2,101.3,51.1,70.2,75.66,104.4,0,0,16.97,38.9,50,-45.07728455,21,12,35,-4.366812227,2.699,-7.4,45.955,69.08,33,15,24,-4.020707587,4.020707587,8.23,0.4,2.77,0.86478,-1.7,4.316420878,5.93,hotspot
 cla3,cla5,cla3,strand,loop,1006.2,928,1496.7,176.06,53.4,36.5,-161.01,135.2,20.6,88.2,28.1,69.2,39.855,52.9,0,0,15.5,67.4,31,-45.07728455,20,6,34,-4.366812227,1.718,-6.7,46.24,62.435,45,20,36,-0.893885128,0.893885128,4.04,0.5,1.28,-11.51648,-6.5,2.818398258,5.02,hotspot
 cla3,cla6,cla3,loop,loop,1587.9,953.1,1336.5,137.54,99.4,89.7,-43.29,71.3,50.6,100.1,72.6,68.4,75.535,102.2,39.8,38.7,17.33,17.7,52,-31.97582639,15,12,29,-3.097622917,2.365,-10,45.86,69.41,35,13,23,-4.103244153,5.784466741,9,-2.7,1.95,-0.40368,-4,4.496024739,4.37,hotspot
 cla3,cla1,cla3,strand,loop,928,1006.2,536.5,146.31,67.4,69.7,-135.89,35.8,39.3,49,110.2,52.9,46.24,69.2,56.6,58.7,17.08,53.4,36,-19.27318593,18,7,28,-1.867068631,1.256,0.5,39.855,28.845,17,15,31,-2.201974726,5.150110712,1.28,-6.7,4.04,0.79692,3,3.826247228,-0.45,nonhotspot
 cla4,cla5,cla1,loop,helix,1270.3,786.7,1619.7,-15.24,59.8,50,85.38,64.9,47,120.2,28.9,86.3,62.235,110.6,8.4,12.2,15.84,21.3,26,-14.57903002,15,10,29,-5.508185725,1.767,10.7,45.675,73.85,31,19,19,-0.872469667,1.002500677,-3.36,12.3,-3.6,-0.93032,2.5,3.976873978,1.48,hotspot
 cla4,cla1,cla4,loop,loop,998,1270.3,1284.3,72.32,39.1,29.8,-104.69,56.2,28.1,115.5,42.7,110.6,51.14,85.7,0,0,15.74,59.8,21,-16.75185742,16,8,31,-6.329113924,1.279,4.7,62.235,62.26,24,18,26,-0.463266334,0.463266334,-0.91,10.7,-3.36,-1.98244,15.2,3.395514599,-4.47,hotspot
 cla3,cla4,cla5,loop,helix,1268.5,533.6,1028.2,-72.15,72.5,67.4,29.73,70.2,37.9,81.2,48,39.6,55.88,100.8,8.6,6.6,13.79,0,38,-40.43651206,16,9,36,-3.917242511,1.897,10.9,22.395,44.775,21,15,14,-2.529129338,2.819389632,-3.11,2.9,-0.85,-2.68946,8,4.057680578,-2.44,hotspot
 cla4,cla4,cla5,strand,helix,1014.1,533.6,1028.2,102.1,51.8,70.9,-85.8,70.2,50.4,81.2,91.1,39.6,44.595,81.5,42.2,41.3,14.78,0,18,-8.874622864,12,7,23,-2.851028352,1.522,7,22.395,44.775,21,7,14,-0.893406507,1.658004752,-2.05,2.9,-0.85,0.7221,8,3.974622147,-2.44,nonhotspot
 cla3,cla5,cla3,loop,loop,930.1,1048.2,1496.7,120.7,23.1,76.9,-66.33,135.2,43.4,88.2,83,70.7,39.85,55.9,1.7,2.4,13.9,26.1,28,-39.61888643,17,6,31,-3.838035929,1.482,-4.1,44.78,62.435,45,18,28,-0.693393384,0.788924013,3.04,0.7,0.59,-0.34394,-6.5,2.791778417,5.02,hotspot
 cla3,cla1,cla4,loop,loop,544.5,1101.3,1017.1,92.7,0,4.2,-50.77,66.5,5.5,82.1,29.5,81.2,29.66,42.5,22.5,44.1,45.83,20.9,9,-3.029073456,10,4,33,-1.089456381,0.716,-1.6,58.535,51.97,21,14,33,-0.172880106,1.300694617,2.66,-1.6,4.97,0.37062,4.3,1.439835128,0.88,nonhotspot
 cla4,cla6,cla1,loop,loop,694.5,1287.2,944.8,148.34,28.2,27.7,-50.41,30.2,19.6,90.2,58.6,97.6,34.66,65.7,47.2,40.3,39.56,26.5,12,-4.22650434,14,5,41,-1.784231133,0.846,5.9,64.065,52.495,37,16,27,-0.313740461,0.930374102,-1.72,-1.3,3.42,0.92858,8.1,2.999724295,-1.76,nonhotspot
 cla4,cla1,cla6,strand,loop,965.1,893.9,1152.3,127.58,40.8,38.6,-164.86,57.4,26.3,104.7,51.1,79.3,45.885,88.2,30.4,26.1,29.75,4.6,28,0,15,7,36,0,1.369,14.2,39.815,56.72,29,18,26,0,0,-4.16,11.9,-3.7,0.25346,12.4,3.653770277,-3.6,nonhotspot
 cla5,cla6,cla6,strand,loop,1064.2,893.9,1208.3,165.34,60.3,25,-137.09,43.9,15.3,107.6,99.2,79.3,51.745,93.7,0.8,0.2,24.06,4.6,26,-11.17634228,13,9,32,-4.649177408,1.47,11.4,39.815,56.705,29,20,26,-0.342042358,0.348675407,-1.97,11.9,-3.7,1.07764,15.8,3.216873822,-4.52,nonhotspot
 cla4,cla1,cla4,loop,loop,412.4,1155.3,583.5,6.12,23.5,3,-112.49,45.4,2.9,56.9,81.1,107.1,23.185,36.3,84.3,97.9,27,46.7,12,-2.468975645,2,3,24,-0.908848787,0.5,0.4,57.175,34.68,12,7,30,-0.244860629,1.70518005,0.98,17.4,-4,0.36424,2.4,1.101940079,0.38,nonhotspot
 cla4,cla4,cla4,loop,loop,1155.3,412.4,1228.4,16.54,46.7,17.3,75.43,74.8,12.3,113.8,56.6,36.3,57.175,107.1,77.4,77,23.19,23.5,30,-3.33905663,10,10,33,-1.409592494,1.547,17.4,23.185,62.625,36,13,12,-0.318510954,1.195553431,-4,0.4,0.98,0.0551,15.9,2.852439104,-4.74,nonhotspot
 cla5,cla4,cla2,strand,loop,1403.5,822.9,1228.4,118.77,51.7,83.9,-77.5,74.8,51.4,113.8,60,75.9,75.385,126.5,24.7,27.8,17.71,26.5,33,-8.731628096,16,12,40,-3.632215896,1.849,11,46.765,62.625,36,19,23,-1.051266985,1.371699296,-1.36,6.4,-0.28,-0.1972,15.9,4.429506417,-4.74,nonhotspot
 cla4,cla1,cla1,strand,loop,1278.2,1287.2,1180.2,79.82,60.8,95.3,-153.99,33,67.6,89.8,86.4,97.6,76.18,118.9,21.4,18.6,13.54,26.5,31,-10.57108437,16,12,42,-4.462614096,1.37,1.1,64.065,64.52,27,20,27,-1.185272593,1.405293719,2.4,-1.3,3.42,-0.49996,-5.9,4.369068034,6.3,nonhotspot
 cla3,cla5,cla1,loop,loop,1605.7,1287.2,688.8,-4.89,85.9,67.5,-102.97,14.9,86.5,55.6,31.5,97.6,74.92,109.2,6,9,7.72,26.5,40,-21.40338315,11,12,35,-7.698080842,2.535,-3.4,64.065,34.625,19,19,27,-2.035656189,2.1675151,5.66,-1.3,3.42,-0.61132,3.7,4.212720015,0.43,nonhotspot
 cla2,cla6,cla2,strand,loop,1117.4,1953.2,945.1,153.81,27.4,7.8,-85.64,85,5.6,71.7,28.4,131.2,52.385,73.1,5.1,3.2,15.13,184.5,24,-44.91983195,13,8,36,-4.865467634,1.794,-0.9,92.75,46.46,22,19,51,-1.58870217,1.814033888,5.03,-4.4,9.23,0.31784,4.9,2.05796251,2.27,nonhotspot
 cla3,cla2,cla2,strand,helix,754.8,1117.4,1206.2,133.71,25.7,23.7,-139.74,57.4,23.2,104.5,38.2,73.1,47.125,67.5,30.7,33.8,16.99,27.4,23,-8.490295303,16,7,40,-3.12402534,0.879,-0.8,52.385,70.295,25,23,24,-0.428576759,0.939639387,2.55,-0.9,5.03,0.1392,-0.4,3.165053018,4.14,nonhotspot
 cla4,cla3,cla5,loop,loop,540.5,930,783.8,-53.79,27.8,23.3,-32.59,75.7,21.9,77.8,77.9,93.1,35.165,58.1,37.8,40.7,27.41,35,12,-7.567868909,9,5,36,-2.78579033,0.546,5.3,57.875,46.27,27,10,29,-0.439411611,0.998311366,-0.91,6.4,-0.7,0.79634,8.6,3.148882453,-1.96,nonhotspot
 cla5,cla6,cla3,helix,loop,1434.7,1000.2,945.1,-26.05,74.8,47.2,-45.62,85,23.5,71.7,71.5,67,69.495,101.4,63.9,56.4,16.63,40.7,39,-5.741688049,18,11,40,-1.89726906,2.078,0.2,46.3,46.46,22,14,25,-0.682615183,1.492897453,5.69,-0.9,3.87,0.174,4.9,3.854182006,2.27,nonhotspot
 cla3,cla2,cla5,helix,loop,1000.2,1434.7,742.9,-36.32,40.7,39.7,-59.32,65.8,50.8,51.6,37,101.4,46.3,67,32.9,40.1,15.22,74.8,25,-13.84366367,5,7,24,-4.979102664,1.527,-0.9,69.495,41.62,31,9,39,-1.325288929,2.181723243,3.87,0.2,5.69,-0.29058,-4.5,3.683112859,5.66,nonhotspot
 cla6,cla3,cla4,helix,loop,1298.5,1101.3,740.8,-3.28,8.6,36.3,-71.82,12.6,35.3,60.1,58.6,81.2,63.885,96.5,41.2,55.8,23.27,20.9,28,-9.124370929,10,10,34,-2.988271891,1.893,2.7,58.535,41.235,19,10,33,-0.923990067,2.047718461,3.08,-1.6,4.97,0.40658,-0.2,3.615770982,2.87,nonhotspot
 cla4,cla2,cla6,helix,loop,1044.2,1298.5,742.9,0.44,24.5,33.3,-108.63,65.8,23.6,51.6,92.6,96.5,53.5,70,93.2,92.6,34.04,8.6,22,-3.444372571,8,8,27,-1.454051926,1.495,-4.9,63.885,41.62,31,10,28,-0.424885425,1.54607342,7.14,2.7,3.08,-1.76146,-4.5,3.386422096,5.66,nonhotspot
 cla6,cla6,cla4,strand,loop,893.9,965.1,1208.3,88.47,4.6,1.8,-94.76,43.9,1.4,107.6,63.1,88.2,39.815,79.3,13.9,12,37.16,40.8,26,-0.522444988,11,7,31,-0.227646664,1.284,11.9,45.885,56.705,29,15,28,-0.005374824,0.129018462,-3.7,14.2,-4.16,0.65076,15.8,0.570979547,-4.52,nonhotspot
 cla6,cla3,cla1,loop,loop,1489.7,1304.5,1189.4,16.62,105.7,115.1,-101.9,32.1,112.1,86.9,45.8,97.7,81.59,120.1,5.8,9.5,29.07,34.4,46,-16.31896428,24,13,46,-6.250166362,1.919,0.3,70.275,57.11,19,21,27,-2.556234926,2.708521204,2.66,-4.3,4.35,2.71614,0.8,4.792893792,2.19,nonhotspot
 cla5,cla6,cla6,loop,loop,1004.1,1312.5,1599.7,21.24,61,26.4,65.32,116.2,16.2,98.8,79.4,75.3,46.47,71.6,0.1,2.4,25.13,55.8,23,-12.42006121,18,7,42,-4.417844987,1.461,1.6,51.635,70.02,43,20,39,-0.395489835,0.424270071,0.92,-3.3,3.78,0.68266,-4.4,3.273742726,7.28,hotspot
 cla2,cla6,cla1,loop,loop,1570.5,911.9,1599.7,145.53,157.4,135.4,-112.29,116.2,82.5,98.8,34.8,73.9,81.545,132,16.1,14.8,31.44,26.9,58,-60.79751725,22,13,48,-4.117453832,2.029,8.4,46.365,70.02,43,21,22,-9.361119973,10.42899789,0.48,3.8,0.74,2.03464,-4.4,4.955545328,7.28,hotspot
 cla3,cla6,cla2,loop,loop,1097.2,1570.5,1599.7,155.63,39.6,23.8,-62.25,116.2,13.4,98.8,42.1,132,45.775,83.1,20.2,22.7,20.02,157.4,33,-18.6065357,22,7,45,-2.323187802,1.656,13.2,81.545,70.02,43,16,58,-1.172345756,2.203615988,-1.94,8.4,0.48,0.68382,-4.4,3.695110004,7.28,nonhotspot
 cla6,cla5,cla1,loop,loop,1599.7,1689.8,1004.1,139.23,116.2,94.9,-47.65,61,70.4,71.6,92.3,116.3,70.02,98.8,8,11.5,22.67,32.7,43,-16.03082291,19,11,48,-5.052713718,2.63,-4.4,75.4,46.47,23,16,28,-1.646482632,1.780661513,7.28,3.9,4.8,0.8642,1.6,4.611450424,0.92,nonhotspot
 cla3,cla1,cla6,loop,loop,1872,1599.7,911.9,64.15,175,146,67.2,26.9,82.3,73.9,57.7,98.8,93.065,143,7.3,7,23.21,116.2,55,-33.44289783,22,15,50,-4.175636645,2.543,2.4,70.02,46.365,22,25,43,-5.275467616,5.516997394,2.94,-4.4,7.28,0.06322,3.8,5.030176449,0.74,nonhotspot
 cla3,cla6,cla3,loop,loop,1189.4,1340.6,1489.7,37.84,32.1,20.7,55.62,105.7,26.5,120.1,7.2,95.6,57.11,86.9,2.5,4.3,28,71.5,19,-32.09009261,12,9,41,-6.925519639,1.647,0.8,69.99,81.59,46,23,36,-0.831630999,0.984279576,2.19,-3.4,6,0.3741,0.3,3.14458322,2.66,nonhotspot
 cla5,cla6,cla3,strand,loop,603.7,729.8,1489.7,122.48,2.8,0,-149.25,105.7,0,120.1,19.1,68.1,34.67,57.8,3.5,3.3,17.45,26.3,13,0,22,5,49,0,0.65,5.4,40.44,81.59,46,24,25,0,0.030861226,-0.66,8.1,-1.63,-0.49242,0.3,1.252762968,2.66,nonhotspot
 cla3,cla6,cla5,strand,loop,729.8,603.7,1489.7,171.49,26.3,4,-99.68,105.7,5.1,120.1,18.7,57.8,40.44,68.1,0,0.9,20.48,2.8,25,-17.00842713,12,6,38,-3.670671742,0.879,8.1,34.67,81.59,46,21,13,-0.049050119,0.109530404,-1.63,5.4,-0.66,0.55796,0.3,1.373715579,2.66,nonhotspot
 cla5,cla6,cla1,strand,loop,870.9,573.6,1489.7,147.66,34.4,13.4,-158.46,105.7,6.6,120.1,45.2,59,53.305,78.4,8,7.8,23.06,5.6,18,-10.69802207,19,8,47,-3.188134128,0.996,3,34.925,81.59,46,25,17,-0.228312851,0.297150681,1.66,6.1,-1.55,0.36134,0.3,2.595254707,2.66,nonhotspot
 cla6,cla3,cla1,strand,loop,1376.5,864.9,662.8,140.88,70.5,61.1,-54.08,39,59.5,69.2,92.5,65.1,68.79,108.1,7.3,5.9,8.47,1.2,42,-20.52295835,12,11,26,-6.136440252,1.819,0.8,40.285,40.465,21,15,20,-1.285932554,1.387793131,1.91,1.9,1.11,1.97026,6.7,4.112675519,-1.61,hotspot
 cla3,cla4,cla5,loop,strand,960.2,710.9,943.1,-20.03,84.2,59.7,-83.74,74,33.6,67.8,51.8,41.1,39.69,55.1,72,78.3,8.45,37,50,-11.4307744,7,8,26,-1.961116125,1.567,-3.4,28.8,45.305,35,17,40,-1.566207082,3.487469277,3.03,-0.4,1.94,0.74762,-2.2,4.089164502,2.7,nonhotspot
 cla5,cla5,cla2,strand,loop,654.9,899.1,1188.3,110.11,0,3.3,-119.62,88.8,2.1,102.7,118.1,75.9,28.45,50.6,100,108.5,64.01,23.1,9,-0.216914921,2,4,27,-0.131568381,1.066,10.2,40.18,58.34,28,12,16,-0.024521945,0.88332581,-1.83,16.2,-3.24,0.24534,18.2,1.199964783,-2.34,nonhotspot
 cla3,cla2,cla4,strand,strand,584.7,603.8,1163.5,122.87,26.4,66.3,-142.77,78.6,65.1,83.3,58.9,41.9,28.325,47.2,33,34.4,24.41,8.1,15,-9.018992047,8,4,34,-2.761357644,0.827,3,28.43,57.735,30,17,9,-0.911305525,2.260416603,0.25,0.3,2.26,0.54752,1,3.246101811,4.25,nonhotspot
 cla4,cla2,cla3,loop,strand,603.8,584.7,1163.5,33.04,8.1,116.3,52.92,78.6,109.5,83.3,89.1,47.2,28.43,41.9,1.1,0.4,35.36,26.4,9,-3.166451733,13,4,34,-1.557986508,0.937,0.3,28.325,57.735,30,21,15,-0.492857613,2.002168803,2.26,3,0.25,-0.2726,1,2.422144328,4.25,nonhotspot
 cla5,cla3,cla3,strand,strand,1232.5,584.7,951.3,112.05,88.3,102.9,-78.93,25.6,63.1,57.3,126.4,47.2,64.36,96.7,12.5,15.2,22.53,26.4,28,-6.449293178,15,10,44,-3.911778207,1.704,8,28.325,47.165,17,20,15,-0.817824716,0.990840052,2.58,3,0.25,0.21054,-1.8,4.364371699,6.33,hotspot
 cla2,cla5,cla5,strand,loop,899.1,654.9,1188.3,133.49,23.1,27.7,-121.25,88.8,20.1,102.7,39.9,50.6,40.18,75.9,4.6,5.2,33.41,0,16,-31.1485107,9,6,35,-4.543799939,1.322,16.2,28.45,58.34,28,12,9,-0.912659301,1.103616271,-3.24,10.2,-1.83,0.27492,18.2,3.322154174,-2.34,nonhotspot
 cla6,cla5,cla5,strand,loop,655.8,654.9,1188.3,158.15,27.8,14.7,-129.53,88.8,11,102.7,89.7,50.6,28.625,51.6,49.2,58.3,40.58,0,11,-3.278688594,4,4,26,-1.396761679,0.998,10.2,28.45,58.34,28,13,9,-0.2144011,0.838790701,-1.48,10.2,-1.83,1.39432,18.2,2.690564887,-2.34,nonhotspot
 cla4,cla2,cla5,strand,helix,1081.3,1225.5,1841.2,147.25,34.8,44.9,-126.6,111.8,31.9,113.9,81.2,69,45.405,65.9,9.4,2.8,24.66,57,25,-12.80178369,15,7,38,-4.322852501,1.849,-2.3,51.78,80.785,54,16,25,-0.442439722,0.541529212,3.83,-5.7,7.02,1.36938,-1.5,3.306886702,6.21,nonhotspot
 cla5,cla5,cla3,loop,loop,733,729.9,1580.9,-29.9,20.8,28.6,-45.81,117.6,17.5,107.9,158.4,62.7,34.1,49.7,93.7,101.2,70.22,9.9,22,-1.021435894,7,5,27,-0.619545516,1.156,1.6,40.11,74.92,44,7,30,-0.167075762,1.278079232,1.71,4.4,-0.12,1.95286,0.5,1.166270937,5.15,nonhotspot
 cla3,cla2,cla5,loop,strand,791.9,733,732.9,12.72,31.8,18.1,-122.11,33.4,23.1,55.1,73.9,49.7,40.075,66.8,63.2,79.1,39.98,20.8,26,-5.908406259,2,6,19,-2.053713636,1.075,6.4,34.1,34.43,17,4,22,-0.70559061,2.816132438,-0.76,1.6,1.71,1.1919,5.3,2.895911938,0.2,nonhotspot
 cla6,cla5,cla1,loop,loop,1224.4,789.8,1580.9,155.64,37.2,51.2,-77.01,117.6,49.8,107.9,73.2,64.9,57.78,83.3,67.5,93.1,26.61,28.1,30,-5.993860582,8,9,33,-2.486709087,1.914,-1,40.345,74.92,44,10,27,-0.898527864,2.39292794,4.5,2.8,0.65,0.4176,0.5,3.934957977,5.15,nonhotspot
 cla4,cla2,cla6,loop,helix,1833.1,1224.4,1841.2,137.67,60.8,47.4,-78.69,111.8,22.4,113.9,36.5,83.3,86.45,142.6,23.2,31.2,22.03,37.2,64,-20.18736978,22,14,53,-2.674080929,2.688,13.6,57.78,80.785,54,14,30,-2.168723135,3.131336942,-0.45,-1,4.5,0.32248,-1.5,3.893859035,6.21,nonhotspot
 cla5,cla6,cla4,strand,helix,1273.4,1833.1,743.8,133.42,28.6,39.1,-118,30.2,24,55.7,81,142.6,57.06,108.2,52,41.1,48.81,60.8,34,-3.538481643,9,9,32,-2.146243781,1.849,17.1,86.45,34.475,16,11,64,-0.352231562,0.777797894,-3.63,13.6,-0.45,0.75284,3.4,3.666378189,1.2,nonhotspot
 cla3,cla1,cla5,strand,loop,1395.6,1273.4,1117.3,144.87,28.7,20.7,-86.59,57,26.5,70.4,33.3,108.2,62.84,96.5,4.2,14.1,28.36,28.6,33,-17.25392503,11,10,31,-5.997323059,2.202,1.2,57.06,51.73,21,15,34,-0.80235951,1.096608809,3.83,17.1,-3.63,-0.14384,-5.5,3.132882112,5.71,nonhotspot
 cla5,cla6,cla3,strand,strand,1311.5,1395.6,1051.1,162.47,33.3,22.8,-148.63,33.7,14,91.1,50.5,96.5,63.65,113,14.9,10.6,37.15,28.7,36,-4.612054232,10,10,35,-2.797412482,1.757,17.4,62.84,52.675,26,17,33,-0.186846889,0.316553345,-2.24,1.2,3.83,1.00688,11.7,3.132446097,-1.05,nonhotspot
 cla2,cla4,cla3,strand,loop,1184.4,851.9,1074.3,121.49,124.6,102.6,-56.65,32.4,62.5,82.5,16.6,66.4,57.81,79.2,6.6,25,25.71,4.8,53,-14.28007661,15,9,36,-3.598710632,1.745,-4,40.65,51.595,25,10,22,-1.963656525,2.503007232,5.72,5.3,0.97,-0.84158,5.7,4.616901109,1.33,nonhotspot
 cla6,cla1,cla2,strand,loop,1174.3,899.1,714.7,117.34,46,43.2,-81.05,46.8,42.1,68.4,69.6,75.9,58.5,103.4,5.2,7.8,26.44,23.1,26,-13.46519626,18,9,44,-5.586387179,1.555,18.2,40.18,34.595,24,21,16,-0.777620478,0.92184883,-2.47,16.2,-3.24,1.09098,15,3.807106835,-4.05,hotspot
 cla6,cla5,cla6,helix,helix,892,628.8,1400.6,-27.5,33.7,72.4,-60.61,31.3,70.5,117.3,75.2,59.2,40.435,78.4,22,25.5,54.51,1.2,17,-8.030240662,12,6,32,-3.331554372,1.24,15.5,28.56,62.88,19,12,18,-0.810315318,1.610757625,-3.01,15,-4.38,0.92974,20.7,4.088829382,-4.34,nonhotspot
 cla2,cla3,cla3,strand,loop,974.2,1267.5,1300.6,145.51,28.5,63.7,-95.64,98.9,38.9,79.6,31.6,73.8,39.57,51.9,0.9,0.4,42.41,7.6,32,-9.055687606,10,6,39,-2.282116557,1.678,-5.8,57.8,57.98,36,17,20,-0.611661774,1.229467419,4.8,-9,7.27,-0.35844,-1.8,2.77133794,6.03,nonhotspot
 cla3,cla6,cla2,strand,helix,1120.2,630.7,1235.4,172.41,108.8,141.7,-154.37,67.3,79.9,78.3,42.3,41.9,52.335,84.5,1.9,2.3,23.22,2.5,39,-19.98779653,19,8,45,-2.897193452,1.557,5.8,29.47,51.46,25,14,13,-3.495267407,5.268262786,1.74,-0.9,2.52,0.4089,-0.4,4.334410781,3.32,nonhotspot
 cla4,cla3,cla1,loop,helix,1172.1,543.4,1100.4,123.05,51.6,77.5,-62.95,62.6,55,76,70.9,50.9,64.26,107.6,13.6,11.9,36.81,12.6,23,-12.79864199,18,10,43,-4.379452729,1.316,7.1,28.745,59.17,23,19,14,-1.126945171,1.361510953,0.28,3,-0.82,0.72094,-5.6,4.132282402,7.86,nonhotspot
 cla6,cla5,cla3,loop,strand,487.5,799.8,1147.3,137.33,21.9,14.5,-72.88,54.3,10.8,88.9,77.5,72.2,22.775,44.5,64.4,69.9,68.16,6.7,12,-2.156108548,7,3,22,-1.101093949,0.629,8.6,40.42,51.57,25,10,16,-0.173139356,0.859251565,-2.01,9.1,-1.55,0.64728,10.5,2.733067964,-0.42,nonhotspot
 cla5,cla2,cla6,strand,strand,896.1,1058,1313.7,152.45,69.2,59.9,-80.81,124,29.8,82.7,69,93.6,39.605,62.3,102.6,104,52.94,37.9,34,-3.421316577,10,6,28,-1.610935854,1.411,3.9,51.14,63.945,57,13,23,-0.598605579,1.541861874,1.16,11.6,-3.2,0.40484,-2.7,4.093010339,7.78,nonhotspot
 cla3,cla2,cla5,strand,strand,664.9,896.1,1313.7,177.06,8.4,23.2,-117.59,124,22.8,82.7,33.9,62.3,28.545,34.4,0,0,32.01,69.2,15,-1.541185277,16,4,30,-0.501715847,1.165,-4.2,39.605,63.945,57,21,34,-0.030097974,0.410890959,4.53,3.9,1.16,0.07888,-2.7,0,7.78,nonhotspot
 cla2,cla2,cla3,strand,strand,984.3,664.9,1163.5,-6.53,47.2,129.4,-80.43,78.6,91.7,83.3,13.2,34.4,47.205,50.6,7.5,8.1,28.83,8.4,20,-9.455738977,13,7,30,-2.412265024,1.607,-8,28.545,57.735,30,21,15,-1.348815947,3.106384188,9.41,-4.2,4.53,1.09446,1,3.893044039,4.25,nonhotspot
 cla5,cla3,cla2,strand,loop,1119.5,984.3,1344.7,143.06,66,97.9,-109,59.6,48.6,79.5,90.1,50.6,52.63,67.1,44.3,64.7,54.26,47.2,29,-3.897766067,13,8,29,-1.835273342,1.855,-1.6,47.205,64.82,23,10,20,-0.677339925,1.531400823,6.64,-8,9.41,0.0319,-4.1,4.342635907,9.21,nonhotspot
 cla2,cla3,cla3,strand,loop,1038.3,664.9,1344.7,139.5,43.2,23.3,-85.07,59.6,14.3,79.5,25.1,34.4,45.69,62,31.1,45,43.73,8.4,32,-6.423244418,14,7,28,-1.402115107,1.718,-0.2,28.545,64.82,23,14,15,-0.535746179,1.752745738,4.46,-4.2,4.53,0.97962,-4.1,3.192121088,9.21,nonhotspot
 cla3,cla2,cla6,loop,loop,627.7,1108.4,785.9,163.98,16.8,24,-85.8,12.1,23.6,61.9,85,80.9,35.33,51.2,47.2,54.8,47.42,23.3,17,-7.993716182,10,5,26,-2.602266026,0.765,-0.8,58.105,40.615,15,11,24,-0.605372813,1.593376347,2.77,-4,5.31,0.09106,-0.3,3.2429829,2.51,nonhotspot
 cla1,cla2,cla2,loop,helix,1524.9,841.9,1482.9,139,82.7,55,-79.44,74.4,48.1,95.2,63.1,68.6,76.63,96.2,0,3.7,40.2,21.1,30,-31.46189588,15,12,31,-5.763255943,2.316,-7.6,46.775,69.545,27,18,26,-2.255446264,2.445933218,10.96,0.1,2.96,0.77198,-3.4,4.006969483,6.83,nonhotspot
 cla6,cla5,cla1,strand,loop,772.9,1524.9,719.9,144.38,30,25.8,-128.62,29.9,19.2,45.1,100.2,96.2,42.36,53.4,48.3,56.5,80.25,82.7,24,-3.475542914,8,6,24,-1.7749103,1.083,0.7,76.63,35.51,12,15,30,-0.273914343,0.843310048,5.09,-7.6,10.96,0.25636,-0.8,3.251149385,4.62,nonhotspot
 cla2,cla4,cla2,helix,loop,1482.9,1104.6,1240.5,-41.68,74.4,103.3,-64.3,85.8,73.2,73.1,55.6,62.3,69.545,95.2,21.3,18.5,48.32,33.9,27,-14.97164129,13,11,29,-4.511837597,2.31,-3.4,52.35,58.535,47,14,32,-2.078876907,2.559780999,6.83,-5.6,7.96,-1.25222,-6.2,4.646791861,7.42,nonhotspot
 cla5,cla6,cla6,strand,loop,1147.3,741.8,1058,119.87,54.3,66.9,-129.09,37.9,40.9,93.6,103.1,62.5,51.57,88.9,47.3,42.8,69.63,0.2,25,-5.17615448,10,8,28,-2.954147998,1.681,10.5,34.675,51.14,23,16,20,-0.707207586,1.134572379,-0.42,7.6,-1.14,-1.5138,11.6,4.27652722,-3.2,nonhotspot
 cla4,cla4,cla6,strand,loop,1013.1,741.8,1172.1,-178.29,70.7,73.3,-140.97,51.6,52,107.6,97.7,62.5,52.375,85.3,10.9,8.6,35.53,0.2,32,-12.9567542,15,8,32,-4.621015644,1.315,5.4,34.675,64.26,23,12,20,-0.991000219,1.134682894,0.92,7.6,-1.14,-0.57768,7.1,4.102973889,0.28,nonhotspot
 cla2,cla3,cla3,strand,strand,1163.5,951.3,584.7,138.86,78.6,72.5,-135.73,26.4,52.6,47.2,32.1,57.3,57.735,83.3,7.5,8.4,51.13,25.6,30,-22.4019,16,9,38,-5.159140794,1.712,1,47.165,28.325,15,21,17,-1.859906673,1.980808014,4.25,-1.8,6.33,-0.79692,3,4.313346214,0.25,nonhotspot
 cla2,cla5,cla3,strand,strand,1313.7,951.3,896.1,117.66,124,107.5,-103.01,69.2,65.5,62.3,37.3,57.3,63.945,82.7,4.6,6.7,34.84,25.6,57,-27.13864269,18,10,39,-4.366450276,2.022,-2.7,47.165,39.605,34,16,17,-3.551321803,3.730826176,7.78,-1.8,6.33,0.7482,3.9,4.67739782,1.16,nonhotspot
 cla2,cla5,cla3,loop,strand,616.8,1344.7,1119.5,154.91,2.1,0,-72.88,66,0,67.1,44.1,79.5,29.8,34.1,94.7,92.8,45.13,59.6,26,-0.30241316,5,4,24,-0.091134902,1.026,-2.3,64.82,52.63,29,9,23,-0.030322159,1.848429469,4.74,-4.1,9.21,-1.18668,-1.6,0,6.64,nonhotspot
 cla6,cla5,cla2,strand,strand,1051.1,989.2,1311.5,176.01,33.7,60.3,-153.9,33.3,44.7,113,72.3,70.7,52.675,91.1,18.4,17.1,41.06,3,26,-9.518318396,18,8,41,-4.622476046,1.397,11.7,47.14,63.65,36,19,22,-0.672793308,0.795345639,-1.05,6.7,2.34,-1.98186,17.4,4.139955073,-2.24,nonhotspot
 cla5,cla6,cla1,loop,strand,1188.3,714.7,655.8,-35.08,88.8,110.4,-53.86,27.8,54.9,51.6,81.3,68.4,58.34,102.7,72.5,69,40.47,46.8,28,-7.226056103,12,9,44,-2.71905128,1.601,18.2,34.595,28.625,11,17,24,-1.463864382,2.233913759,-2.34,15,-4.05,-0.78996,10.2,4.704472387,-1.48,nonhotspot
 cla4,cla2,cla4,helix,strand,863,1074.3,1184.4,26.13,37.9,36,-101.85,124.6,25.5,79.2,84.3,82.5,40.58,61.6,56.2,48.3,72.2,32.4,21,-7.346583206,8,6,25,-2.62015281,1.288,2.9,51.595,57.81,53,11,25,-0.550553692,1.111760538,2.68,5.7,1.33,-0.72732,-4,3.381334753,5.72,nonhotspot
 cla1,cla2,cla4,loop,strand,1117.3,1074.3,1184.4,-13.95,57,89.7,-68.28,124.6,78.4,79.2,38.5,82.5,51.73,70.4,19.3,19.2,37.75,32.4,21,-18.30702425,12,8,35,-3.645239148,1.667,-5.5,51.595,57.81,53,11,25,-2.213519968,3.795224192,5.71,5.7,1.33,-1.14202,-4,4.183423245,5.72,nonhotspot
 cla4,cla2,cla1,loop,strand,1074.3,1117.3,1184.4,96.39,32.4,29.3,-97.33,124.6,27.6,79.2,26.2,70.4,51.595,82.5,32.6,37.4,37.43,57,25,-5.639135986,10,8,32,-2.714110104,1.581,5.7,51.73,57.81,53,11,21,-0.337914636,0.787993171,1.33,-5.5,5.71,-1.12346,-4,3.376904689,5.72,nonhotspot
 cla6,cla5,cla4,helix,strand,743.8,1074.3,1273.4,41.91,30.2,53.1,50.53,28.6,39.4,108.2,109.3,82.5,34.475,55.7,86,95.4,61.24,32.4,16,-2.694654516,7,5,29,-1.308631991,1.115,3.4,51.595,57.06,34,10,25,-0.434450913,1.814145397,1.2,5.7,1.33,-0.81838,17.1,3.645710959,-3.63,nonhotspot
