atom_contacts_mirror,polarity_target,hydrophilicity_target,hydrophobicity_mirror,polarizability_target,ave_dpx_target,sd_s_ch_dpx_target,rel_dpx_target,rel_s_ch_dpx_target,rel_s_ch_ASA_target,atom_contact_areas_mirror,residue_contacts_mirror,polarizability_mirror,ss_mirror,ave_dpx_mirror,sd_dpx_mirror,mass_target,class_intra,mass_mirror,hydrophilicity_mirror,isopoint_mirror,class_mirror,hydrophobicity_target,atom_contact_areas_target,s_ch_ave_dpx_target,ss_target,atom_contacts_target,sd_dpx_target,rel_ASA_target,classtarget
97.4,777.8,60.2,9,-0.64,33.87,0.22589,0.716,0.516,0.716,1,38,-1.45,helix,56.45,0.79267,1.172,cla4,1.853,103.6,8.2, cla4,5,helix,1.1012,cla4,89.7,1.0329,0.5051,nonhotspot
97.4,1170.2,93.2,9,-2.37,50.64,0.88222,0.9,0.555,0.9,1,38,-1.45,helix,56.45,0.79267,1.734,cla4,1.853,103.6,8.2, cla4,8,helix,1.2943,cla4,45.3,1.7108,0.96342,nonhotspot
97.4,663.6,48.1,9,1.23,27.965,0.3018,0.157,0.432,0.248,1,38,-1.45,helix,56.45,0.79267,1.064,cla4,1.853,103.6,8.2, cla4,4,helix,0.89221,cla4,0.4,0.76454,0.6036,nonhotspot
97.4,990,72.6,9,1.01,45.275,0.55035,0.6,0.365,0.6,1,38,-1.45,helix,56.45,0.79267,1.485,cla4,1.853,103.6,8.2, cla2,7,helix,1.2121,cla4,59,1.2733,0.91807,nonhotspot
88,893.1,62,8,1.36,40.705,0.51858,0.684,0.57,0.686,1,33,4.69,helix,52.77,1.943,1.381,cla3,1.799,72.7,0.6, cla3,6,helix,0.89258,cla5,87,0.97765,0.6695,nonhotspot
77,1601.9,95.2,8,7.02,69.89,0.38349,0.97,0.698,0.977,1,43,4.05,helix,53.115,0.91362,2.643,cla4,1.898,75.6,3, cla2,11,loop,1.3549,cla4,91.2,1.6233,0.66422,nonhotspot
54.2,1209.3,63.7,6,10.1,53.96,0,0.544,0.663,0.514,1,22,4.44,loop,41.305,0.46825,2.02,cla6,1.513,56.7,-1.5, cla4,8,helix,0.84797,cla2,81.6,0.43798,0,nonhotspot
64,987.3,67.3,15,2.4,46.57,0.70588,0.965,0.515,0.922,1,35,7.81,helix,93.21,1.7968,1.524,cla5,3.389,133.2,0.6, cla3,7,loop,0.64655,cla2,11,0.45687,0.70588,nonhotspot
64,841.1,55.7,15,0.32,34.38,0.68756,0.551,0.72,0.322,1,35,7.81,helix,93.21,1.7968,1.475,cla5,3.389,133.2,0.6, cla6,5,loop,0.78787,cla2,26.5,0.53027,0.89133,nonhotspot
13.3,954.2,64.3,9,4.88,46.545,0,0.586,0.728,0.754,1,36,5.9,loop,57.725,1.257,1.461,cla2,1.952,83.3,-2.2, cla3,7,loop,0.94382,cla2,75.8,0.89564,0,nonhotspot
116.9,1259.4,97.8,15,2.92,63.18,0,0.55,0.754,0.624,1,60,4.39,loop,91.79,1.9951,1.704,cla4,3.178,143.3,4.9, cla4,10,loop,0.85224,cla3,27.6,0.63025,0,nonhotspot
46.2,1343.4,106,8,-3.37,56.545,0.18926,0.659,0.438,0.672,1,27,1.43,helix,51.725,1.2714,2.039,cla6,1.942,84.4,5.9, cla5,9,loop,0.79359,cla4,105.5,0.57493,0.4636,nonhotspot
16.2,802.8,71.9,5,-2.29,39.265,0,0.203,0,0.185,1,17,-1.7,helix,33.995,0.45037,0.988,cla3,0.668,63.2,8.2, cla6,6,helix,0.38343,cla5,20.6,0.13556,0,nonhotspot
46.2,1213.4,87.3,8,-0.33,51.37,0.26629,0.622,0.25,0.475,1,27,1.43,helix,51.725,1.2714,1.94,cla6,1.942,84.4,5.9, cla4,8,helix,0.88376,cla3,45.6,0.59077,0.53257,nonhotspot
52.1,1408.8,99.6,8,-0.38,62.955,1.053,0.85,0,0.84,0,24,1,helix,52.005,0.28409,2.208,cla6,1.602,81.6,5.7, cla3,10,helix,1.1378,cla5,30.2,1.1915,1.193,nonhotspot
52.1,1341.5,97.3,8,-0.38,57.12,0.21467,0.566,0,0.566,0,24,1,helix,52.005,0.28409,2.049,cla6,1.602,81.6,5.7, cla5,9,helix,1.2688,cla5,35.5,1.1137,0.52583,nonhotspot
184.6,1461.7,110.7,15,-2.29,63.34,0.29981,0.899,0.613,0.877,1,62,6.34,helix,93.59,1.2026,2.281,cla4,3.064,140.8,5.3, cla5,10,helix,0.89992,cla5,50.8,0.76842,0.59963,nonhotspot
59.4,1567.7,126,11,-3.8,68.15,0.31251,0.859,0.508,0.86,1,45,3.33,helix,69.045,1.53,2.37,cla5,2.518,109.3,5.2, cla6,11,helix,1.0731,cla5,50.8,1.2676,0.54128,nonhotspot
184.6,935.1,67.1,15,0.91,40.235,1.5682,0.703,0.634,0.72,0.619,62,6.34,helix,93.59,1.2026,1.501,cla4,3.064,140.8,5.3, cla5,6,helix,1.54,cla6,53,2.4956,1.4688,hotspot
97.4,1145.1,93.2,9,-2.29,50.71,0,0.333,0,0.332,1,38,-1.45,helix,56.45,0.79267,1.68,cla4,1.853,103.6,8.2, cla6,8,helix,0.55704,cla3,8.3,0.29635,0,nonhotspot
59.4,1475.7,96.4,11,3.93,63.475,0.47576,0.946,0.604,0.886,1,45,3.33,helix,69.045,1.53,2.459,cla5,2.518,109.3,5.2, cla3,10,helix,0.8876,cla6,60.1,0.96605,0.67283,hotspot
184.6,874.1,52.3,15,6.09,40.825,3.9048,1,0.533,0.996,0.628,62,6.34,helix,93.59,1.2026,1.451,cla4,3.064,140.8,5.3, cla2,6,helix,1.4401,cla3,27.2,2.9538,0.59056,nonhotspot
38.6,1106.3,73.4,9,7.74,59.27,0.40394,0.627,0.268,0.627,1,26,8.1,helix,58.72,1.4712,1.539,cla1,1.888,72.3,-5.2, cla5,9,helix,1.166,cla2,24.5,1.143,0.6405,hotspot
26.9,1377.6,90.3,9,4.67,63.365,1.7713,0.987,0.776,0.988,0.782,30,1.37,helix,58.015,0.29753,2.21,cla5,1.989,91.4,6.2, cla2,10,helix,1.0139,cla5,29.6,2.357,1.147,nonhotspot
26.9,628.8,43,9,1.12,29.015,0,0.041,0,0.026,1,30,1.37,helix,58.015,0.29753,1.004,cla5,1.989,91.4,6.2, cla5,4,helix,0.38132,cla3,1.8,0.12058,0,nonhotspot
60.1,1604.8,109.3,10,3.33,69.045,1.3781,0.905,0,0.882,0,30,3.93,loop,63.475,0.96605,2.518,cla3,2.459,96.4,3.5, cla5,11,loop,1.323,cla6,59.4,1.53,1.2944,hotspot
105.5,931,69.5,9,-0.96,39.77,0,0.499,0,0.455,1,45,-3.37,loop,56.545,0.57493,1.417,cla5,2.039,106,16.4, cla6,6,loop,0.56035,cla5,41.2,0.29804,0,nonhotspot
26.5,2084.5,133.2,5,7.81,93.21,1.8741,0.881,0.46,0.864,0.694,13,0.32,loop,34.38,0.53027,3.389,cla6,1.475,55.7,6.8, cla5,15,strand,1.2973,cla5,64,1.7968,1.3658,nonhotspot
16.6,498.6,34.5,7,0.73,22.685,0,1,1,0.035,1,21,0.55,loop,46.115,0.35613,0.765,cla2,1.289,74.5,4.5, cla3,3,loop,0,cla4,0,0,0,nonhotspot
55.7,724.8,54.8,8,0.81,34.765,0,0.05,1,0.17,1,25,2.32,loop,52.105,0.64196,1.047,cla2,1.77,81.8,1.7, cla4,5,loop,0.38759,cla3,15.6,0.13703,0,nonhotspot
55.7,824.8,57.2,8,0.88,34.72,0,0.126,0.54,0.136,1,25,2.32,loop,52.105,0.64196,1.342,cla2,1.77,81.8,1.7, cla6,5,loop,0.56204,cla4,25.6,0.29918,0,nonhotspot
91.2,1166.3,75.6,11,4.05,53.115,0.90179,0.754,0.491,0.627,0.696,31,7.02,loop,69.89,1.6233,1.898,cla2,2.643,95.2,-3.8, cla4,8,loop,0.97464,cla6,77,0.91362,0.97182,nonhotspot
81.6,546.5,33.7,8,2.93,23.68,0.51182,0.044,0.3,0.039,0.456,29,10.1,loop,53.96,0.43798,0.868,cla4,2.02,63.7,-9.7, cla4,3,strand,0.78621,cla3,4.3,0.55655,0.82297,nonhotspot
20.6,647.6,63.2,6,-1.7,33.995,0,0.21,0.461,0.301,1,21,-2.29,loop,39.265,0.13556,0.668,cla6,0.988,71.9,8.4, cla3,5,loop,0.63979,cla3,16.2,0.45037,0,nonhotspot
75.8,772,59.5,7,2.17,39.91,0.70858,0.838,0.262,0.872,1,27,4.88,loop,46.545,0.89564,1.029,cla3,1.461,64.3,-1.4, cla3,6,loop,0.84882,cla3,27.4,1.1009,0.70858,nonhotspot
75.8,1259.5,83.3,7,5.9,57.725,1.0067,0.891,0.581,0.935,0.622,27,4.88,loop,46.545,0.89564,1.952,cla3,1.461,64.3,-1.4, cla2,9,loop,1.0575,cla3,13.3,1.257,1.0629,nonhotspot
50.8,1987.4,140.8,10,6.34,93.59,1.3051,0.968,0.913,0.958,1,35,-2.29,loop,63.34,0.76842,3.064,cla5,2.281,110.7,15.6, cla4,15,loop,0.99531,cla2,184.6,1.2026,0.98268,hotspot
75.8,1083.4,72.4,7,4.43,52.22,0.98939,0.357,0,0.357,0,27,4.88,loop,46.545,0.89564,1.68,cla3,1.461,64.3,-1.4, cla2,8,loop,1.1405,cla4,14.6,1.7018,1.044,nonhotspot
81.6,941,56.7,8,4.44,41.305,0.30582,0.43,0.655,0.423,1,29,10.1,strand,53.96,0.43798,1.513,cla4,2.02,63.7,-9.7, cla6,6,strand,0.66623,cla5,54.2,0.46825,0.61164,nonhotspot
87,773.9,46,6,4.2,35.475,0,0.161,0.469,0.233,1,33,1.36,strand,40.705,0.97765,1.214,cla3,1.381,62,4.1, cla5,5,strand,1.203,cla6,7.2,1.0291,0,nonhotspot
30.2,1322.6,86.3,10,4.07,58.175,0,0.852,0,0.833,1,33,-0.38,strand,62.955,1.1915,2.142,cla3,2.208,99.6,9.2, cla3,9,strand,1.103,cla2,12.9,1.0549,0,nonhotspot
50.8,1330.5,108.6,11,-1.22,63.535,0.86171,0.599,0,0.55,0,40,-3.8,helix,68.15,1.2676,1.881,cla6,2.37,126,17.2, cla6,10,helix,0.99369,cla6,11.7,0.93164,0.92304,nonhotspot
54.3,1096.3,81.6,7,1,52.005,0,0.76,0,0.631,1,19,6.28,helix,46.61,1.4044,1.602,cla5,1.868,57.8,-6.2, cla6,8,helix,0.53205,cla6,52.1,0.28409,0,nonhotspot
105.5,1215.4,84.4,9,1.43,51.725,1.5698,0.828,0.495,0.785,0.802,45,-3.37,loop,56.545,0.57493,1.942,cla5,2.039,106,16.4, cla6,8,loop,1.0399,cla2,46.2,1.2714,0.97261,nonhotspot
4.8,1134.3,82.1,5,4.34,59.055,0,0.356,0.477,0.475,1,20,3.65,loop,35.78,0.30295,1.598,cla3,0.913,46.2,-0.6, cla2,9,loop,0.99798,cla6,2.3,0.94077,0,hotspot
4.8,804.8,69,5,2.9,47.995,0,0.051,1,0.243,1,20,3.65,loop,35.78,0.30295,0.946,cla3,0.913,46.2,-0.6, cla4,7,loop,0.38781,cla2,18.4,0.13711,0,nonhotspot
105.5,1271.4,91.4,9,1.37,58.015,0,0.26,0.503,0.418,1,45,-3.37,loop,56.545,0.57493,1.989,cla5,2.039,106,16.4, cla5,9,loop,0.55909,cla4,26.9,0.29753,0,nonhotspot
105.5,2044.3,143.3,9,4.39,91.79,2.4148,1,1,0.992,1,45,-3.37,loop,56.545,0.57493,3.178,cla5,2.039,106,16.4, cla4,15,loop,1.3069,cla1,116.9,1.9951,1.1789,hotspot
24.5,970.1,69.6,9,1.37,46.07,0,0.518,0,0.518,1,27,7.74,loop,59.27,1.143,1.46,cla5,1.539,73.4,-2.8, cla1,7,loop,0.86392,cla3,15.9,0.71278,0,nonhotspot
50.8,1173.3,82.3,11,1.05,51.19,1.0203,0.008,0,0.008,0,40,-3.8,strand,68.15,1.2676,1.833,cla6,2.37,126,17.2, cla4,8,loop,0.97845,cla5,0.4,1.5987,0.88832,nonhotspot
89.7,1101.1,85.7,5,0.67,51.15,0.40274,0.438,0.165,0.44,0.471,34,-0.64,loop,33.87,1.0329,1.604,cla4,1.172,60.2,5.9, cla5,8,strand,0.85657,cla4,52.3,0.73195,0.63828,nonhotspot
89.7,1279.2,103.6,5,-1.45,56.45,1.2773,0.882,1,0.855,1,34,-0.64,loop,33.87,1.0329,1.853,cla4,1.172,60.2,5.9, cla4,9,loop,0.84116,cla5,97.4,0.79267,0.81284,nonhotspot
50.8,1213.2,102.9,11,-2.5,56.865,0,0.744,1,0.722,1,40,-3.8,loop,68.15,1.2676,1.688,cla6,2.37,126,17.2, cla3,9,loop,0,cla4,36.5,0,0,nonhotspot
43.9,789.8,43.6,9,6.67,35.27,0.42674,0.364,0.153,0.364,0.649,36,10.45,strand,59.925,0.24231,1.351,cla3,1.914,72.3,-12.5, cla4,5,loop,1.5228,cla4,41.8,1.2948,0.65256,nonhotspot
79.7,1213.1,97.7,8,3.96,64.21,1.0855,0.955,0.542,0.955,1,31,6.76,loop,53.095,0.36294,1.611,cla1,1.577,71.2,-9.9, cla4,10,loop,1.0169,cla6,98,1.4298,0.97716,nonhotspot
79.7,773.8,42.5,8,7.02,35.68,3.2258,1,0.626,1,1,31,6.76,strand,53.095,0.36294,1.335,cla1,1.577,71.2,-9.9, cla3,5,strand,0.70634,cla4,31.1,4.1401,0.47295,nonhotspot
110.2,1529.6,99.2,10,8.1,70.655,1.7168,0.895,0.724,0.895,1,42,10.35,strand,66.285,0.35796,2.487,cla4,2.252,85.4,-6.4, cla4,11,strand,1.4397,cla6,55.1,2.4287,1.0524,nonhotspot
33,1170.3,97.4,11,0.05,58.175,0.80488,0.528,0,0.528,0,28,0.36,loop,69.24,0.62807,1.649,cla6,2.165,110.5,11.6, cla5,9,loop,1.4909,cla1,38.4,1.8838,1.0333,nonhotspot
110.2,914.9,44.9,10,7.11,35.255,0.25149,0.426,0.12,0.426,1,42,10.35,strand,66.285,0.35796,1.698,cla4,2.252,85.4,-6.4, cla6,5,strand,1.1342,cla4,31.6,1.1631,0.50298,nonhotspot
68.3,1626.6,105.7,8,10.21,78.01,1.5356,0.923,0.509,0.923,0.818,34,11.17,strand,54.09,0.92783,2.53,cla2,2.045,62.3,-12.5, cla4,12,strand,1.0941,cla4,80.3,1.762,1.1837,nonhotspot
110.2,1040,66.4,10,6.03,47.575,0.25154,0.577,0.13,0.577,1,42,10.35,strand,66.285,0.35796,1.665,cla4,2.252,85.4,-6.4, cla6,7,strand,1.1068,cla4,23.1,1.0784,0.50308,nonhotspot
74.9,1633.9,127.7,14,6.31,88.485,0.3459,0.913,0.354,0.912,1,31,10.76,loop,88.85,0.56561,2.122,cla2,2.843,119.4,-6.1, cla3,14,loop,0.80378,cla6,110.9,0.65137,0.59914,hotspot
80.9,1477.7,108.4,11,3.68,68.935,0.31343,0.966,1,0.783,1,36,5.58,loop,70.785,1.4968,2.196,cla5,2.134,103.4,0.2, cla6,11,loop,0.53672,cla3,82.9,0.30985,0.54288,hotspot
35.8,1488.6,102.6,7,5.28,69.785,0.52052,0.819,0.772,0.778,1,28,-1.35,loop,45.255,0.28502,2.226,cla6,1.361,79.6,9.5, cla3,11,loop,0.63723,cla2,135.5,0.44975,0.672,nonhotspot
7.2,484.6,35.4,8,0.53,22.795,0,0.019,0,0.019,1,24,4.17,strand,52.49,0,0.719,cla3,1.442,72.1,-2.8, cla5,3,strand,0.76312,cla4,4.4,0.44628,0,nonhotspot
74.9,931.1,64.7,14,3.39,46.51,0.38326,0.498,0,0.472,0,31,10.76,strand,88.85,0.56561,1.35,cla2,2.843,119.4,-6.1, cla2,7,loop,0.85324,cla3,28.5,0.80793,0.66383,nonhotspot
36.6,1466.5,100.1,6,3.52,63.285,0.51509,0.724,0.745,0.697,1,39,3.28,helix,40.27,0.76696,2.299,cla4,1.459,58,-0.9, cla5,10,loop,0.75991,cla6,85,0.43992,0.85374,hotspot
52.9,607.6,46.5,7,0.08,28.335,0,0.234,0,0.222,1,25,3.47,helix,46.325,0,0.903,cla3,1.621,72.2,-1.5, cla4,4,helix,0.81098,cla4,39.6,0.39324,0,nonhotspot
52.9,1009.1,75.9,7,0.9,45.775,0,0.587,0,0.587,1,25,3.47,helix,46.325,0,1.51,cla3,1.621,72.2,-1.5, cla4,7,helix,1.1341,cla4,37.5,0.92504,0,nonhotspot
82.9,758.7,59.7,11,0.75,34.41,1.2356,0.356,0.093,0.356,0.287,34,3.68,helix,68.935,0.30985,1.111,cla6,2.196,108.4,5.00E-16, cla4,5,helix,1.542,cla4,11.1,2.2938,0.97012,nonhotspot
37.7,1547.6,132.3,7,-4.72,74.315,0.18967,0.732,0.638,0.725,1,24,-3.29,helix,45.765,3.712,2.065,cla6,1.453,82.7,14.5, cla5,12,helix,0.59788,cla5,103.6,0.36497,0.4646,nonhotspot
57.9,830.9,68.2,7,-2.3,40.235,0,0.346,0.755,0.384,1,25,-3.11,helix,45.815,1.0732,1.168,cla6,1.335,81.4,14.6, cla5,6,helix,0.77707,cla5,74.9,0.45543,0,nonhotspot
135.5,606.6,50.5,11,-0.61,28.815,0,0.125,0,0.111,1,51,5.28,loop,69.785,0.44975,0.78,cla3,2.226,102.6,0.3, cla4,4,loop,0.40794,cla6,16.6,0.15419,0,nonhotspot
28.7,1209.3,92.7,6,1.14,57.45,0.44607,0.667,0.483,0.658,0.494,24,1.02,loop,40.77,0.16212,1.79,cla6,1.117,65.7,1.9, cla4,9,strand,0.80319,cla2,73.7,0.75939,0.6309,nonhotspot
31.6,1397.4,85.4,5,10.35,66.285,0,0.497,0.184,0.483,1,19,7.11,loop,35.255,1.1631,2.252,cla6,1.698,44.9,-8.5, cla4,10,loop,0.71335,cla2,110.2,0.35796,0,nonhotspot
135.5,992,79.6,11,-1.35,45.255,0,0.648,0,0.586,1,51,5.28,loop,69.785,0.44975,1.361,cla3,2.226,102.6,0.3, cla6,7,loop,0.53368,cla4,35.8,0.28502,0,nonhotspot
82.9,1362.5,97.4,11,3.61,63.82,0.44614,0.751,0.348,0.729,1,34,3.68,strand,68.935,0.30985,2.043,cla6,2.196,108.4,5.00E-16, cla4,10,strand,0.81054,cla1,69.4,0.76995,0.631,nonhotspot
40.6,1647,116.6,9,2.56,74.57,0.52419,0.934,0.306,0.934,1,24,-0.97,strand,57.24,2.386,2.444,cla6,1.81,100.6,9.8, cla3,12,strand,1.0793,cla3,89.8,1.1407,0.67676,hotspot
64.9,1461.9,98.1,8,4.55,69.195,1.2846,0.886,0.903,0.929,1,34,-0.53,strand,51.95,0.68549,2.179,cla3,1.591,86.1,7.3, cla3,11,strand,1.0492,cla5,53.4,2.1586,0.97683,nonhotspot
86.2,923.2,58.6,8,2.21,39.54,0.51417,0.372,0.377,0.619,0,34,1.51,strand,51.12,1.9127,1.526,cla3,1.764,79,0.7, cla3,6,strand,0.85899,cla5,11.9,0.94052,0.72715,nonhotspot
20,517.7,33.7,12,1.86,23.185,0,0,0,0.008,1,33,2.36,strand,75.56,0.54488,0.846,cla6,2.086,116.9,1.7, cla2,3,strand,0.47867,cla2,0,0.18092,0,nonhotspot
17.4,534.6,41,4,-1.02,22.91,0,0.212,0,0.177,1,7,-3.39,strand,28.935,0.54418,0.802,cla4,0.76,60.1,12.2, cla6,3,strand,0.48532,cla5,15.4,0.18343,0,nonhotspot
72.8,1052.2,71.5,11,0.84,45.255,0,0.045,0.543,0.18,1,41,-2.55,loop,67.875,2.1415,1.657,cla3,2.378,120.7,14.5, cla3,7,loop,0.61061,cla5,16.5,0.38416,0,nonhotspot
70.6,741.8,60.1,8,-1.91,33.795,0,-0.46,0.614,-0.031,1,32,-2.52,loop,50.745,1.1363,1.069,cla6,1.648,90,11.8, cla1,5,loop,0.88013,cla3,5.7,0.54319,0,nonhotspot
70.6,768.9,62.8,8,-3.16,33.81,0,0,0,0.013,1,32,-2.52,loop,50.745,1.1363,1.18,cla6,1.648,90,11.8, cla4,5,loop,0.40893,cla1,0.4,0.15456,0,nonhotspot
42.9,1243.4,82.2,9,2.93,51.9,0.30341,0.758,0.166,0.758,1,26,6.3,helix,58.485,0.41063,2.058,cla3,2.183,82.9,-7.2, cla5,8,helix,0.97091,cla4,46.6,1.0129,0.60683,hotspot
104.8,1024.2,78.3,13,-0.47,45.385,0.31093,0.032,0.536,0.068,0,42,3.38,loop,80.545,0.50008,1.542,cla6,2.72,127.5,6.3, cla4,7,loop,0.67918,cla3,4.2,0.67375,0.53855,hotspot
104.8,1129.2,85.1,13,1.47,52.035,0.18695,0.871,1,0.766,1,42,3.38,loop,80.545,0.50008,1.629,cla6,2.72,127.5,6.3, cla5,8,loop,0.5962,cla4,135.9,0.36378,0.45792,hotspot
33.6,870,75.2,6,-2.91,39.64,0.30053,0.63,1,0.51,1,22,2.15,loop,40.55,1.0528,1.22,cla2,1.416,63.6,4.3, cla6,6,loop,0.61493,cla5,47.8,0.32864,0.60107,nonhotspot
111.4,1294.6,79.6,14,2.38,51.585,0.30488,0.594,0,0.58,0,36,2.24,strand,86.82,1.5766,2.24,cla6,3.006,138,4.7, cla6,8,loop,1.0173,cla3,9.8,0.8486,0.60976,hotspot
111.4,1221.3,89.9,14,-2.02,50.645,2.5034,0.97,0.005,0.97,0.009,36,2.24,strand,86.82,1.5766,1.86,cla6,3.006,138,4.7, cla5,8,loop,1.457,cla4,23,3.1785,1.403,hotspot
111.4,1510.6,119.5,14,1.16,75.685,1.3399,0.99,0.773,0.991,1,36,2.24,loop,86.82,1.5766,2.044,cla6,3.006,138,4.7, cla4,12,loop,1.1292,cla6,143.6,1.7959,1.1171,hotspot
110.3,1675.7,123.5,10,0.6,74.75,0.52095,0.648,1,0.595,1,37,2.23,loop,62.975,0.38725,2.534,cla5,2.597,100.4,5.4, cla3,12,loop,0.6016,cla3,113,0.3473,0.67263,hotspot
135.9,1787.1,127.5,8,3.38,80.545,0.31299,0.981,1,0.965,1,44,1.47,helix,52.035,0.36378,2.72,cla5,1.629,85.1,7.6, cla6,13,helix,0.64931,cla2,104.8,0.50008,0.54211,hotspot
110.3,1936.1,138,10,2.24,86.82,0.86485,0.966,0.787,0.966,1,37,2.23,helix,62.975,0.38725,3.006,cla5,2.597,100.4,5.4, cla6,14,helix,1.0186,cla4,111.4,1.5766,0.92794,hotspot
46.6,1322.4,82.9,8,6.3,58.485,0.47645,0.572,0.497,0.566,1,24,2.93,helix,51.9,1.0129,2.183,cla5,2.058,82.2,3.2, cla3,9,helix,0.64927,cla1,42.9,0.41063,0.67381,nonhotspot
135.9,570.6,34.1,8,1.82,23.14,0,0.299,0,0.285,1,44,1.47,helix,52.035,0.36378,0.991,cla5,1.629,85.1,7.6, cla6,3,helix,0.53344,cla4,40.9,0.28483,0,nonhotspot
53.8,732.9,58.9,8,3.69,41.165,0,0.387,0.614,0.773,1,22,0.26,helix,52.285,0.64211,0.863,cla3,0.978,83.7,6.4, cla3,6,loop,0.91286,cla4,58.1,0.62954,0,nonhotspot
53.8,503.6,45.7,8,0.22,29.16,0,0.026,0.485,0.216,1,22,0.26,loop,52.285,0.64211,0.589,cla3,0.978,83.7,6.4, cla4,4,helix,0.55332,cla3,22.2,0.31928,0,nonhotspot
123.9,751,57.5,9,2.16,40.455,1.3077,0.806,0.634,0.328,0.634,42,1.44,loop,57.64,1.0718,0.981,cla3,1.256,88.2,2.2, cla3,6,loop,0.91725,cla3,39.4,0.56045,0.99294,nonhotspot
123.9,438.5,33.2,9,1.14,22.7,0,0,0,0.036,1,42,1.44,loop,57.64,1.0718,0.53,cla3,1.256,88.2,2.2, cla3,3,loop,0.4811,cla3,5.6,0.21516,0,nonhotspot
123.9,680.8,50.4,9,2.2,34.52,0,0,0.473,0.193,1,42,1.44,loop,57.64,1.0718,0.867,cla3,1.256,88.2,2.2, cla3,5,loop,0.87958,cla3,13,0.82207,0,nonhotspot
44,1081.3,69.3,5,5.16,52.115,0,0.777,0.423,0.786,1,13,1.45,helix,34.315,1.1576,1.62,cla5,1.24,50.3,0.2, cla6,8,loop,1.1083,cla3,104,0.75034,0,nonhotspot
23.7,1373.7,86.9,10,9.5,70.16,1.6315,0.979,0.39,0.979,0.766,23,3.97,helix,63.15,1.6536,1.967,cla3,1.719,90.3,-3.2, cla2,11,helix,0.93106,cla1,36.9,2.1755,1.0218,hotspot
162.6,973.1,69,14,5.78,52.89,0,0.706,0.646,0.713,1,49,7.76,helix,86.42,1.6535,1.374,cla2,2.706,119.1,-7.3, cla1,8,helix,1.0052,cla2,53.6,1.0833,0,hotspot
162.6,1293.7,79.9,14,9.08,64.295,4.4173,1,0.675,1,1,49,7.76,helix,86.42,1.6535,1.966,cla2,2.706,119.1,-7.3, cla1,10,helix,0.49492,cla3,33.4,4.307,0.48147,nonhotspot
64.4,613.6,53,10,1.07,35.085,0,0.344,0,0.344,1,45,4.08,helix,63.8,1.5656,0.758,cla5,1.538,92.4,-1.3, cla3,5,helix,1.3052,cla1,16.9,1.4111,0,nonhotspot
64.4,995,88.5,10,-1.27,51.595,0.55452,0.628,0.181,0.566,0.443,45,4.08,helix,63.8,1.5656,1.309,cla5,1.538,92.4,-1.3, cla6,8,helix,0.89919,cla1,51.6,0.7548,0.68634,hotspot
46.2,708.7,70.1,11,-0.99,40.88,0,0,1,0.225,1,25,-1.47,loop,69.635,0.58933,0.809,cla5,1.513,121.1,10.9, cla3,6,loop,0.94907,cla2,5.4,0.64993,0,nonhotspot
46.2,837.8,82.4,11,-1.63,46.665,0,1,0.045,0.827,1,25,-1.47,loop,69.635,0.58933,0.96,cla5,1.513,121.1,10.9, cla1,7,loop,0.68204,cla3,9,0.67781,0,nonhotspot
28.2,1646.9,123.1,8,3.3,80.88,2.7353,1,0.743,0.995,1,21,-0.71,loop,51.43,0.98543,2.318,cla4,1.494,88,8.6, cla3,13,loop,0.97201,cla1,37.5,1.7562,0.14675,hotspot
46.2,990.1,85.1,11,0.22,52.275,0,0.574,0.34,0.568,1,25,-1.47,helix,69.635,0.58933,1.25,cla5,1.513,121.1,10.9, cla6,8,loop,0.66886,cla3,36.8,0.51587,0,hotspot
162.6,1588.9,103.6,14,7.76,75.63,0.34448,0.591,0.683,0.531,1,49,7.76,loop,86.42,1.6535,2.361,cla2,2.706,119.1,-7.3, cla3,12,helix,0.61277,cla3,101.4,0.35348,0.59667,hotspot
71.7,881,63.2,9,2.3,41.065,0,0.216,0,0.107,1,36,4.85,loop,58.58,0.87459,1.257,cla4,1.665,83.9,-0.9, cla2,6,loop,0.44991,cla3,3.6,0.18367,0,nonhotspot
62.7,1065.1,70.8,13,7.67,59.175,0.50734,0.621,0.233,0.576,1,27,5.86,loop,82.86,1.4213,1.383,cla3,1.579,111.4,-0.8, cla3,9,loop,0.84933,cla3,42.8,0.93213,0.71749,nonhotspot
51.7,1830.9,156.1,5,8.35,112.94,0.606,0.964,1,0.972,1,13,0.46,loop,35.2,3.2107,2.027,cla3,0.529,52.7,1.6, cla5,18,strand,1.5194,cla3,130,1.8044,0.74223,hotspot
42,1458.8,98.4,8,8.93,75.585,0.74676,0.939,0.921,0.946,1,42,7.12,loop,53.195,0.84459,2.168,cla2,1.694,68.6,-3.8, cla5,12,loop,1.4569,cla1,145.9,1.6531,0.9149,nonhotspot
101,587.8,34.5,6,5.84,29.795,0,0.686,0,0.592,1,41,4.95,strand,40.48,0.83969,0.907,cla2,1.532,55.4,-2.8, cla2,4,strand,0.5823,cla2,39.5,0.33464,0,nonhotspot
62.7,861.2,46.3,13,7.09,40.555,0,0.455,0,0.422,1,27,5.86,strand,82.86,1.4213,1.422,cla3,1.579,111.4,-0.8, cla1,6,loop,0.60674,cla3,21.5,0.38205,0,nonhotspot
33.3,833.1,49.5,3,5.67,41.49,0.21403,0.268,1,0.315,1,17,2.45,loop,23.18,0.47191,1.282,cla2,0.725,29.8,-0.3, cla5,6,loop,0.43071,cla3,52.3,0.1362,0.52427,nonhotspot
71.5,1696.1,89.8,8,14.31,75.78,4.1251,1,0.835,1,0.878,34,8.82,strand,52.71,0.65562,2.896,cla2,1.853,62.7,-8, cla1,12,strand,0.66845,cla2,72.8,3.5263,0.14268,hotspot
50.4,1734,110.4,7,13.72,88.225,0.56961,0.704,0.865,0.715,1,36,8.59,strand,46.425,1.9627,2.585,cla4,1.804,55,-10.6, cla4,14,strand,0.79609,cla1,143.4,0.76697,0.69863,hotspot
46.1,585.7,55.9,11,-3.23,29.015,0.30366,0,0,0.06,0,39,-2.77,helix,69.33,0.70718,0.766,cla5,2.207,119.3,13.6, cla5,4,helix,0.89748,cla6,8.1,0.75165,0.60732,nonhotspot
55.1,651.7,58.2,6,-3.41,28.47,0,0.424,0,0.411,1,33,-1.51,loop,39.675,0.15063,0.95,cla6,1.618,69.8,6.9, cla4,4,strand,1.003,cla5,37.9,0.6325,0,nonhotspot
36.2,940.1,65.4,5,3.44,46.68,0.3803,0.525,0.273,0.537,0,17,3.98,loop,35.175,1.2702,1.354,cla3,0.89,44.2,-6.8, cla2,7,loop,0.70842,cla1,31.2,0.70276,0.6587,hotspot
29.1,2098.3,142.7,8,6.42,98.995,1.4426,0.949,0.92,0.95,1,22,3.7,loop,51.415,3.5848,3.127,cla6,2.257,72,-2.6, cla3,16,loop,0.99241,cla2,199.5,1.2919,0.93349,hotspot
199.5,654.7,44.2,16,3.98,35.175,0,0.279,0.582,0.451,1,60,6.42,loop,98.995,1.2919,0.89,cla3,3.127,142.7,-2.6, cla3,5,loop,1.1559,cla1,36.2,1.2702,0,nonhotspot
199.5,1185.1,89.2,16,2.01,58.27,0.65976,0.347,0.609,0.426,0.18,60,6.42,loop,98.995,1.2919,1.66,cla3,3.127,142.7,-2.6, cla3,9,loop,0.99274,cla1,30.7,0.92279,0.90795,nonhotspot
30.4,1714.7,119.6,9,5.22,81.22,1.9857,0.897,0.939,0.894,1,37,3.94,loop,57.765,1.1864,2.454,cla3,2.284,83.5,-2.9, cla4,13,loop,1.2528,cla1,100.9,1.7015,1.2148,hotspot
70.1,1040.1,67.1,8,4.38,46.475,1.6019,0.879,1,0.618,1,25,0.1,loop,51.675,1.2192,1.61,cla4,1.63,87.8,5.1, cla6,7,loop,1.0356,cla1,44.8,0.98193,0.99155,hotspot
70.1,644.6,49.1,8,0.92,28.555,0,0.562,0,0.541,1,25,0.1,loop,51.675,1.2192,0.936,cla4,1.63,87.8,5.1, cla4,4,strand,0.83885,cla3,21.8,0.61563,0,nonhotspot
70.1,661.7,43.2,8,2.75,28.83,0,0.615,0,0.61,1,25,0.1,strand,51.675,1.2192,1.023,cla4,1.63,87.8,5.1, cla6,4,strand,0.84639,cla3,16.4,0.62832,0,nonhotspot
199.5,1305.5,72,16,3.7,51.415,3.7428,1,0.837,1,1,60,6.42,strand,98.995,1.2919,2.257,cla3,3.127,142.7,-2.6, cla6,8,strand,0.72648,cla5,29.1,3.5848,0.59229,hotspot
8.1,1532.7,119.3,4,-2.77,69.33,0.40069,0.556,0.169,0.555,0.469,15,-3.23,strand,29.015,0.75165,2.207,cla5,0.766,55.9,11.5, cla5,11,strand,0.80709,cla6,46.1,0.70718,0.63523,nonhotspot
37.9,1006.1,69.8,4,-1.51,39.675,0,0.581,0,0.569,1,24,-3.41,loop,28.47,0.6325,1.618,cla4,0.95,58.2,11.5, cla6,6,strand,0.39853,cla5,55.1,0.15063,0,hotspot
36.4,1573.8,101.1,5,-0.3,62.67,0.52125,0.846,1,0.829,1,22,2.94,loop,34.465,0,2.651,cla1,1.476,47.8,-4.8, cla3,10,loop,0.80362,cla6,97.1,0.65682,0.67303,hotspot
63.4,602.7,44.4,7,1.14,29.57,0,0.27,1,0.371,1,26,1.47,loop,46.98,0.44152,0.893,cla5,1.318,73.9,5.4, cla6,4,loop,0.81122,cla2,51.6,0.44891,0,nonhotspot
63.4,1215.5,86.5,7,3.01,58.955,0.34564,0.63,1,0.617,1,26,1.47,strand,46.98,0.44152,1.827,cla5,1.318,73.9,5.4, cla3,9,loop,0.64522,cla6,115.6,0.45495,0.59869,nonhotspot
40.2,1466.8,109.8,8,5.64,76.235,0.9987,0.906,0.589,0.784,0.621,31,4.79,loop,52.295,0.84331,2.029,cla3,1.555,69.5,-2.8, cla2,12,strand,0.901,cla3,55,0.8344,1.0557,nonhotspot
63.4,1005.4,65.1,7,4.22,46.995,0,0.201,0,0.211,1,26,1.47,loop,46.98,0.44152,1.634,cla5,1.318,73.9,5.4, cla6,7,loop,0.40631,cla2,6.1,0.15357,0,nonhotspot
70.7,1159.6,66.1,10,12.01,59.51,0.38262,0.923,0.189,0.916,1,30,13.48,helix,64.74,1.5097,1.808,cla2,2.019,69.7,-15.7, cla2,9,loop,1.0842,cla6,92,1.0131,0.66273,hotspot
97,1576.1,104.8,8,11.12,82.635,1.0836,0.855,0.703,0.845,0.817,32,6.59,helix,52.09,0,2.334,cla3,1.785,69.6,-4.1, cla2,13,helix,0.94659,cla2,123.5,0.80143,1.0133,hotspot
16.9,1104.4,61.1,4,9.81,52.9,0.37838,0.797,0,0.779,0,9,4.27,helix,29.105,0.29622,1.804,cla4,0.976,37,-5.4, cla2,8,helix,0.87872,cla2,56.2,0.66095,0.65537,hotspot
97,891.1,61.1,8,2.52,40.35,0.30528,0.478,0.699,0.443,1,32,6.59,helix,52.09,0,1.381,cla3,1.785,69.6,-4.1, cla4,6,helix,0.64658,cla5,51.8,0.45448,0.61055,nonhotspot
92.5,995.2,76.1,12,-0.14,45.25,0,0.501,0.632,0.517,1,38,4.41,helix,74.585,0.88166,1.51,cla4,2.507,114.5,3.2, cla4,7,helix,0.89171,cla5,21.9,0.49673,0,nonhotspot
92.5,1391.8,90.2,12,5.88,63.215,4.0339,1,0.764,1,0.905,38,4.41,helix,74.585,0.88166,2.268,cla4,2.507,114.5,3.2, cla2,10,helix,0.64546,cla4,13.8,3.5863,0.48249,hotspot
0.4,1102.4,73.4,9,5.48,52.275,0,0.574,0.054,0.477,1,16,0.68,helix,50.98,0.68046,1.733,cla2,1.511,85.3,3.2, cla5,8,helix,0.56733,cla2,46.7,0.30215,0,nonhotspot
0.2,682.7,63.2,4,0.88,41.475,0,0.491,0,0.491,1,6,1.56,helix,29.755,0,0.795,cla1,0.53,43.8,1.1, cla3,6,helix,0.67712,cla1,3.8,0.58218,0,nonhotspot
72.2,1192.6,81.8,11,5.03,58.36,1.5597,0.976,0.527,0.976,1,27,7.44,helix,68.835,1.0042,1.849,cla2,2.651,94.9,-4.7, cla6,9,helix,0.98421,cla5,75.9,2.1418,0.86748,hotspot
26.8,1781,137.9,6,1.55,86.705,0.30104,0.935,0.506,0.923,1,21,3.76,helix,40.735,0.71505,2.478,cla6,1.414,57.6,0.3, cla5,14,helix,0.61797,cla6,132.9,0.33029,0.60209,nonhotspot
113.7,1657,114.5,11,4.34,74.61,0.81009,0.958,0.757,0.958,1,37,3.26,helix,69.39,1.3031,2.613,cla4,2.085,108.8,-0.2, cla5,12,helix,1.3954,cla4,71.9,1.7983,1.0447,hotspot
113.7,1056.1,84.2,11,0.47,51.11,0.31131,0.887,0.462,0.707,1,37,3.26,helix,69.39,1.3031,1.489,cla4,2.085,108.8,-0.2, cla4,8,helix,0.58628,cla1,93.9,0.33717,0.53921,hotspot
56.2,522.4,49.9,5,-0.02,29.02,0,0.356,0.463,0.378,1,19,-0.62,loop,33.67,0.35404,0.609,cla4,1.009,61.4,3.8, cla6,4,loop,0.84588,cla1,43.4,0.62509,0,nonhotspot
32.2,700.6,51.7,3,2.87,35.045,0,0.294,0,0.282,1,10,1.65,strand,22.965,0,0.988,cla4,0.848,36.8,-0.6, cla6,5,loop,0.41729,cla1,36.2,0.14753,0,nonhotspot
113.7,1540.6,115.8,11,4.67,75.34,1.5365,0.934,0.62,0.848,0.554,37,3.26,strand,69.39,1.3031,2.244,cla4,2.085,108.8,-0.2, cla4,12,strand,0.94255,cla6,55.3,1.2905,0.92078,hotspot
44.8,772.7,69.7,6,-0.62,39.605,0,0.364,1,0.338,1,19,-0.93,loop,39.795,0.53989,0.909,cla1,0.915,68.5,5.3, cla4,6,loop,0,cla4,47,0,0,nonhotspot
22,1116.1,91.5,11,-0.02,57.39,0.32806,0.817,0.253,0.8,1,34,3.08,loop,69.665,0.63678,1.536,cla5,1.625,101.5,-3, cla4,9,loop,0.88304,cla5,67.2,0.64796,0.56821,hotspot
58.8,834.8,74.5,8,-0.09,46.375,0,0.206,0.237,0.298,1,18,2.2,loop,52.625,0.176,1.004,cla1,1.243,75.4,-3.1, cla3,7,loop,0.79759,cla1,29.9,0.43509,0,nonhotspot
57.9,953.9,88.3,8,-1.33,51.25,0,0.378,0.781,0.727,1,28,-0.02,loop,51.59,0.61562,1.13,cla4,1.041,85,2.4, cla3,8,loop,1.1635,cla3,36.5,0.95606,0,nonhotspot
25.6,1089.2,89.5,9,-1.65,50.595,0,0.078,0.023,0.131,1,21,-0.39,strand,56.895,0.38322,1.529,cla3,1.374,97.6,6.2, cla6,8,loop,0.82539,cla3,4,0.55834,0,nonhotspot
25.6,864.8,79.8,9,-0.86,45.94,0.30573,0.588,0.515,0.538,1,21,-0.39,strand,56.895,0.38322,1.081,cla3,1.374,97.6,6.2, cla5,7,strand,0.61786,cla6,46.6,0.33008,0.61146,nonhotspot
50.9,874.1,58,6,3.4,40.215,0,0.577,0,0.557,1,28,2.57,strand,40.605,0.37181,1.403,cla2,0.983,59,-0.2, cla5,6,strand,0.79731,cla3,55.7,0.53714,0,nonhotspot
45.8,896,75.1,9,0.22,46.41,0,0.435,0.493,0.51,1,24,3.11,loop,58.115,0.37259,1.181,cla4,1.548,86.2,-1.1, cla3,7,loop,1.2554,cla2,17.7,1.6031,0,nonhotspot
49.3,1386.4,129.4,6,-2.95,73.925,1.2599,0.891,0.556,0.898,1,21,-2.83,loop,39.2,0.23624,1.661,cla3,0.988,75.1,10.1, cla4,12,loop,1.0785,cla3,52,1.7859,1.0789,nonhotspot
36.5,1086,97.6,8,-0.39,56.895,0,0.821,0.543,0.778,1,29,-1.33,loop,51.25,0.95606,1.374,cla3,1.13,88.3,6.5, cla3,9,loop,0.60906,cla1,25.6,0.38322,0,nonhotspot
36.5,937.8,85,8,-0.02,51.59,0,0.819,0,0.811,1,29,-1.33,helix,51.25,0.95606,1.041,cla3,1.13,88.3,6.5, cla4,8,helix,0.83903,cla1,57.9,0.61562,0,hotspot
67.6,1121.1,90.7,7,0.52,57.86,0.34719,0.462,0.692,0.416,1,31,-0.6,helix,46.13,0,1.512,cla1,1.011,74.1,2.7, cla3,9,loop,0.5803,cla3,55.9,0.33437,0.60138,nonhotspot
37.5,1153.3,86.2,6,3.11,58.115,0.37769,0.746,0,0.611,0,22,2.04,loop,40.68,0.38745,1.548,cla2,1.148,58.5,0.7, cla4,9,loop,0.64543,cla2,45.8,0.37259,0.65418,nonhotspot
50.3,924,68.8,12,1.64,46.29,1.2493,0.769,0.82,0.771,1,31,1.09,loop,75.405,0.53928,1.315,cla1,1.979,116,2.1, cla3,7,loop,0.97303,cla1,28.6,1.2535,1.0459,hotspot
19.6,954,75.4,10,2.2,52.625,0,0.755,0,0.749,1,33,0.59,loop,63.46,1.2623,1.243,cla1,1.668,97.5,1.9, cla1,8,loop,0.43112,cla3,58.8,0.176,0,hotspot
67.2,1268.3,101.5,9,3.08,69.665,0.60769,0.815,0.215,0.859,0,26,-0.02,loop,57.39,0.64796,1.625,cla4,1.536,91.5,4.9, cla5,11,loop,0.71634,cla1,22,0.63678,0.74426,nonhotspot
55.7,731.9,59,6,2.57,40.605,0.19926,0.283,0.341,0.28,1,37,3.4,loop,40.215,0.53714,0.983,cla5,1.403,58,-2.6, cla2,6,loop,0.60933,cla4,50.9,0.37181,0.4881,nonhotspot
67.6,882.9,66.7,7,2.59,46.38,0.26536,0.715,0.209,0.627,1,31,-0.6,helix,46.13,0,1.158,cla1,1.011,74.1,2.7, cla4,7,helix,0.82936,cla4,30.4,0.70659,0.53073,hotspot
38.3,1128.3,75.1,10,1.32,46.24,0.30423,0.475,0,0.471,0,50,4.62,loop,63.42,0.82178,1.943,cla4,2.758,95.2,1.3, cla6,7,loop,0.83751,cla6,47.5,0.71411,0.60847,nonhotspot
37.3,850,59.5,7,-0.18,34.59,0,0.48,0,0.497,1,21,-1.23,loop,45.695,0.16254,1.401,cla5,1.754,79.2,9.6, cla6,5,loop,0.5876,cla6,32.3,0.33778,0,nonhotspot
37.3,1208.4,66.4,7,4.9,46.17,0.34926,0.601,0,0.546,0,21,-1.23,loop,45.695,0.16254,2.202,cla5,1.754,79.2,9.6, cla3,7,loop,0.61431,cla6,47.9,0.35457,0.60494,nonhotspot
114.4,1070.2,53.9,10,5.07,39.71,2.6308,0.966,0.871,0.975,1,33,8.39,loop,62.82,3.6091,1.947,cla4,2.874,85.9,-12.7, cla3,6,loop,1.5317,cla4,41.8,3.3949,1.2921,nonhotspot
59.1,1978.2,117.2,8,7.06,80.405,1.0307,0.974,0.832,0.98,0.718,29,5.96,loop,52.005,2.2835,3.331,cla5,2.081,73.6,-5.6, cla4,13,loop,1.5428,cla3,125,1.8552,0.92341,hotspot
34.7,1190.3,72.7,7,6.52,52.21,0,0.845,0.51,0.8,1,25,2.48,loop,46.325,0.29966,1.969,cla6,1.44,70.2,0.5, cla3,8,loop,0.94481,cla4,54.3,0.87129,0,nonhotspot
114.4,780.8,53.3,10,2.19,34.15,0.47565,0.809,0.9,0.833,1,33,8.39,loop,62.82,3.6091,1.162,cla4,2.874,85.9,-12.7, cla3,5,loop,1.2167,cla3,39.2,1.7462,0.67266,nonhotspot
114.4,564.6,31.8,10,2.87,22.665,2.3233,0.991,0.909,0.948,1,33,8.39,loop,62.82,3.6091,0.949,cla4,2.874,85.9,-12.7, cla4,3,loop,1.1175,cla3,24.6,2.114,1.0636,nonhotspot
33.5,707.7,48.7,6,3.62,35.365,0,0.38,0,0.334,1,20,2.03,loop,40.34,0,1.014,cla6,1.367,62.6,1.1, cla3,5,loop,0.5037,cla1,59.3,0.22432,0,nonhotspot
114.4,1457.5,101.7,10,2.67,63.555,4.0508,1,0.812,1,0.966,33,8.39,strand,62.82,3.6091,2.34,cla4,2.874,85.9,-12.7, cla4,10,loop,0.49995,cla4,38.7,4.1552,0.4148,hotspot
100.5,1050.1,69.2,12,4.15,47.155,1.1306,0.504,0.164,0.432,0.215,26,4.36,loop,75.08,0.97998,1.685,cla1,2.595,113.1,-2.1, cla4,7,strand,1.1524,cla4,51.8,1.3238,1.0069,hotspot
104.7,730.8,48.1,13,1.97,29.37,0.31275,0.212,0.462,0.135,1,37,3.23,loop,80.93,1.28,1.247,cla5,2.648,131.2,2.9, cla6,4,loop,0.58881,cla4,25.9,0.33863,0.54169,nonhotspot
104.7,707.8,48.9,13,0.68,29.14,0,0.301,0,0.26,1,37,3.23,loop,80.93,1.28,1.136,cla5,2.648,131.2,2.9, cla6,4,strand,0.83228,cla4,21.2,0.61186,0,nonhotspot
114.4,957.1,62.9,10,1.77,40.03,0.3451,0.793,0.353,0.76,1,33,8.39,strand,62.82,3.6091,1.525,cla4,2.874,85.9,-12.7, cla3,6,strand,0.80265,cla3,68.8,0.65159,0.59779,nonhotspot
100.5,912.8,65.4,12,3.55,46.82,0.6238,0.77,0.441,0.726,0.698,26,4.36,strand,75.08,0.97998,1.368,cla1,2.595,113.1,-2.1, cla5,7,loop,0.69342,cla1,34.5,0.62876,0.72305,nonhotspot
54.3,984,76.8,6,1.45,51.79,0,0.466,0,0.402,1,26,1.69,loop,40.2,0,1.285,cla3,1.099,61.3,-0.5, cla3,8,loop,0.34023,cla1,101.7,0.10258,0,nonhotspot
125,1240.4,73.6,13,5.96,52.005,3.131,1,0.613,0.961,0.805,60,7.06,strand,80.405,1.8552,2.081,cla4,3.331,117.2,-4.7, cla5,8,strand,1.2978,cla4,59.1,2.2835,0.9536,hotspot
59.3,1841,123.3,4,3.28,79.865,1.2421,0.941,0.72,0.936,1,16,2.05,strand,29.105,0.36331,3.001,cla1,0.826,40.8,-5.1, cla3,13,loop,1.0389,cla1,164.3,1.1502,1.0382,hotspot
34.5,1649.7,113.1,7,4.36,75.08,0.50254,0.916,0.411,0.926,0,21,3.55,loop,46.82,0.62876,2.595,cla5,1.368,65.4,-4.7, cla1,12,loop,0.8968,cla1,100.5,0.97998,0.7107,nonhotspot
25.9,1780.8,131.2,4,3.23,80.93,0.30096,0.767,0.875,0.776,1,20,1.97,loop,29.37,0.33863,2.648,cla6,1.247,48.1,2.2, cla5,13,loop,1.274,cla1,104.7,1.28,0.60192,hotspot
39.2,1615.8,85.9,5,8.39,62.82,4.2127,1,0.949,1,1,25,2.19,strand,34.15,1.7462,2.874,cla3,1.162,53.3,-0.8, cla4,10,loop,0.77434,cla5,114.4,3.6091,0.48968,hotspot
54.3,809.9,68.4,8,-1.09,39.525,0,0.167,1,0.456,1,24,6.52,loop,52.21,0.87129,1.034,cla3,1.969,72.7,-5.5, cla3,6,strand,0.89203,cla4,23.5,0.84156,0,nonhotspot
54.3,979.1,70.2,8,2.48,46.325,0,0.355,0.543,0.383,1,24,6.52,loop,52.21,0.87129,1.44,cla3,1.969,72.7,-5.5, cla6,7,loop,0.56324,cla3,34.7,0.29966,0,nonhotspot
125,1343.6,68.8,13,6.59,51.63,0.56703,0.523,0.512,0.523,1,60,7.06,strand,80.405,1.8552,2.457,cla4,3.331,117.2,-4.7, cla4,8,strand,0.82759,cla5,65.4,0.79064,0.69556,hotspot
47.5,599.7,39.5,7,-0.39,22.735,0.73152,0.503,0,0.503,0,26,1.32,strand,46.24,0.71411,1.07,cla6,1.943,75.1,6.7, cla5,3,loop,1.138,cla4,20.9,1.3405,0.88853,nonhotspot
47.9,1093.3,79.2,7,-1.23,45.695,0,0.459,0,0.383,1,39,4.9,strand,46.17,0.35457,1.754,cla3,2.202,66.4,-3.2, cla5,7,loop,0.45972,cla3,37.3,0.16254,0,nonhotspot
30.8,980.1,50.2,7,6.94,40.685,0.85049,0.533,0,0.496,0,21,7.53,loop,46.96,0.16643,1.683,cla2,1.678,59.2,-5.3, cla4,6,loop,0.8149,cla4,29.7,0.70109,0.84206,nonhotspot
123.6,1410.6,85.2,11,8.56,64.1,1.2234,0.962,0.578,0.959,0.705,39,6.9,loop,69.62,2.9676,2.244,cla4,2.321,95.5,-7, cla3,10,loop,0.88608,cla2,61.3,1.0664,0.91022,nonhotspot
55.8,699.7,50.2,8,1.84,34.095,1.2698,0.763,0.505,0.763,0.771,27,-1.25,strand,50.955,0.24839,0.946,cla1,1.587,84.8,6.3, cla3,5,loop,1.2578,cla3,37.5,1.7385,1.1136,nonhotspot
39.6,1273.4,91.3,6,1.13,56.555,0.13832,0.76,0.269,0.76,1,29,1.22,loop,40.13,0.55186,1.86,cla6,1.302,62.4,1.9, cla3,9,strand,0.59033,cla3,73.8,0.36695,0.41496,nonhotspot
83.6,699.7,50.2,10,1.84,34.095,0.60988,0.43,0.114,0.416,0.315,38,-0.03,strand,62.255,0.73106,0.946,cla4,1.993,99.6,3.6, cla3,5,loop,0.92002,cla3,34.5,0.93682,0.82747,nonhotspot
123.6,1402.6,88.1,11,6.76,63.285,1.0541,0.621,0.277,0.611,0.368,39,6.9,loop,69.62,2.9676,2.266,cla4,2.321,95.5,-7, cla4,10,loop,1.071,cla2,67.5,1.1994,1.0136,nonhotspot
123.6,819.9,53.8,11,2,34.39,0,0.679,0,0.687,1,39,6.9,loop,69.62,2.9676,1.337,cla4,2.321,95.5,-7, cla3,5,loop,0.48725,cla4,48.1,0.27883,0,nonhotspot
51.5,343.3,37.9,9,-0.73,23.335,0.43964,0,0,0.106,0,24,-0.5,loop,56.915,0.447,0.327,cla5,1.432,92.3,5.4, cla3,3,loop,0.99769,cla1,0,0.68834,0.87928,nonhotspot
51.5,1077,89.6,9,0.87,57.94,1.119,0.7,0.36,0.7,0.435,24,-0.5,loop,56.915,0.447,1.459,cla5,1.432,92.3,5.4, cla3,9,loop,0.92387,cla1,38.8,0.99178,0.97665,nonhotspot
64.6,1014.9,79.4,7,2.89,53.025,0.70591,0.8,0.401,0.8,0.699,34,1.92,loop,46.195,0.2781,1.323,cla6,1.636,73.1,1.6, cla4,8,loop,1.1672,cla1,74.3,1.1856,0.91692,nonhotspot
32.5,1244.4,83.7,4,-1.52,50.77,0.56308,0.61,0.056,0.61,0.136,17,-1.66,loop,28.01,0.91072,2.006,cla1,1.014,47.8,5.7, cla5,8,loop,1.2546,cla6,47.5,1.0489,0.98909,nonhotspot
38,1111.2,82.1,7,-0.29,51.375,0.24372,0.715,0.355,0.698,1,24,1.48,loop,46.505,2.2721,1.619,cla4,1.144,71.1,2.7, cla6,8,loop,0.54314,cla5,69.9,0.38139,0.48745,hotspot
64.6,1307.4,92.8,7,0.87,57.3,0.66508,0.96,0.906,0.961,1,34,1.92,loop,46.195,0.2781,1.989,cla6,1.636,73.1,1.6, cla3,9,loop,0.66733,cla6,103.8,0.74765,0.67793,hotspot
73.8,884.1,62.4,9,1.22,40.13,0.24705,0.697,0.249,0.497,1,44,1.13,loop,56.555,0.36695,1.302,cla3,1.86,91.3,0.1, cla6,6,loop,0.62953,cla4,39.6,0.55186,0.4941,nonhotspot
34.5,1377.5,99.6,5,-0.03,62.255,0.60846,0.787,0.153,0.744,0.289,19,1.84,loop,34.095,0.93682,1.993,cla3,0.946,50.2,-3.4, cla4,10,loop,1.0539,cla6,83.6,0.73106,1.075,nonhotspot
69.9,1134.1,102.2,8,-3.67,56.58,0.58859,0.769,0.186,0.771,0.003,34,-0.29,strand,51.375,0.38139,1.449,cla6,1.619,82.1,5.2, cla3,9,loop,0.89924,cla1,10,0.94796,0.75833,nonhotspot
69.9,1652.7,122.5,8,3.76,81.1,1.087,0.915,0.526,0.891,1,34,-0.29,loop,51.375,0.38139,2.238,cla6,1.619,82.1,5.2, cla3,13,strand,0.88677,cla3,76.6,1.0327,0.71729,nonhotspot
38.8,1091.1,92.3,9,-0.5,56.915,0.34834,0.639,0.211,0.626,0,42,0.87,loop,57.94,0.99178,1.432,cla3,1.459,89.6,1.9, cla5,9,loop,0.70623,cla1,51.5,0.447,0.69798,nonhotspot
74.3,965,72.4,8,2.16,46.815,0.59441,0.484,0.395,0.567,0,32,2.89,loop,53.025,1.1856,1.384,cla4,1.323,79.4,-2.4, cla3,7,loop,0.75425,cla1,34.7,0.79092,0.80033,nonhotspot
103.8,1064.1,73.1,9,1.92,46.195,0,0.586,1,0.603,1,42,0.87,loop,57.3,0.74765,1.636,cla3,1.989,92.8,4.9, cla6,7,loop,0.53644,cla3,64.6,0.2781,0,nonhotspot
103.8,979.9,87,9,0.04,52.05,0.88379,0.704,0.311,0.704,0.564,42,0.87,helix,57.3,0.74765,1.132,cla3,1.989,92.8,4.9, cla1,8,loop,1.2362,cla6,20.8,1.7547,0.89812,nonhotspot
30.8,1502.7,95.5,4,6.9,69.62,3.0165,1,0.804,1,1,16,4.74,helix,28.745,2.4582,2.321,cla2,1.239,36.5,-7.7, cla4,11,helix,0.60083,cla1,123.6,2.9676,0.55326,hotspot
61.3,1190.4,71.1,10,8.72,59.245,1.5056,0.839,0,0.824,0,39,8.56,loop,64.1,1.0664,1.864,cla3,2.244,85.2,-11.1, cla2,9,loop,1.1579,cla5,16.8,1.3186,1.37,nonhotspot
48.1,946,68.3,5,3.55,47.05,0.79727,0.457,0.747,0.426,0.796,20,2,loop,34.39,0.27883,1.361,cla3,1.337,53.8,0.6, cla5,7,loop,0.8547,cla2,59.7,0.8307,0.81238,nonhotspot
29.7,1008.3,59.2,6,7.53,46.96,0.37446,0.128,0,0.425,0,32,6.94,loop,40.685,0.70109,1.678,cla4,1.683,50.2,-9.3, cla2,7,loop,0.47072,cla3,30.8,0.16643,0.64858,nonhotspot
38.5,1837.7,161.2,8,7.47,113.81,0.81229,0.996,1,0.997,1,19,3.67,loop,53.385,3.405,2.045,cla3,1.015,74.1,-0.9, cla5,18,strand,1.7752,cla3,166.7,2.2207,1.0439,hotspot
59.8,821.8,71.9,10,-2.43,39.32,0.87395,0.283,0.525,0.365,0.194,26,-3.36,loop,62.235,1.5057,1.162,cla4,1.767,110.6,10.7, cla4,6,loop,1.0699,cla5,22.6,1.4267,0.96401,nonhotspot
26.1,1747.9,126.9,7,1.7,79.78,2.0907,0.986,0.546,0.985,0.691,28,0.59,strand,44.78,1.5422,2.584,cla3,1.577,70.7,0.7, cla3,13,loop,1.0417,cla4,90.7,1.8459,1.0356,hotspot
53.4,1496.7,88.2,6,5.02,62.435,0.19056,0.827,1,0.77,1,31,4.04,loop,39.855,3.9481,2.424,cla3,1.718,52.9,-6.7, cla5,10,strand,0.53624,cla3,135.2,0.25254,0.46677,nonhotspot
99.4,1053.4,44.6,12,8.93,40.965,1.4154,0.637,0.187,0.637,0.37,52,9,loop,75.535,0.29832,2.005,cla3,2.365,102.2,-10, cla4,6,loop,1.2846,cla4,52.9,2.0023,1.0487,nonhotspot
65.4,643.8,38.6,7,3.16,28.67,0.21001,0.471,0.367,0.452,1,32,4.31,loop,46.025,0.21051,1.056,cla3,1.757,64,-3.9, cla5,4,loop,0.59741,cla4,65.7,0.36442,0.51441,nonhotspot
65.4,1513.8,92.3,7,4.97,63,0.76005,0.902,0.271,0.886,0.5,32,4.31,loop,46.025,0.21051,2.519,cla3,1.757,64,-3.9, cla2,10,loop,0.70681,cla4,55.2,0.70158,0.76005,nonhotspot
51.8,480.4,41.1,7,-0.43,22.24,0,0.268,0,0.267,1,18,-2.05,helix,44.595,0.54411,0.652,cla4,1.522,81.5,7, cla3,3,helix,0.869,cla4,1.1,0.71684,0,nonhotspot
51.8,1028.2,81.2,7,-2.44,44.775,0.31076,0.62,0.72,0.606,1,18,-2.05,helix,44.595,0.54411,1.607,cla4,1.522,81.5,7, cla4,7,helix,0.90514,cla3,70.2,0.65539,0.53825,nonhotspot
59.8,1619.7,120.2,10,1.48,73.85,3.4553,1,0.743,0.997,0.913,26,-3.36,helix,62.235,1.5057,2.457,cla4,1.767,110.6,10.7, cla5,12,helix,1.4553,cla5,64.9,2.3596,0.4933,hotspot
104.6,1612,101.3,12,5.93,69.08,0.29584,0.789,0.873,0.813,1,50,8.23,helix,75.66,3.5654,2.659,cla3,2.699,104.4,-7.4, cla5,11,helix,1.1058,cla5,86.8,1.0971,0.59167,hotspot
53.4,1723.1,105.6,6,5.31,75.145,1.9764,1,0.842,0.994,1,31,4.04,loop,39.855,3.9481,2.823,cla3,1.718,52.9,-6.7, cla3,12,loop,0.79209,cla1,62,1.541,0.45601,nonhotspot
99.4,1336.5,100.1,12,4.37,69.41,1.4394,0.991,0.888,0.991,1,52,9,loop,75.535,0.29832,1.707,cla3,2.365,102.2,-10, cla6,11,loop,0.97206,cla3,71.3,1.4874,0.92779,nonhotspot
65.7,1085.3,64,4,4.31,46.025,0,0.905,1,0.855,1,23,3.16,loop,28.67,0.36442,1.757,cla5,1.056,38.6,-2.3, cla3,7,loop,0.47071,cla3,65.4,0.21051,0,nonhotspot
86.8,1008.2,70.2,11,2.77,45.955,0,0.514,0.546,0.582,1,33,5.93,loop,69.08,1.0971,1.521,cla5,2.659,101.3,-1.7, cla6,7,loop,0.59556,cla3,38.9,0.34192,0,hotspot
86.8,1708.1,104.4,11,8.23,75.66,3.8404,1,0.785,1,1,33,5.93,loop,69.08,1.0971,2.699,cla5,2.659,101.3,-1.7, cla3,12,loop,0.60135,cla6,104.6,3.5654,0.40762,hotspot
135.2,1006.2,52.9,10,4.04,39.855,3.9246,1,0.587,1,0.788,45,5.02,strand,62.435,0.25254,1.718,cla5,2.424,88.2,-6.5, cla3,6,strand,0.64965,cla3,53.4,3.9481,0.69185,hotspot
71.3,1587.9,102.2,11,9,75.535,0,0.688,0.649,0.687,1,35,4.37,loop,69.41,1.4874,2.365,cla6,1.707,100.1,-4, cla3,12,strand,0.69351,cla3,99.4,0.29832,0,hotspot
35.8,928,69.2,4,1.28,46.24,0.64953,0.573,0.599,0.551,0.733,17,-0.45,strand,28.845,0,1.256,cla1,0.599,49,3, cla3,7,strand,0.9148,cla3,67.4,0.85783,0.88666,nonhotspot
64.9,1270.3,110.6,12,-3.36,62.235,0.89274,0.822,0.312,0.822,1,31,1.48,loop,73.85,2.3596,1.767,cla5,2.457,120.2,2.5, cla4,10,loop,1.0366,cla1,59.8,1.5057,0.94819,hotspot
56.2,998,85.7,10,-0.91,51.14,3.7366,1,0.469,1,0.757,24,-4.47,loop,62.26,0.67281,1.279,cla1,1.764,115.5,15.2, cla4,8,loop,0.74216,cla4,39.1,4.1551,0.48136,hotspot
70.2,1268.5,100.8,7,-3.11,55.88,1.1565,0.887,0.549,0.887,1,21,-2.44,loop,44.775,0.65539,1.897,cla4,1.607,81.2,8, cla3,9,strand,0.92154,cla5,72.5,1.4048,0.985,hotspot
70.2,1014.1,81.5,7,-2.05,44.595,0,0.622,0,0.56,1,21,-2.44,strand,44.775,0.65539,1.522,cla4,1.607,81.2,8, cla4,7,strand,0.81264,cla5,51.8,0.54411,0,nonhotspot
135.2,930.1,55.9,10,3.04,39.85,1.5603,0.973,0.707,0.97,0.777,45,5.02,loop,62.435,0.25254,1.482,cla5,2.424,88.2,-6.5, cla3,6,loop,1.0213,cla3,23.1,1.5703,0.9971,hotspot
66.5,544.5,42.5,8,2.66,29.66,0,0.158,1,0.08,1,21,0.88,loop,51.97,0.39256,0.716,cla1,1.396,82.1,4.3, cla3,4,helix,0,cla4,0,0,0,nonhotspot
30.2,694.5,65.7,8,-1.72,34.66,0,0.312,0,0.291,1,37,-1.76,loop,52.495,0.60156,0.846,cla6,1.082,90.2,8.1, cla4,5,loop,0.45911,cla1,28.2,0.16232,0,nonhotspot
57.4,965.1,88.2,9,-4.16,45.885,0.4468,0.537,0.22,0.537,1,29,-3.6,strand,56.72,0.29097,1.369,cla1,1.568,104.7,12.4, cla4,7,strand,1.1265,cla6,40.8,1.2184,0.63194,nonhotspot
43.9,1064.2,93.7,9,-1.97,51.745,2.3737,0.972,0.139,0.972,0.332,29,-4.52,strand,56.705,0.15371,1.47,cla6,1.683,107.6,15.8, cla5,9,strand,1.4629,cla6,60.3,3.1529,1.5048,nonhotspot
45.4,412.4,36.3,5,0.98,23.185,0,0.032,0,0.148,1,12,0.38,loop,34.68,0,0.5,cla1,0.634,56.9,2.4, cla4,3,loop,0.44015,cla4,23.5,0.16636,0,nonhotspot
74.8,1155.3,107.1,10,-4,57.175,0,0.191,0.779,0.282,1,36,-4.74,loop,62.625,0.98489,1.547,cla4,1.629,113.8,15.9, cla4,10,loop,1.0834,cla4,46.7,0.73403,0,nonhotspot
74.8,1403.5,126.5,10,-1.36,75.385,0,0.773,0,0.774,1,36,-4.74,strand,62.625,0.98489,1.849,cla4,1.629,113.8,15.9, cla5,12,loop,1.1312,cla2,51.7,0.7598,0,nonhotspot
33,1278.2,118.9,10,2.4,76.18,0.30728,0.774,0.673,0.792,1,27,6.3,strand,64.52,0.672,1.37,cla1,1.561,89.8,-5.9, cla4,12,loop,1.1916,cla1,60.8,1.2849,0.61455,nonhotspot
14.9,1605.7,109.2,5,5.66,74.92,0,0.922,0.516,0.915,1,19,0.43,loop,34.625,0.54641,2.535,cla5,0.927,55.6,3.7, cla3,12,loop,0.60529,cla1,85.9,0.42766,0,nonhotspot
85,1117.4,73.1,7,5.03,52.385,0.99998,0.669,0.828,0.86,0.618,22,2.27,strand,46.46,0.79368,1.794,cla6,1.343,71.7,4.9, cla2,8,strand,1.3802,cla2,27.4,2.1607,1.0545,nonhotspot
57.4,754.8,67.5,11,2.55,47.125,0,0.395,0.66,0.447,1,25,4.14,strand,70.295,1.7564,0.879,cla2,1.376,104.5,-0.4, cla3,7,strand,0.91059,cla2,25.7,0.55697,0,nonhotspot
75.7,540.5,58.1,7,-0.91,35.165,0,0.397,0,0.395,1,27,-1.96,loop,46.27,0,0.546,cla3,0.899,77.8,8.6, cla4,5,strand,0.58764,cla5,27.8,0.33771,0,nonhotspot
85,1434.7,101.4,7,5.69,69.495,0,0.424,0.455,0.46,1,22,2.27,helix,46.46,0.79368,2.078,cla6,1.343,71.7,4.9, cla5,11,helix,0.52131,cla3,74.8,0.24456,0,nonhotspot
65.8,1000.2,67,6,3.87,46.3,0,0.448,1,0.618,1,31,5.66,helix,41.62,0.52675,1.527,cla2,0.981,51.6,-4.5, cla3,7,helix,0.45807,cla5,40.7,0.20486,0,nonhotspot
12.6,1298.5,96.5,6,3.08,63.885,0,0.463,0,0.421,1,19,2.87,helix,41.235,0.41404,1.893,cla3,0.912,60.1,-0.2, cla6,10,helix,0.58742,cla4,8.6,0.33754,0,nonhotspot
65.8,1044.2,70,6,7.14,53.5,0,0.292,0,0.249,1,31,5.66,helix,41.62,0.52675,1.495,cla2,0.981,51.6,-4.5, cla4,8,helix,0.56269,cla6,24.5,0.29944,0,nonhotspot
43.9,893.9,79.3,9,-3.7,39.815,0.24997,0.107,0.317,0.101,1,29,-4.52,strand,56.705,0.15371,1.284,cla6,1.683,107.6,15.8, cla6,7,strand,0.62158,cla4,4.6,0.43761,0.49994,nonhotspot
32.1,1489.7,120.1,9,2.66,81.59,0.87097,0.948,1,0.919,1,19,2.19,loop,57.11,1.0757,1.919,cla3,1.647,86.9,0.8, cla6,13,loop,0.81104,cla1,105.7,0.58917,0.93452,nonhotspot
116.2,1004.1,71.6,11,0.92,46.47,1.585,0.996,0.378,0.884,0.506,43,7.28,loop,70.02,0.991,1.461,cla6,2.63,98.8,-4.4, cla5,7,strand,0.92338,cla6,61,1.1786,0.89384,hotspot
116.2,1570.5,132,11,0.48,81.545,0.19781,0.894,0.695,0.891,1,43,7.28,loop,70.02,0.991,2.029,cla6,2.63,98.8,-4.4, cla2,13,loop,0.60485,cla1,157.4,0.36943,0.48454,hotspot
116.2,1097.2,83.1,11,-1.94,45.775,0.94882,0.531,0.416,0.467,0.317,43,7.28,loop,70.02,0.991,1.656,cla6,2.63,98.8,-4.4, cla3,7,loop,1.0035,cla2,39.6,0.94744,1.0146,nonhotspot
61,1599.7,98.8,7,7.28,70.02,0.99078,0.924,0.594,0.891,1,23,0.92,loop,46.47,1.1786,2.63,cla5,1.461,71.6,1.6, cla6,11,loop,0.94642,cla1,116.2,0.991,0.8666,nonhotspot
26.9,1872,143,7,2.94,93.065,1.0562,0.953,0.797,0.957,1,22,0.74,loop,46.365,0.89083,2.543,cla1,1.217,73.9,3.8, cla3,15,loop,1.1616,cla6,175,1.4726,1.1846,nonhotspot
105.7,1189.4,86.9,13,2.19,57.11,0.7062,0.891,0.219,0.822,1,46,2.66,loop,81.59,0.58917,1.647,cla6,1.919,120.1,0.3, cla3,9,helix,0.82458,cla3,32.1,1.0757,0.7062,nonhotspot
105.7,603.7,57.8,13,-0.66,34.67,0.90714,0,0,0,0,46,2.66,strand,81.59,0.58917,0.65,cla6,1.919,120.1,0.3, cla5,5,strand,0.79193,cla3,2.8,1.0647,0.74104,nonhotspot
105.7,729.8,68.1,13,-1.63,40.44,2.6114,1,0.756,0.744,0.726,46,2.66,strand,81.59,0.58917,0.879,cla6,1.919,120.1,0.3, cla3,6,strand,0.98277,cla5,26.3,1.9713,0.17859,nonhotspot
105.7,870.9,78.4,13,1.66,53.305,2.6255,0.612,0.213,0.612,0.376,46,2.66,strand,81.59,0.58917,0.996,cla6,1.919,120.1,0.3, cla5,8,strand,1.3103,cla1,34.4,2.9437,1.5231,nonhotspot
39,1376.5,108.1,6,1.91,68.79,0.31216,0.893,0.416,0.893,1,21,-1.61,strand,40.465,0.83973,1.819,cla3,0.618,69.2,6.7, cla6,11,loop,0.82678,cla1,70.5,0.77173,0.54068,hotspot
74,960.2,55.1,7,3.03,39.69,0.17282,0.44,0.209,0.418,1,35,2.7,loop,45.305,0.48507,1.567,cla4,1.282,67.8,-2.2, cla3,8,loop,0.82801,cla5,84.2,0.5517,0.45723,nonhotspot
88.8,654.9,50.6,9,-1.83,28.45,0,0.031,0,0.029,1,28,-2.34,strand,58.34,0.24363,1.066,cla5,1.601,102.7,18.2, cla5,4,strand,0.41561,cla2,0,0.14694,0,nonhotspot
78.6,584.7,47.2,9,0.25,28.325,0,0.653,0.813,0.674,1,30,4.25,strand,57.735,1.1324,0.827,cla2,1.712,83.3,1, cla3,4,loop,1.1471,cla4,26.4,0.9431,0,nonhotspot
78.6,603.8,41.9,9,2.26,28.43,1.2697,0.989,0.882,0.99,1,30,4.25,loop,57.735,1.1324,0.937,cla2,1.712,83.3,1, cla4,4,strand,0.83666,cla3,8.1,1.309,0.80721,nonhotspot
25.6,1232.5,96.7,7,2.58,64.36,0.3052,0.893,0.818,0.878,1,17,6.33,strand,47.165,1.8736,1.704,cla3,1.49,57.3,-1.8, cla5,10,strand,0.89565,cla3,88.3,0.75084,0.6104,hotspot
88.8,899.1,75.9,9,-3.24,40.18,0.38256,0.801,0.281,0.801,1,28,-2.34,strand,58.34,0.24363,1.322,cla5,1.601,102.7,18.2, cla2,6,strand,1.3779,cla5,23.1,1.6573,0.66261,nonhotspot
88.8,655.8,51.6,9,-1.48,28.625,0,0.231,0,0.23,1,28,-2.34,strand,58.34,0.24363,0.998,cla5,1.601,102.7,18.2, cla6,4,strand,0.84795,cla5,27.8,0.56642,0,nonhotspot
111.8,1081.3,65.9,13,3.83,45.405,1.9361,0.848,0.059,0.848,0,54,6.21,strand,80.785,0.25895,1.849,cla2,3.045,113.9,-1.5, cla4,7,strand,1.6426,cla5,34.8,3.1215,1.2332,nonhotspot
117.6,733,49.7,12,1.71,34.1,0,0.211,1,0.295,1,44,5.15,loop,74.92,0.48546,1.156,cla5,2.453,107.9,0.5, cla5,5,strand,0,cla3,20.8,0,0,nonhotspot
33.4,791.9,66.8,5,-0.76,40.075,0,0.159,1,0.321,1,17,0.2,loop,34.43,0.25784,1.075,cla2,1.107,55.1,5.3, cla3,6,loop,0,cla5,31.8,0,0,nonhotspot
117.6,1224.4,83.3,12,4.5,57.78,0,0.381,1,0.355,1,44,5.15,loop,74.92,0.48546,1.914,cla5,2.453,107.9,0.5, cla6,9,loop,0.48117,cla1,37.2,0.18187,0,nonhotspot
111.8,1833.1,142.6,13,-0.45,86.45,1.1275,0.683,0.429,0.632,0.414,54,6.21,loop,80.785,0.25895,2.688,cla2,3.045,113.9,-1.5, cla4,14,loop,0.94561,cla6,60.8,1.0084,0.99918,nonhotspot
30.2,1273.4,108.2,5,-3.63,57.06,0,0.423,0,0.432,1,16,1.2,strand,34.475,0.39928,1.849,cla6,1.115,55.7,3.4, cla5,9,loop,0.81484,cla4,28.6,0.5474,0,nonhotspot
57,1395.6,96.5,8,3.83,62.84,0,0.71,0,0.644,1,21,5.71,strand,51.73,0,2.202,cla1,1.667,70.4,-5.5, cla3,10,strand,0.63912,cla5,28.7,0.44929,0,nonhotspot
33.7,1311.5,113,8,-2.24,63.65,0.60893,0.607,0,0.607,0,26,-1.05,strand,52.675,0.59722,1.757,cla6,1.397,91.1,11.7, cla5,10,strand,0.84248,cla3,33.3,0.90066,0.74583,nonhotspot
32.4,1184.4,79.2,8,5.72,57.81,0.73925,0.927,0.658,0.788,1,25,1.33,strand,51.595,0.32003,1.745,cla4,1.581,82.5,5.7, cla2,9,strand,0.83207,cla3,124.6,0.71469,0.90799,nonhotspot
46.8,1174.3,103.4,5,-2.47,58.5,0.31322,0.89,0,0.833,0,24,-4.05,strand,34.595,1.2535,1.555,cla1,0.917,68.4,15, cla6,9,strand,0.63687,cla2,46,0.49125,0.54251,hotspot
31.3,892,78.4,10,-3.01,40.435,0,0.763,1,0.726,1,19,-4.34,helix,62.88,0,1.24,cla5,2.09,117.3,20.7, cla6,6,helix,0,cla6,33.7,0,0,nonhotspot
98.9,974.2,51.9,9,4.8,39.57,1.087,0.971,0.731,0.972,0.819,36,6.03,strand,57.98,0.89698,1.678,cla3,2.071,79.6,-1.8, cla2,6,strand,1.6148,cla3,28.5,2.1253,1.0229,nonhotspot
67.3,1120.2,84.5,8,1.74,52.335,1.9077,0.987,1,0.978,1,25,3.32,strand,51.46,0.67071,1.557,cla6,2.004,78.3,-0.4, cla3,8,strand,0.99556,cla2,108.8,1.4953,0.86529,nonhotspot
62.6,1172.1,107.6,9,0.28,64.26,0.54944,0.844,0.228,0.821,0.451,23,7.86,loop,59.17,0.24213,1.316,cla3,1.528,76,-5.6, cla4,10,loop,0.681,cla1,51.6,0.60451,0.67869,nonhotspot
54.3,487.5,44.5,8,-2.01,22.775,0,0.181,0,0.177,1,25,-0.42,loop,51.57,0.5452,0.629,cla5,1.681,88.9,10.5, cla6,3,loop,0.56201,cla3,21.9,0.29917,0,nonhotspot
124,896.1,62.3,10,1.16,39.605,0,0.378,1,0.424,1,57,7.78,strand,63.945,0.81716,1.411,cla2,2.022,82.7,-2.7, cla5,6,loop,0.35623,cla6,69.2,0.11265,0,nonhotspot
124,664.9,34.4,10,4.53,28.545,3.7849,1,0.883,1,0.873,57,7.78,strand,63.945,0.81716,1.165,cla2,2.022,82.7,-2.7, cla3,4,strand,0.57989,cla5,8.4,3.3627,0.11773,nonhotspot
78.6,984.3,50.6,9,9.41,47.205,1.6373,0.948,0.894,0.938,1,30,4.25,strand,57.735,1.1324,1.607,cla2,1.712,83.3,1, cla2,7,strand,1.1997,cla3,47.2,1.7253,1.0258,nonhotspot
59.6,1119.5,67.1,10,6.64,52.63,0,0.668,0,0.592,1,23,9.21,strand,64.82,0,1.855,cla3,2.159,79.5,-4.1, cla5,8,strand,0.41869,cla2,66,0.1324,0,nonhotspot
59.6,1038.3,62,10,4.46,45.69,0.39836,0.426,0.256,0.315,0.503,23,9.21,strand,64.82,0,1.718,cla3,2.159,79.5,-4.1, cla2,7,strand,0.66077,cla3,43.2,0.49793,0.62987,nonhotspot
12.1,627.7,51.2,6,2.77,35.33,0,0.372,0,0.323,1,15,2.51,loop,40.615,0.52479,0.765,cla2,1.007,61.9,-0.3, cla3,5,loop,0.84735,cla6,16.8,0.51256,0,nonhotspot
74.4,1524.9,96.2,11,10.96,76.63,3.0079,1,0.77,0.934,1,27,6.83,loop,69.545,0.34353,2.316,cla2,2.31,95.2,-3.4, cla1,12,loop,1.3026,cla2,82.7,1.6732,0.48009,nonhotspot
29.9,772.9,53.4,5,5.09,42.36,0.30186,0.323,0.331,0.338,0,12,4.62,strand,35.51,0.14758,1.083,cla5,1.114,45.1,-0.8, cla6,6,loop,1.0281,cla1,30,1.0872,0.60372,nonhotspot
85.8,1482.9,95.2,9,6.83,69.545,0.37836,0.839,0.551,0.821,1,47,7.42,helix,58.535,1.4241,2.31,cla4,2.023,73.1,-6.2, cla2,11,helix,0.59907,cla2,74.4,0.34353,0.65533,nonhotspot
37.9,1147.3,88.9,8,-0.42,51.57,0,0.614,0,0.602,1,23,-3.2,strand,51.14,0.56112,1.681,cla6,1.388,93.6,11.6, cla5,8,strand,0.81057,cla6,54.3,0.5452,0,nonhotspot
51.6,1013.1,85.3,10,0.92,52.375,0.24607,0.847,0.666,0.861,1,23,0.28,strand,64.26,0.60451,1.315,cla4,1.316,107.6,7.1, cla4,8,strand,0.80451,cla6,70.7,0.84755,0.49215,nonhotspot
26.4,1163.5,83.3,4,4.25,57.735,1.0064,0.933,0.276,0.907,0.622,15,0.25,strand,28.325,0.9431,1.712,cla3,0.827,47.2,3, cla2,9,strand,0.95338,cla3,78.6,1.1324,1.0644,nonhotspot
69.2,1313.7,82.7,6,7.78,63.945,0.73788,0.963,0.838,0.938,1,34,1.16,strand,39.605,0.11265,2.022,cla5,1.411,62.3,3.9, cla2,10,strand,0.94603,cla3,124,0.81716,0.90655,nonhotspot
66,616.8,34.1,8,4.74,29.8,0,0,1,0.009,1,29,6.64,loop,52.63,0.1324,1.026,cla5,1.855,67.1,-1.6, cla2,4,loop,0.88452,cla3,2.1,0.49462,0,nonhotspot
33.3,1051.1,91.1,10,-1.05,52.675,0,0.776,0.066,0.767,1,36,-2.24,strand,63.65,0.90066,1.397,cla5,1.757,113,17.4, cla6,8,strand,0.88109,cla2,33.7,0.59722,0,nonhotspot
27.8,1188.3,102.7,4,-2.34,58.34,0,0.577,0.541,0.618,1,11,-1.48,loop,28.625,0.56642,1.601,cla6,0.998,51.6,10.2, cla5,9,loop,0.51897,cla1,88.8,0.24363,0,nonhotspot
124.6,863,61.6,9,2.68,40.58,0.24786,0.397,0.327,0.391,1,53,5.72,helix,57.81,0.71469,1.288,cla2,1.745,79.2,-4, cla4,6,loop,0.59578,cla4,37.9,0.42093,0.49573,nonhotspot
124.6,1117.3,70.4,9,5.71,51.73,0,0.79,1,0.78,1,53,5.72,loop,57.81,0.71469,1.667,cla2,1.745,79.2,-4, cla1,8,loop,0,cla4,57,0,0,nonhotspot
124.6,1074.3,82.5,9,1.33,51.595,0,0.434,0,0.455,1,53,5.72,loop,57.81,0.71469,1.581,cla2,1.745,79.2,-4, cla4,8,loop,0.55484,cla1,32.4,0.32003,0,nonhotspot
28.6,743.8,55.7,9,1.2,34.475,0,0.391,1,0.413,1,34,-3.63,helix,57.06,0.5474,1.115,cla5,1.849,108.2,17.1, cla6,5,loop,0.77843,cla4,30.2,0.39928,0,nonhotspot
