atom_contacts_mirror,hydrophobicity_mirror,polarizability_target,ave_dpx_mirror,polarity_target,ave_dpx_target,sd_s_ch_dpx_target,rel_dpx_target,atom_contact_areas_mirror,residue_contacts_mirror,polarizability_mirror,sd_dpx_mirror,rel_s_ch_dpx_target,rel_ASA_mirror,mass_mirror,sd_s_ch_dpx_mirror,hydrophilicity_target,sd_dpx_target,isopoint_mirror,mass_target,class_intra,classtarget
97.4,9,-0.64,56.45,777.8,33.87,0.22589,0.716,1,38,-1.45,0.79267,0.516,0.81284,1.853,1.2773,60.2,1.0329,8.2,1.172,cla4,nonhotspot
97.4,9,-2.37,56.45,1170.2,50.64,0.88222,0.9,1,38,-1.45,0.79267,0.555,0.81284,1.853,1.2773,93.2,1.7108,8.2,1.734,cla4,nonhotspot
97.4,9,1.23,56.45,663.6,27.965,0.3018,0.157,1,38,-1.45,0.79267,0.432,0.81284,1.853,1.2773,48.1,0.76454,8.2,1.064,cla4,nonhotspot
97.4,9,1.01,56.45,990,45.275,0.55035,0.6,1,38,-1.45,0.79267,0.365,0.81284,1.853,1.2773,72.6,1.2733,8.2,1.485,cla4,nonhotspot
88,8,1.36,52.77,893.1,40.705,0.51858,0.684,1,33,4.69,1.943,0.57,0.54566,1.799,2.5824,62,0.97765,0.6,1.381,cla3,nonhotspot
77,8,7.02,53.115,1601.9,69.89,0.38349,0.97,1,43,4.05,0.91362,0.698,0.97182,1.898,0.90179,95.2,1.6233,3,2.643,cla4,nonhotspot
54.2,6,10.1,41.305,1209.3,53.96,0,0.544,1,22,4.44,0.46825,0.663,0.61164,1.513,0.30582,63.7,0.43798,-1.5,2.02,cla6,nonhotspot
64,15,2.4,93.21,987.3,46.57,0.70588,0.965,1,35,7.81,1.7968,0.515,1.3658,3.389,1.8741,67.3,0.45687,0.6,1.524,cla5,nonhotspot
64,15,0.32,93.21,841.1,34.38,0.68756,0.551,1,35,7.81,1.7968,0.72,1.3658,3.389,1.8741,55.7,0.53027,0.6,1.475,cla5,nonhotspot
13.3,9,4.88,57.725,954.2,46.545,0,0.586,1,36,5.9,1.257,0.728,1.0629,1.952,1.0067,64.3,0.89564,-2.2,1.461,cla2,nonhotspot
116.9,15,2.92,91.79,1259.4,63.18,0,0.55,1,60,4.39,1.9951,0.754,1.1789,3.178,2.4148,97.8,0.63025,4.9,1.704,cla4,nonhotspot
46.2,8,-3.37,51.725,1343.4,56.545,0.18926,0.659,1,27,1.43,1.2714,0.438,0.97261,1.942,1.5698,106,0.57493,5.9,2.039,cla6,nonhotspot
16.2,5,-2.29,33.995,802.8,39.265,0,0.203,1,17,-1.7,0.45037,0,0,0.668,0,71.9,0.13556,8.2,0.988,cla3,nonhotspot
46.2,8,-0.33,51.725,1213.4,51.37,0.26629,0.622,1,27,1.43,1.2714,0.25,0.97261,1.942,1.5698,87.3,0.59077,5.9,1.94,cla6,nonhotspot
52.1,8,-0.38,52.005,1408.8,62.955,1.053,0.85,0,24,1,0.28409,0,0,1.602,0,99.6,1.1915,5.7,2.208,cla6,nonhotspot
52.1,8,-0.38,52.005,1341.5,57.12,0.21467,0.566,0,24,1,0.28409,0,0,1.602,0,97.3,1.1137,5.7,2.049,cla6,nonhotspot
184.6,15,-2.29,93.59,1461.7,63.34,0.29981,0.899,1,62,6.34,1.2026,0.613,0.98268,3.064,1.3051,110.7,0.76842,5.3,2.281,cla4,nonhotspot
59.4,11,-3.8,69.045,1567.7,68.15,0.31251,0.859,1,45,3.33,1.53,0.508,1.2944,2.518,1.3781,126,1.2676,5.2,2.37,cla5,nonhotspot
184.6,15,0.91,93.59,935.1,40.235,1.5682,0.703,0.619,62,6.34,1.2026,0.634,0.98268,3.064,1.3051,67.1,2.4956,5.3,1.501,cla4,hotspot
97.4,9,-2.29,56.45,1145.1,50.71,0,0.333,1,38,-1.45,0.79267,0,0.81284,1.853,1.2773,93.2,0.29635,8.2,1.68,cla4,nonhotspot
59.4,11,3.93,69.045,1475.7,63.475,0.47576,0.946,1,45,3.33,1.53,0.604,1.2944,2.518,1.3781,96.4,0.96605,5.2,2.459,cla5,hotspot
184.6,15,6.09,93.59,874.1,40.825,3.9048,1,0.628,62,6.34,1.2026,0.533,0.98268,3.064,1.3051,52.3,2.9538,5.3,1.451,cla4,nonhotspot
38.6,9,7.74,58.72,1106.3,59.27,0.40394,0.627,1,26,8.1,1.4712,0.268,0,1.888,0,73.4,1.143,-5.2,1.539,cla1,hotspot
26.9,9,4.67,58.015,1377.6,63.365,1.7713,0.987,0.782,30,1.37,0.29753,0.776,0,1.989,0,90.3,2.357,6.2,2.21,cla5,nonhotspot
26.9,9,1.12,58.015,628.8,29.015,0,0.041,1,30,1.37,0.29753,0,0,1.989,0,43,0.12058,6.2,1.004,cla5,nonhotspot
60.1,10,3.33,63.475,1604.8,69.045,1.3781,0.905,0,30,3.93,0.96605,0,0.67283,2.459,0.47576,109.3,1.53,3.5,2.518,cla3,hotspot
105.5,9,-0.96,56.545,931,39.77,0,0.499,1,45,-3.37,0.57493,0,0.4636,2.039,0.18926,69.5,0.29804,16.4,1.417,cla5,nonhotspot
26.5,5,7.81,34.38,2084.5,93.21,1.8741,0.881,0.694,13,0.32,0.53027,0.46,0.89133,1.475,0.68756,133.2,1.7968,6.8,3.389,cla6,nonhotspot
16.6,7,0.73,46.115,498.6,22.685,0,1,1,21,0.55,0.35613,1,0,1.289,0,34.5,0,4.5,0.765,cla2,nonhotspot
55.7,8,0.81,52.105,724.8,34.765,0,0.05,1,25,2.32,0.64196,1,0.70317,1.77,0.49722,54.8,0.13703,1.7,1.047,cla2,nonhotspot
55.7,8,0.88,52.105,824.8,34.72,0,0.126,1,25,2.32,0.64196,0.54,0.70317,1.77,0.49722,57.2,0.29918,1.7,1.342,cla2,nonhotspot
91.2,11,4.05,69.89,1166.3,53.115,0.90179,0.754,0.696,31,7.02,1.6233,0.491,0.66422,2.643,0.38349,75.6,0.91362,-3.8,1.898,cla2,nonhotspot
81.6,8,2.93,53.96,546.5,23.68,0.51182,0.044,0.456,29,10.1,0.43798,0.3,0,2.02,0,33.7,0.55655,-9.7,0.868,cla4,nonhotspot
20.6,6,-1.7,39.265,647.6,33.995,0,0.21,1,21,-2.29,0.13556,0.461,0,0.988,0,63.2,0.45037,8.4,0.668,cla6,nonhotspot
75.8,7,2.17,46.545,772,39.91,0.70858,0.838,1,27,4.88,0.89564,0.262,0,1.461,0,59.5,1.1009,-1.4,1.029,cla3,nonhotspot
75.8,7,5.9,46.545,1259.5,57.725,1.0067,0.891,0.622,27,4.88,0.89564,0.581,0,1.461,0,83.3,1.257,-1.4,1.952,cla3,nonhotspot
50.8,10,6.34,63.34,1987.4,93.59,1.3051,0.968,1,35,-2.29,0.76842,0.913,0.59963,2.281,0.29981,140.8,1.2026,15.6,3.064,cla5,hotspot
75.8,7,4.43,46.545,1083.4,52.22,0.98939,0.357,0,27,4.88,0.89564,0,0,1.461,0,72.4,1.7018,-1.4,1.68,cla3,nonhotspot
81.6,8,4.44,53.96,941,41.305,0.30582,0.43,1,29,10.1,0.43798,0.655,0,2.02,0,56.7,0.46825,-9.7,1.513,cla4,nonhotspot
87,6,4.2,40.705,773.9,35.475,0,0.161,1,33,1.36,0.97765,0.469,0.6695,1.381,0.51858,46,1.0291,4.1,1.214,cla3,nonhotspot
30.2,10,4.07,62.955,1322.6,58.175,0,0.852,1,33,-0.38,1.1915,0,1.193,2.208,1.053,86.3,1.0549,9.2,2.142,cla3,nonhotspot
50.8,11,-1.22,68.15,1330.5,63.535,0.86171,0.599,0,40,-3.8,1.2676,0,0.54128,2.37,0.31251,108.6,0.93164,17.2,1.881,cla6,nonhotspot
54.3,7,1,46.61,1096.3,52.005,0,0.76,1,19,6.28,1.4044,0,0.74167,1.868,0.60557,81.6,0.28409,-6.2,1.602,cla5,nonhotspot
105.5,9,1.43,56.545,1215.4,51.725,1.5698,0.828,0.802,45,-3.37,0.57493,0.495,0.4636,2.039,0.18926,84.4,1.2714,16.4,1.942,cla5,nonhotspot
4.8,5,4.34,35.78,1134.3,59.055,0,0.356,1,20,3.65,0.30295,0.477,0.90886,0.913,0.90886,82.1,0.94077,-0.6,1.598,cla3,hotspot
4.8,5,2.9,35.78,804.8,47.995,0,0.051,1,20,3.65,0.30295,1,0.90886,0.913,0.90886,69,0.13711,-0.6,0.946,cla3,nonhotspot
105.5,9,1.37,56.545,1271.4,58.015,0,0.26,1,45,-3.37,0.57493,0.503,0.4636,2.039,0.18926,91.4,0.29753,16.4,1.989,cla5,nonhotspot
105.5,9,4.39,56.545,2044.3,91.79,2.4148,1,1,45,-3.37,0.57493,1,0.4636,2.039,0.18926,143.3,1.9951,16.4,3.178,cla5,hotspot
24.5,9,1.37,59.27,970.1,46.07,0,0.518,1,27,7.74,1.143,0,0.6405,1.539,0.40394,69.6,0.71278,-2.8,1.46,cla5,nonhotspot
50.8,11,1.05,68.15,1173.3,51.19,1.0203,0.008,0,40,-3.8,1.2676,0,0.54128,2.37,0.31251,82.3,1.5987,17.2,1.833,cla6,nonhotspot
89.7,5,0.67,33.87,1101.1,51.15,0.40274,0.438,0.471,34,-0.64,1.0329,0.165,0.5051,1.172,0.22589,85.7,0.73195,5.9,1.604,cla4,nonhotspot
89.7,5,-1.45,33.87,1279.2,56.45,1.2773,0.882,1,34,-0.64,1.0329,1,0.5051,1.172,0.22589,103.6,0.79267,5.9,1.853,cla4,nonhotspot
50.8,11,-2.5,68.15,1213.2,56.865,0,0.744,1,40,-3.8,1.2676,1,0.54128,2.37,0.31251,102.9,0,17.2,1.688,cla6,nonhotspot
43.9,9,6.67,59.925,789.8,35.27,0.42674,0.364,0.649,36,10.45,0.24231,0.153,0,1.914,0,43.6,1.2948,-12.5,1.351,cla3,nonhotspot
79.7,8,3.96,53.095,1213.1,64.21,1.0855,0.955,1,31,6.76,0.36294,0.542,0,1.577,0,97.7,1.4298,-9.9,1.611,cla1,nonhotspot
79.7,8,7.02,53.095,773.8,35.68,3.2258,1,1,31,6.76,0.36294,0.626,0,1.577,0,42.5,4.1401,-9.9,1.335,cla1,nonhotspot
110.2,10,8.1,66.285,1529.6,70.655,1.7168,0.895,1,42,10.35,0.35796,0.724,0,2.252,0,99.2,2.4287,-6.4,2.487,cla4,nonhotspot
33,11,0.05,69.24,1170.3,58.175,0.80488,0.528,0,28,0.36,0.62807,0,0,2.165,0,97.4,1.8838,11.6,1.649,cla6,nonhotspot
110.2,10,7.11,66.285,914.9,35.255,0.25149,0.426,1,42,10.35,0.35796,0.12,0,2.252,0,44.9,1.1631,-6.4,1.698,cla4,nonhotspot
68.3,8,10.21,54.09,1626.6,78.01,1.5356,0.923,0.818,34,11.17,0.92783,0.509,1.0008,2.045,1.3112,105.7,1.762,-12.5,2.53,cla2,nonhotspot
110.2,10,6.03,66.285,1040,47.575,0.25154,0.577,1,42,10.35,0.35796,0.13,0,2.252,0,66.4,1.0784,-6.4,1.665,cla4,nonhotspot
74.9,14,6.31,88.85,1633.9,88.485,0.3459,0.913,1,31,10.76,0.56561,0.354,0,2.843,0,127.7,0.65137,-6.1,2.122,cla2,hotspot
80.9,11,3.68,70.785,1477.7,68.935,0.31343,0.966,1,36,5.58,1.4968,1,1.0107,2.134,1.6901,108.4,0.30985,0.2,2.196,cla5,hotspot
35.8,7,5.28,45.255,1488.6,69.785,0.52052,0.819,1,28,-1.35,0.28502,0.772,0,1.361,0,102.6,0.44975,9.5,2.226,cla6,nonhotspot
7.2,8,0.53,52.49,484.6,22.795,0,0.019,1,24,4.17,0,0,0,1.442,0,35.4,0.44628,-2.8,0.719,cla3,nonhotspot
74.9,14,3.39,88.85,931.1,46.51,0.38326,0.498,0,31,10.76,0.56561,0,0,2.843,0,64.7,0.80793,-6.1,1.35,cla2,nonhotspot
36.6,6,3.52,40.27,1466.5,63.285,0.51509,0.724,1,39,3.28,0.76696,0.745,0.71491,1.459,0.71388,100.1,0.43992,-0.9,2.299,cla4,hotspot
52.9,7,0.08,46.325,607.6,28.335,0,0.234,1,25,3.47,0,0,0,1.621,0,46.5,0.39324,-1.5,0.903,cla3,nonhotspot
52.9,7,0.9,46.325,1009.1,45.775,0,0.587,1,25,3.47,0,0,0,1.621,0,75.9,0.92504,-1.5,1.51,cla3,nonhotspot
82.9,11,0.75,68.935,758.7,34.41,1.2356,0.356,0.287,34,3.68,0.30985,0.093,0.54288,2.196,0.31343,59.7,2.2938,5.00E-16,1.111,cla6,nonhotspot
37.7,7,-4.72,45.765,1547.6,74.315,0.18967,0.732,1,24,-3.29,3.712,0.638,0.47009,1.453,3.148,132.3,0.36497,14.5,2.065,cla6,nonhotspot
57.9,7,-2.3,45.815,830.9,40.235,0,0.346,1,25,-3.11,1.0732,0.755,0.64254,1.335,0.37097,68.2,0.45543,14.6,1.168,cla6,nonhotspot
135.5,11,-0.61,69.785,606.6,28.815,0,0.125,1,51,5.28,0.44975,0,0.672,2.226,0.52052,50.5,0.15419,0.3,0.78,cla3,nonhotspot
28.7,6,1.14,40.77,1209.3,57.45,0.44607,0.667,0.494,24,1.02,0.16212,0.483,0,1.117,0,92.7,0.75939,1.9,1.79,cla6,nonhotspot
31.6,5,10.35,35.255,1397.4,66.285,0,0.497,1,19,7.11,1.1631,0.184,0.50298,1.698,0.25149,85.4,0.35796,-8.5,2.252,cla6,nonhotspot
135.5,11,-1.35,69.785,992,45.255,0,0.648,1,51,5.28,0.44975,0,0.672,2.226,0.52052,79.6,0.28502,0.3,1.361,cla3,nonhotspot
82.9,11,3.61,68.935,1362.5,63.82,0.44614,0.751,1,34,3.68,0.30985,0.348,0.54288,2.196,0.31343,97.4,0.76995,5.00E-16,2.043,cla6,nonhotspot
40.6,9,2.56,57.24,1647,74.57,0.52419,0.934,1,24,-0.97,2.386,0.306,0.95574,1.81,1.4763,116.6,1.1407,9.8,2.444,cla6,hotspot
64.9,8,4.55,51.95,1461.9,69.195,1.2846,0.886,1,34,-0.53,0.68549,0.903,0.70608,1.591,0.70608,98.1,2.1586,7.3,2.179,cla3,nonhotspot
86.2,8,2.21,51.12,923.2,39.54,0.51417,0.372,0,34,1.51,1.9127,0.377,0.84648,1.764,0.98717,58.6,0.94052,0.7,1.526,cla3,nonhotspot
20,12,1.86,75.56,517.7,23.185,0,0,1,33,2.36,0.54488,0,0,2.086,0,33.7,0.18092,1.7,0.846,cla6,nonhotspot
17.4,4,-1.02,28.935,534.6,22.91,0,0.212,1,7,-3.39,0.54418,0,0,0.76,0,41,0.18343,12.2,0.802,cla4,nonhotspot
72.8,11,0.84,67.875,1052.2,45.255,0,0.045,1,41,-2.55,2.1415,0.543,1.2439,2.378,1.2827,71.5,0.38416,14.5,1.657,cla3,nonhotspot
70.6,8,-1.91,50.745,741.8,33.795,0,-0.46,1,32,-2.52,1.1363,0.614,0,1.648,0,60.1,0.54319,11.8,1.069,cla6,nonhotspot
70.6,8,-3.16,50.745,768.9,33.81,0,0,1,32,-2.52,1.1363,0,0,1.648,0,62.8,0.15456,11.8,1.18,cla6,nonhotspot
42.9,9,2.93,58.485,1243.4,51.9,0.30341,0.758,1,26,6.3,0.41063,0.166,0.67381,2.183,0.47645,82.2,1.0129,-7.2,2.058,cla3,hotspot
104.8,13,-0.47,80.545,1024.2,45.385,0.31093,0.032,0,42,3.38,0.50008,0.536,0.54211,2.72,0.31299,78.3,0.67375,6.3,1.542,cla6,hotspot
104.8,13,1.47,80.545,1129.2,52.035,0.18695,0.871,1,42,3.38,0.50008,1,0.54211,2.72,0.31299,85.1,0.36378,6.3,1.629,cla6,hotspot
33.6,6,-2.91,40.55,870,39.64,0.30053,0.63,1,22,2.15,1.0528,1,0.67016,1.416,0.38692,75.2,0.32864,4.3,1.22,cla2,nonhotspot
111.4,14,2.38,86.82,1294.6,51.585,0.30488,0.594,0,36,2.24,1.5766,0,0.92794,3.006,0.86485,79.6,0.8486,4.7,2.24,cla6,hotspot
111.4,14,-2.02,86.82,1221.3,50.645,2.5034,0.97,0.009,36,2.24,1.5766,0.005,0.92794,3.006,0.86485,89.9,3.1785,4.7,1.86,cla6,hotspot
111.4,14,1.16,86.82,1510.6,75.685,1.3399,0.99,1,36,2.24,1.5766,0.773,0.92794,3.006,0.86485,119.5,1.7959,4.7,2.044,cla6,hotspot
110.3,10,0.6,62.975,1675.7,74.75,0.52095,0.648,1,37,2.23,0.38725,1,0.63004,2.597,0.39794,123.5,0.3473,5.4,2.534,cla5,hotspot
135.9,8,3.38,52.035,1787.1,80.545,0.31299,0.981,1,44,1.47,0.36378,1,0.45792,1.629,0.18695,127.5,0.50008,7.6,2.72,cla5,hotspot
110.3,10,2.24,62.975,1936.1,86.82,0.86485,0.966,1,37,2.23,0.38725,0.787,0.63004,2.597,0.39794,138,1.5766,5.4,3.006,cla5,hotspot
46.6,8,6.3,51.9,1322.4,58.485,0.47645,0.572,1,24,2.93,1.0129,0.497,0.60683,2.058,0.30341,82.9,0.41063,3.2,2.183,cla5,nonhotspot
135.9,8,1.82,52.035,570.6,23.14,0,0.299,1,44,1.47,0.36378,0,0.45792,1.629,0.18695,34.1,0.28483,7.6,0.991,cla5,nonhotspot
53.8,8,3.69,52.285,732.9,41.165,0,0.387,1,22,0.26,0.64211,0.614,0,0.978,0,58.9,0.62954,6.4,0.863,cla3,nonhotspot
53.8,8,0.22,52.285,503.6,29.16,0,0.026,1,22,0.26,0.64211,0.485,0,0.978,0,45.7,0.31928,6.4,0.589,cla3,nonhotspot
123.9,9,2.16,57.64,751,40.455,1.3077,0.806,0.634,42,1.44,1.0718,0.634,1.0086,1.256,0.94439,57.5,0.56045,2.2,0.981,cla3,nonhotspot
123.9,9,1.14,57.64,438.5,22.7,0,0,1,42,1.44,1.0718,0,1.0086,1.256,0.94439,33.2,0.21516,2.2,0.53,cla3,nonhotspot
123.9,9,2.2,57.64,680.8,34.52,0,0,1,42,1.44,1.0718,0.473,1.0086,1.256,0.94439,50.4,0.82207,2.2,0.867,cla3,nonhotspot
44,5,5.16,34.315,1081.3,52.115,0,0.777,1,13,1.45,1.1576,0.423,0.53647,1.24,0.21901,69.3,0.75034,0.2,1.62,cla5,nonhotspot
23.7,10,9.5,63.15,1373.7,70.16,1.6315,0.979,0.766,23,3.97,1.6536,0.39,0,1.719,0,86.9,2.1755,-3.2,1.967,cla3,hotspot
162.6,14,5.78,86.42,973.1,52.89,0,0.706,1,49,7.76,1.6535,0.646,0.9313,2.706,1.3115,69,1.0833,-7.3,1.374,cla2,hotspot
162.6,14,9.08,86.42,1293.7,64.295,4.4173,1,1,49,7.76,1.6535,0.675,0.9313,2.706,1.3115,79.9,4.307,-7.3,1.966,cla2,nonhotspot
64.4,10,1.07,63.8,613.6,35.085,0,0.344,1,45,4.08,1.5656,0,1.1063,1.538,1.2951,53,1.4111,-1.3,0.758,cla5,nonhotspot
64.4,10,-1.27,63.8,995,51.595,0.55452,0.628,0.443,45,4.08,1.5656,0.181,1.1063,1.538,1.2951,88.5,0.7548,-1.3,1.309,cla5,hotspot
46.2,11,-0.99,69.635,708.7,40.88,0,0,1,25,-1.47,0.58933,1,0,1.513,0,70.1,0.64993,10.9,0.809,cla5,nonhotspot
46.2,11,-1.63,69.635,837.8,46.665,0,1,1,25,-1.47,0.58933,0.045,0,1.513,0,82.4,0.67781,10.9,0.96,cla5,nonhotspot
28.2,8,3.3,51.43,1646.9,80.88,2.7353,1,1,21,-0.71,0.98543,0.743,0.86439,1.494,0.98644,123.1,1.7562,8.6,2.318,cla4,hotspot
46.2,11,0.22,69.635,990.1,52.275,0,0.574,1,25,-1.47,0.58933,0.34,0,1.513,0,85.1,0.51587,10.9,1.25,cla5,hotspot
162.6,14,7.76,86.42,1588.9,75.63,0.34448,0.591,1,49,7.76,1.6535,0.683,0.9313,2.706,1.3115,103.6,0.35348,-7.3,2.361,cla2,hotspot
71.7,9,2.3,58.58,881,41.065,0,0.216,1,36,4.85,0.87459,0,0.94066,1.665,0.88613,63.2,0.18367,-0.9,1.257,cla4,nonhotspot
62.7,13,7.67,82.86,1065.1,59.175,0.50734,0.621,1,27,5.86,1.4213,0.233,0.76972,1.579,0.4444,70.8,0.93213,-0.8,1.383,cla3,nonhotspot
51.7,5,8.35,35.2,1830.9,112.94,0.606,0.964,1,13,0.46,3.2107,1,0.034358,0.529,4.2843,156.1,1.8044,1.6,2.027,cla3,hotspot
42,8,8.93,53.195,1458.8,75.585,0.74676,0.939,1,42,7.12,0.84459,0.921,0,1.694,0,98.4,1.6531,-3.8,2.168,cla2,nonhotspot
101,6,5.84,40.48,587.8,29.795,0,0.686,1,41,4.95,0.83969,0,0.70405,1.532,0.81068,34.5,0.33464,-2.8,0.907,cla2,nonhotspot
62.7,13,7.09,82.86,861.2,40.555,0,0.455,1,27,5.86,1.4213,0,0.76972,1.579,0.4444,46.3,0.38205,-0.8,1.422,cla3,nonhotspot
33.3,3,5.67,23.18,833.1,41.49,0.21403,0.268,1,17,2.45,0.47191,1,0,0.725,0,49.5,0.1362,-0.3,1.282,cla2,nonhotspot
71.5,8,14.31,52.71,1696.1,75.78,4.1251,1,0.878,34,8.82,0.65562,0.835,0,1.853,0,89.8,3.5263,-8,2.896,cla2,hotspot
50.4,7,13.72,46.425,1734,88.225,0.56961,0.704,1,36,8.59,1.9627,0.865,0.97915,1.804,1.2364,110.4,0.76697,-10.6,2.585,cla4,hotspot
46.1,11,-3.23,69.33,585.7,29.015,0.30366,0,0,39,-2.77,0.70718,0,0.63523,2.207,0.40069,55.9,0.75165,13.6,0.766,cla5,nonhotspot
55.1,6,-3.41,39.675,651.7,28.47,0,0.424,1,33,-1.51,0.15063,0,0,1.618,0,58.2,0.6325,6.9,0.95,cla6,nonhotspot
36.2,5,3.44,35.175,940.1,46.68,0.3803,0.525,0,17,3.98,1.2702,0.273,0,0.89,0,65.4,0.70276,-6.8,1.354,cla3,hotspot
29.1,8,6.42,51.415,2098.3,98.995,1.4426,0.949,1,22,3.7,3.5848,0.92,0.59229,2.257,3.7428,142.7,1.2919,-2.6,3.127,cla6,hotspot
199.5,16,3.98,98.995,654.7,35.175,0,0.279,1,60,6.42,1.2919,0.582,0.93349,3.127,1.4426,44.2,1.2702,-2.6,0.89,cla3,nonhotspot
199.5,16,2.01,98.995,1185.1,58.27,0.65976,0.347,0.18,60,6.42,1.2919,0.609,0.93349,3.127,1.4426,89.2,0.92279,-2.6,1.66,cla3,nonhotspot
30.4,9,5.22,57.765,1714.7,81.22,1.9857,0.897,1,37,3.94,1.1864,0.939,0.96586,2.284,1.1366,119.6,1.7015,-2.9,2.454,cla3,hotspot
70.1,8,4.38,51.675,1040.1,46.475,1.6019,0.879,1,25,0.1,1.2192,1,0.88393,1.63,1.0183,67.1,0.98193,5.1,1.61,cla4,hotspot
70.1,8,0.92,51.675,644.6,28.555,0,0.562,1,25,0.1,1.2192,0,0.88393,1.63,1.0183,49.1,0.61563,5.1,0.936,cla4,nonhotspot
70.1,8,2.75,51.675,661.7,28.83,0,0.615,1,25,0.1,1.2192,0,0.88393,1.63,1.0183,43.2,0.62832,5.1,1.023,cla4,nonhotspot
199.5,16,3.7,98.995,1305.5,51.415,3.7428,1,1,60,6.42,1.2919,0.837,0.93349,3.127,1.4426,72,3.5848,-2.6,2.257,cla3,hotspot
8.1,4,-2.77,29.015,1532.7,69.33,0.40069,0.556,0.469,15,-3.23,0.75165,0.169,0.60732,0.766,0.30366,119.3,0.70718,11.5,2.207,cla5,nonhotspot
37.9,4,-1.51,28.47,1006.1,39.675,0,0.581,1,24,-3.41,0.6325,0,0,0.95,0,69.8,0.15063,11.5,1.618,cla4,hotspot
36.4,5,-0.3,34.465,1573.8,62.67,0.52125,0.846,1,22,2.94,0,1,0,1.476,0,101.1,0.65682,-4.8,2.651,cla1,hotspot
63.4,7,1.14,46.98,602.7,29.57,0,0.27,1,26,1.47,0.44152,1,0,1.318,0,44.4,0.44891,5.4,0.893,cla5,nonhotspot
63.4,7,3.01,46.98,1215.5,58.955,0.34564,0.63,1,26,1.47,0.44152,1,0,1.318,0,86.5,0.45495,5.4,1.827,cla5,nonhotspot
40.2,8,5.64,52.295,1466.8,76.235,0.9987,0.906,0.621,31,4.79,0.84331,0.589,0.65132,1.555,0.37604,109.8,0.8344,-2.8,2.029,cla3,nonhotspot
63.4,7,4.22,46.98,1005.4,46.995,0,0.201,1,26,1.47,0.44152,0,0,1.318,0,65.1,0.15357,5.4,1.634,cla5,nonhotspot
70.7,10,12.01,64.74,1159.6,59.51,0.38262,0.923,1,30,13.48,1.5097,0.189,1.0116,2.019,1.4432,66.1,1.0131,-15.7,1.808,cla2,hotspot
97,8,11.12,52.09,1576.1,82.635,1.0836,0.855,0.817,32,6.59,0,0.703,0,1.785,0,104.8,0.80143,-4.1,2.334,cla3,hotspot
16.9,4,9.81,29.105,1104.4,52.9,0.37838,0.797,0,9,4.27,0.29622,0,0,0.976,0,61.1,0.66095,-5.4,1.804,cla4,hotspot
97,8,2.52,52.09,891.1,40.35,0.30528,0.478,1,32,6.59,0,0.699,0,1.785,0,61.1,0.45448,-4.1,1.381,cla3,nonhotspot
92.5,12,-0.14,74.585,995.2,45.25,0,0.501,1,38,4.41,0.88166,0.632,0.69106,2.507,0.5595,76.1,0.49673,3.2,1.51,cla4,nonhotspot
92.5,12,5.88,74.585,1391.8,63.215,4.0339,1,0.905,38,4.41,0.88166,0.764,0.69106,2.507,0.5595,90.2,3.5863,3.2,2.268,cla4,hotspot
0.4,9,5.48,50.98,1102.4,52.275,0,0.574,1,16,0.68,0.68046,0.054,0.66673,1.511,0.38494,73.4,0.30215,3.2,1.733,cla2,nonhotspot
0.2,4,0.88,29.755,682.7,41.475,0,0.491,1,6,1.56,0,0,0,0.53,0,63.2,0.58218,1.1,0.795,cla1,nonhotspot
72.2,11,5.03,68.835,1192.6,58.36,1.5597,0.976,1,27,7.44,1.0042,0.527,0.65486,2.651,0.37808,81.8,2.1418,-4.7,1.849,cla2,hotspot
26.8,6,1.55,40.735,1781,86.705,0.30104,0.935,1,21,3.76,0.71505,0.506,0,1.414,0,137.9,0.33029,0.3,2.478,cla6,nonhotspot
113.7,11,4.34,69.39,1657,74.61,0.81009,0.958,1,37,3.26,1.3031,0.757,0.45644,2.085,2.2969,114.5,1.7983,-0.2,2.613,cla4,hotspot
113.7,11,0.47,69.39,1056.1,51.11,0.31131,0.887,1,37,3.26,1.3031,0.462,0.45644,2.085,2.2969,84.2,0.33717,-0.2,1.489,cla4,hotspot
56.2,5,-0.02,33.67,522.4,29.02,0,0.356,1,19,-0.62,0.35404,0.463,0,1.009,0,49.9,0.62509,3.8,0.609,cla4,nonhotspot
32.2,3,2.87,22.965,700.6,35.045,0,0.294,1,10,1.65,0,0,0,0.848,0,51.7,0.14753,-0.6,0.988,cla4,nonhotspot
113.7,11,4.67,69.39,1540.6,75.34,1.5365,0.934,0.554,37,3.26,1.3031,0.62,0.45644,2.085,2.2969,115.8,1.2905,-0.2,2.244,cla4,hotspot
44.8,6,-0.62,39.795,772.7,39.605,0,0.364,1,19,-0.93,0.53989,1,0,0.915,0,69.7,0,5.3,0.909,cla1,nonhotspot
22,11,-0.02,69.665,1116.1,57.39,0.32806,0.817,1,34,3.08,0.63678,0.253,0.74426,1.625,0.60769,91.5,0.64796,-3,1.536,cla5,hotspot
58.8,8,-0.09,52.625,834.8,46.375,0,0.206,1,18,2.2,0.176,0.237,0,1.243,0,74.5,0.43509,-3.1,1.004,cla1,nonhotspot
57.9,8,-1.33,51.59,953.9,51.25,0,0.378,1,28,-0.02,0.61562,0.781,0,1.041,0,88.3,0.95606,2.4,1.13,cla4,nonhotspot
25.6,9,-1.65,56.895,1089.2,50.595,0,0.078,1,21,-0.39,0.38322,0.023,0,1.374,0,89.5,0.55834,6.2,1.529,cla3,nonhotspot
25.6,9,-0.86,56.895,864.8,45.94,0.30573,0.588,1,21,-0.39,0.38322,0.515,0,1.374,0,79.8,0.33008,6.2,1.081,cla3,nonhotspot
50.9,6,3.4,40.605,874.1,40.215,0,0.577,1,28,2.57,0.37181,0,0.4881,0.983,0.19926,58,0.53714,-0.2,1.403,cla2,nonhotspot
45.8,9,0.22,58.115,896,46.41,0,0.435,1,24,3.11,0.37259,0.493,0.65418,1.548,0.37769,75.1,1.6031,-1.1,1.181,cla4,nonhotspot
49.3,6,-2.95,39.2,1386.4,73.925,1.2599,0.891,1,21,-2.83,0.23624,0.556,0.70873,0.988,0.70873,129.4,1.7859,10.1,1.661,cla3,nonhotspot
36.5,8,-0.39,51.25,1086,56.895,0,0.821,1,29,-1.33,0.95606,0.543,0,1.13,0,97.6,0.38322,6.5,1.374,cla3,nonhotspot
36.5,8,-0.02,51.25,937.8,51.59,0,0.819,1,29,-1.33,0.95606,0,0,1.13,0,85,0.61562,6.5,1.041,cla3,hotspot
67.6,7,0.52,46.13,1121.1,57.86,0.34719,0.462,1,31,-0.6,0,0.692,0,1.011,0,90.7,0.33437,2.7,1.512,cla1,nonhotspot
37.5,6,3.11,40.68,1153.3,58.115,0.37769,0.746,0,22,2.04,0.38745,0,0.69435,1.148,0.49098,86.2,0.37259,0.7,1.548,cla2,nonhotspot
50.3,12,1.64,75.405,924,46.29,1.2493,0.769,1,31,1.09,0.53928,0.82,0,1.979,0,68.8,1.2535,2.1,1.315,cla1,hotspot
19.6,10,2.2,63.46,954,52.625,0,0.755,1,33,0.59,1.2623,0,0,1.668,0,75.4,0.176,1.9,1.243,cla1,hotspot
67.2,9,3.08,57.39,1268.3,69.665,0.60769,0.815,0,26,-0.02,0.64796,0.215,0.56821,1.536,0.32806,101.5,0.63678,4.9,1.625,cla4,nonhotspot
55.7,6,2.57,40.215,731.9,40.605,0.19926,0.283,1,37,3.4,0.53714,0.341,0,1.403,0,59,0.37181,-2.6,0.983,cla5,nonhotspot
67.6,7,2.59,46.13,882.9,46.38,0.26536,0.715,1,31,-0.6,0,0.209,0,1.011,0,66.7,0.70659,2.7,1.158,cla1,hotspot
38.3,10,1.32,63.42,1128.3,46.24,0.30423,0.475,0,50,4.62,0.82178,0,0.94209,2.758,0.88077,75.1,0.71411,1.3,1.943,cla4,nonhotspot
37.3,7,-0.18,45.695,850,34.59,0,0.48,1,21,-1.23,0.16254,0,0,1.754,0,59.5,0.33778,9.6,1.401,cla5,nonhotspot
37.3,7,4.9,45.695,1208.4,46.17,0.34926,0.601,0,21,-1.23,0.16254,0,0,1.754,0,66.4,0.35457,9.6,2.202,cla5,nonhotspot
114.4,10,5.07,62.82,1070.2,39.71,2.6308,0.966,1,33,8.39,3.6091,0.871,0.48968,2.874,4.2127,53.9,3.3949,-12.7,1.947,cla4,nonhotspot
59.1,8,7.06,52.005,1978.2,80.405,1.0307,0.974,0.718,29,5.96,2.2835,0.832,0.9536,2.081,3.131,117.2,1.8552,-5.6,3.331,cla5,hotspot
34.7,7,6.52,46.325,1190.3,52.21,0,0.845,1,25,2.48,0.29966,0.51,0,1.44,0,72.7,0.87129,0.5,1.969,cla6,nonhotspot
114.4,10,2.19,62.82,780.8,34.15,0.47565,0.809,1,33,8.39,3.6091,0.9,0.48968,2.874,4.2127,53.3,1.7462,-12.7,1.162,cla4,nonhotspot
114.4,10,2.87,62.82,564.6,22.665,2.3233,0.991,1,33,8.39,3.6091,0.909,0.48968,2.874,4.2127,31.8,2.114,-12.7,0.949,cla4,nonhotspot
33.5,6,3.62,40.34,707.7,35.365,0,0.38,1,20,2.03,0,0,0,1.367,0,48.7,0.22432,1.1,1.014,cla6,nonhotspot
114.4,10,2.67,62.82,1457.5,63.555,4.0508,1,0.966,33,8.39,3.6091,0.812,0.48968,2.874,4.2127,101.7,4.1552,-12.7,2.34,cla4,hotspot
100.5,12,4.15,75.08,1050.1,47.155,1.1306,0.504,0.215,26,4.36,0.97998,0.164,0.7107,2.595,0.50254,69.2,1.3238,-2.1,1.685,cla1,hotspot
104.7,13,1.97,80.93,730.8,29.37,0.31275,0.212,1,37,3.23,1.28,0.462,0.60192,2.648,0.30096,48.1,0.33863,2.9,1.247,cla5,nonhotspot
104.7,13,0.68,80.93,707.8,29.14,0,0.301,1,37,3.23,1.28,0,0.60192,2.648,0.30096,48.9,0.61186,2.9,1.136,cla5,nonhotspot
114.4,10,1.77,62.82,957.1,40.03,0.3451,0.793,1,33,8.39,3.6091,0.353,0.48968,2.874,4.2127,62.9,0.65159,-12.7,1.525,cla4,nonhotspot
100.5,12,3.55,75.08,912.8,46.82,0.6238,0.77,0.698,26,4.36,0.97998,0.441,0.7107,2.595,0.50254,65.4,0.62876,-2.1,1.368,cla1,nonhotspot
54.3,6,1.45,40.2,984,51.79,0,0.466,1,26,1.69,0,0,0,1.099,0,76.8,0.10258,-0.5,1.285,cla3,nonhotspot
125,13,5.96,80.405,1240.4,52.005,3.131,1,0.805,60,7.06,1.8552,0.613,0.92341,3.331,1.0307,73.6,2.2835,-4.7,2.081,cla4,hotspot
59.3,4,3.28,29.105,1841,79.865,1.2421,0.941,1,16,2.05,0.36331,0.72,0,0.826,0,123.3,1.1502,-5.1,3.001,cla1,hotspot
34.5,7,4.36,46.82,1649.7,75.08,0.50254,0.916,0,21,3.55,0.62876,0.411,0.72305,1.368,0.6238,113.1,0.97998,-4.7,2.595,cla5,nonhotspot
25.9,4,3.23,29.37,1780.8,80.93,0.30096,0.767,1,20,1.97,0.33863,0.875,0.54169,1.247,0.31275,131.2,1.28,2.2,2.648,cla6,hotspot
39.2,5,8.39,34.15,1615.8,62.82,4.2127,1,1,25,2.19,1.7462,0.949,0.67266,1.162,0.47565,85.9,3.6091,-0.8,2.874,cla3,hotspot
54.3,8,-1.09,52.21,809.9,39.525,0,0.167,1,24,6.52,0.87129,1,0,1.969,0,68.4,0.84156,-5.5,1.034,cla3,nonhotspot
54.3,8,2.48,52.21,979.1,46.325,0,0.355,1,24,6.52,0.87129,0.543,0,1.969,0,70.2,0.29966,-5.5,1.44,cla3,nonhotspot
125,13,6.59,80.405,1343.6,51.63,0.56703,0.523,1,60,7.06,1.8552,0.512,0.92341,3.331,1.0307,68.8,0.79064,-4.7,2.457,cla4,hotspot
47.5,7,-0.39,46.24,599.7,22.735,0.73152,0.503,0,26,1.32,0.71411,0,0.60847,1.943,0.30423,39.5,1.3405,6.7,1.07,cla6,nonhotspot
47.9,7,-1.23,46.17,1093.3,45.695,0,0.459,1,39,4.9,0.35457,0,0.60494,2.202,0.34926,79.2,0.16254,-3.2,1.754,cla3,nonhotspot
30.8,7,6.94,46.96,980.1,40.685,0.85049,0.533,0,21,7.53,0.16643,0,0.64858,1.678,0.37446,50.2,0.70109,-5.3,1.683,cla2,nonhotspot
123.6,11,8.56,69.62,1410.6,64.1,1.2234,0.962,0.705,39,6.9,2.9676,0.578,0.55326,2.321,3.0165,85.2,1.0664,-7,2.244,cla4,nonhotspot
55.8,8,1.84,50.955,699.7,34.095,1.2698,0.763,0.771,27,-1.25,0.24839,0.505,0,1.587,0,50.2,1.7385,6.3,0.946,cla1,nonhotspot
39.6,6,1.13,40.13,1273.4,56.555,0.13832,0.76,1,29,1.22,0.55186,0.269,0.4941,1.302,0.24705,91.3,0.36695,1.9,1.86,cla6,nonhotspot
83.6,10,1.84,62.255,699.7,34.095,0.60988,0.43,0.315,38,-0.03,0.73106,0.114,1.075,1.993,0.60846,50.2,0.93682,3.6,0.946,cla4,nonhotspot
123.6,11,6.76,69.62,1402.6,63.285,1.0541,0.621,0.368,39,6.9,2.9676,0.277,0.55326,2.321,3.0165,88.1,1.1994,-7,2.266,cla4,nonhotspot
123.6,11,2,69.62,819.9,34.39,0,0.679,1,39,6.9,2.9676,0,0.55326,2.321,3.0165,53.8,0.27883,-7,1.337,cla4,nonhotspot
51.5,9,-0.73,56.915,343.3,23.335,0.43964,0,0,24,-0.5,0.447,0,0.69798,1.432,0.34834,37.9,0.68834,5.4,0.327,cla5,nonhotspot
51.5,9,0.87,56.915,1077,57.94,1.119,0.7,0.435,24,-0.5,0.447,0.36,0.69798,1.432,0.34834,89.6,0.99178,5.4,1.459,cla5,nonhotspot
64.6,7,2.89,46.195,1014.9,53.025,0.70591,0.8,0.699,34,1.92,0.2781,0.401,0,1.636,0,79.4,1.1856,1.6,1.323,cla6,nonhotspot
32.5,4,-1.52,28.01,1244.4,50.77,0.56308,0.61,0.136,17,-1.66,0.91072,0.056,0,1.014,0,83.7,1.0489,5.7,2.006,cla1,nonhotspot
38,7,-0.29,46.505,1111.2,51.375,0.24372,0.715,1,24,1.48,2.2721,0.355,1.2611,1.144,1.4487,82.1,0.38139,2.7,1.619,cla4,hotspot
64.6,7,0.87,46.195,1307.4,57.3,0.66508,0.96,1,34,1.92,0.2781,0.906,0,1.636,0,92.8,0.74765,1.6,1.989,cla6,hotspot
73.8,9,1.22,56.555,884.1,40.13,0.24705,0.697,1,44,1.13,0.36695,0.249,0.41496,1.86,0.13832,62.4,0.55186,0.1,1.302,cla3,nonhotspot
34.5,5,-0.03,34.095,1377.5,62.255,0.60846,0.787,0.289,19,1.84,0.93682,0.153,0.82747,0.946,0.60988,99.6,0.73106,-3.4,1.993,cla3,nonhotspot
69.9,8,-3.67,51.375,1134.1,56.58,0.58859,0.769,0.003,34,-0.29,0.38139,0.186,0.48745,1.619,0.24372,102.2,0.94796,5.2,1.449,cla6,nonhotspot
69.9,8,3.76,51.375,1652.7,81.1,1.087,0.915,1,34,-0.29,0.38139,0.526,0.48745,1.619,0.24372,122.5,1.0327,5.2,2.238,cla6,nonhotspot
38.8,9,-0.5,57.94,1091.1,56.915,0.34834,0.639,0,42,0.87,0.99178,0.211,0.97665,1.459,1.119,92.3,0.447,1.9,1.432,cla3,nonhotspot
74.3,8,2.16,53.025,965,46.815,0.59441,0.484,0,32,2.89,1.1856,0.395,0.91692,1.323,0.70591,72.4,0.79092,-2.4,1.384,cla4,nonhotspot
103.8,9,1.92,57.3,1064.1,46.195,0,0.586,1,42,0.87,0.74765,1,0.67793,1.989,0.66508,73.1,0.2781,4.9,1.636,cla3,nonhotspot
103.8,9,0.04,57.3,979.9,52.05,0.88379,0.704,0.564,42,0.87,0.74765,0.311,0.67793,1.989,0.66508,87,1.7547,4.9,1.132,cla3,nonhotspot
30.8,4,6.9,28.745,1502.7,69.62,3.0165,1,1,16,4.74,2.4582,0.804,0.91905,1.239,1.9714,95.5,2.9676,-7.7,2.321,cla2,hotspot
61.3,10,8.72,64.1,1190.4,59.245,1.5056,0.839,0,39,8.56,1.0664,0,0.91022,2.244,1.2234,71.1,1.3186,-11.1,1.864,cla3,nonhotspot
48.1,5,3.55,34.39,946,47.05,0.79727,0.457,0.796,20,2,0.27883,0.747,0,1.337,0,68.3,0.8307,0.6,1.361,cla3,nonhotspot
29.7,6,7.53,40.685,1008.3,46.96,0.37446,0.128,0,32,6.94,0.70109,0,0.84206,1.683,0.85049,59.2,0.16643,-9.3,1.678,cla4,nonhotspot
38.5,8,7.47,53.385,1837.7,113.81,0.81229,0.996,1,19,3.67,3.405,1,0.20791,1.015,4.5874,161.2,2.2207,-0.9,2.045,cla3,hotspot
59.8,10,-2.43,62.235,821.8,39.32,0.87395,0.283,0.194,26,-3.36,1.5057,0.525,0.94819,1.767,0.89274,71.9,1.4267,10.7,1.162,cla4,nonhotspot
26.1,7,1.7,44.78,1747.9,79.78,2.0907,0.986,0.691,28,0.59,1.5422,0.546,0,1.577,0,126.9,1.8459,0.7,2.584,cla3,hotspot
53.4,6,5.02,39.855,1496.7,62.435,0.19056,0.827,1,31,4.04,3.9481,1,0.69185,1.718,3.9246,88.2,0.25254,-6.7,2.424,cla3,nonhotspot
99.4,12,8.93,75.535,1053.4,40.965,1.4154,0.637,0.37,52,9,0.29832,0.187,0,2.365,0,44.6,2.0023,-10,2.005,cla3,nonhotspot
65.4,7,3.16,46.025,643.8,28.67,0.21001,0.471,1,32,4.31,0.21051,0.367,0,1.757,0,38.6,0.36442,-3.9,1.056,cla3,nonhotspot
65.4,7,4.97,46.025,1513.8,63,0.76005,0.902,0.5,32,4.31,0.21051,0.271,0,1.757,0,92.3,0.70158,-3.9,2.519,cla3,nonhotspot
51.8,7,-0.43,44.595,480.4,22.24,0,0.268,1,18,-2.05,0.54411,0,0,1.522,0,41.1,0.71684,7,0.652,cla4,nonhotspot
51.8,7,-2.44,44.595,1028.2,44.775,0.31076,0.62,1,18,-2.05,0.54411,0.72,0,1.522,0,81.2,0.65539,7,1.607,cla4,nonhotspot
59.8,10,1.48,62.235,1619.7,73.85,3.4553,1,0.913,26,-3.36,1.5057,0.743,0.94819,1.767,0.89274,120.2,2.3596,10.7,2.457,cla4,hotspot
104.6,12,5.93,75.66,1612,69.08,0.29584,0.789,1,50,8.23,3.5654,0.873,0.40762,2.699,3.8404,101.3,1.0971,-7.4,2.659,cla3,hotspot
53.4,6,5.31,39.855,1723.1,75.145,1.9764,1,1,31,4.04,3.9481,0.842,0.69185,1.718,3.9246,105.6,1.541,-6.7,2.823,cla3,nonhotspot
99.4,12,4.37,75.535,1336.5,69.41,1.4394,0.991,1,52,9,0.29832,0.888,0,2.365,0,100.1,1.4874,-10,1.707,cla3,nonhotspot
65.7,4,4.31,28.67,1085.3,46.025,0,0.905,1,23,3.16,0.36442,1,0.51441,1.056,0.21001,64,0.21051,-2.3,1.757,cla5,nonhotspot
86.8,11,2.77,69.08,1008.2,45.955,0,0.514,1,33,5.93,1.0971,0.546,0.59167,2.659,0.29584,70.2,0.34192,-1.7,1.521,cla5,hotspot
86.8,11,8.23,69.08,1708.1,75.66,3.8404,1,1,33,5.93,1.0971,0.785,0.59167,2.659,0.29584,104.4,3.5654,-1.7,2.699,cla5,hotspot
135.2,10,4.04,62.435,1006.2,39.855,3.9246,1,0.788,45,5.02,0.25254,0.587,0.46677,2.424,0.19056,52.9,3.9481,-6.5,1.718,cla5,hotspot
71.3,11,9,69.41,1587.9,75.535,0,0.688,1,35,4.37,1.4874,0.649,0.92779,1.707,1.4394,102.2,0.29832,-4,2.365,cla6,hotspot
35.8,4,1.28,28.845,928,46.24,0.64953,0.573,0.733,17,-0.45,0,0.599,0,0.599,0,69.2,0.85783,3,1.256,cla1,nonhotspot
64.9,12,-3.36,73.85,1270.3,62.235,0.89274,0.822,1,31,1.48,2.3596,0.312,0.4933,2.457,3.4553,110.6,1.5057,2.5,1.767,cla5,hotspot
56.2,10,-0.91,62.26,998,51.14,3.7366,1,0.757,24,-4.47,0.67281,0.469,0,1.764,0,85.7,4.1551,15.2,1.279,cla1,hotspot
70.2,7,-3.11,44.775,1268.5,55.88,1.1565,0.887,1,21,-2.44,0.65539,0.549,0.53825,1.607,0.31076,100.8,1.4048,8,1.897,cla4,hotspot
70.2,7,-2.05,44.775,1014.1,44.595,0,0.622,1,21,-2.44,0.65539,0,0.53825,1.607,0.31076,81.5,0.54411,8,1.522,cla4,nonhotspot
135.2,10,3.04,62.435,930.1,39.85,1.5603,0.973,0.777,45,5.02,0.25254,0.707,0.46677,2.424,0.19056,55.9,1.5703,-6.5,1.482,cla5,hotspot
66.5,8,2.66,51.97,544.5,29.66,0,0.158,1,21,0.88,0.39256,1,0.71414,1.396,0.50497,42.5,0,4.3,0.716,cla1,nonhotspot
30.2,8,-1.72,52.495,694.5,34.66,0,0.312,1,37,-1.76,0.60156,0,0.54296,1.082,0.31348,65.7,0.16232,8.1,0.846,cla6,nonhotspot
57.4,9,-4.16,56.72,965.1,45.885,0.4468,0.537,1,29,-3.6,0.29097,0.22,0,1.568,0,88.2,1.2184,12.4,1.369,cla1,nonhotspot
43.9,9,-1.97,56.705,1064.2,51.745,2.3737,0.972,0.332,29,-4.52,0.15371,0.139,0,1.683,0,93.7,3.1529,15.8,1.47,cla6,nonhotspot
45.4,5,0.98,34.68,412.4,23.185,0,0.032,1,12,0.38,0,0,0,0.634,0,36.3,0.16636,2.4,0.5,cla1,nonhotspot
74.8,10,-4,62.625,1155.3,57.175,0,0.191,1,36,-4.74,0.98489,0.779,0.53601,1.629,0.30946,107.1,0.73403,15.9,1.547,cla4,nonhotspot
74.8,10,-1.36,62.625,1403.5,75.385,0,0.773,1,36,-4.74,0.98489,0,0.53601,1.629,0.30946,126.5,0.7598,15.9,1.849,cla4,nonhotspot
33,10,2.4,64.52,1278.2,76.18,0.30728,0.774,1,27,6.3,0.672,0.673,0,1.561,0,118.9,1.2849,-5.9,1.37,cla1,nonhotspot
14.9,5,5.66,34.625,1605.7,74.92,0,0.922,1,19,0.43,0.54641,0.516,0,0.927,0,109.2,0.42766,3.7,2.535,cla5,nonhotspot
85,7,5.03,46.46,1117.4,52.385,0.99998,0.669,0.618,22,2.27,0.79368,0.828,0.69318,1.343,0.6871,73.1,2.1607,4.9,1.794,cla6,nonhotspot
57.4,11,2.55,70.295,754.8,47.125,0,0.395,1,25,4.14,1.7564,0.66,1.1701,1.376,1.7837,67.5,0.55697,-0.4,0.879,cla2,nonhotspot
75.7,7,-0.91,46.27,540.5,35.165,0,0.397,1,27,-1.96,0,0,0,0.899,0,58.1,0.33771,8.6,0.546,cla3,nonhotspot
85,7,5.69,46.46,1434.7,69.495,0,0.424,1,22,2.27,0.79368,0.455,0.69318,1.343,0.6871,101.4,0.24456,4.9,2.078,cla6,nonhotspot
65.8,6,3.87,41.62,1000.2,46.3,0,0.448,1,31,5.66,0.52675,1,0.65904,0.981,0.3805,67,0.20486,-4.5,1.527,cla2,nonhotspot
12.6,6,3.08,41.235,1298.5,63.885,0,0.463,1,19,2.87,0.41404,0,0.67721,0.912,0.47886,96.5,0.33754,-0.2,1.893,cla3,nonhotspot
65.8,6,7.14,41.62,1044.2,53.5,0,0.292,1,31,5.66,0.52675,0,0.65904,0.981,0.3805,70,0.29944,-4.5,1.495,cla2,nonhotspot
43.9,9,-3.7,56.705,893.9,39.815,0.24997,0.107,1,29,-4.52,0.15371,0.317,0,1.683,0,79.3,0.43761,15.8,1.284,cla6,nonhotspot
32.1,9,2.66,57.11,1489.7,81.59,0.87097,0.948,1,19,2.19,1.0757,1,0.7062,1.647,0.7062,120.1,0.58917,0.8,1.919,cla3,nonhotspot
116.2,11,0.92,70.02,1004.1,46.47,1.585,0.996,0.506,43,7.28,0.991,0.378,0.8666,2.63,0.99078,71.6,1.1786,-4.4,1.461,cla6,hotspot
116.2,11,0.48,70.02,1570.5,81.545,0.19781,0.894,1,43,7.28,0.991,0.695,0.8666,2.63,0.99078,132,0.36943,-4.4,2.029,cla6,hotspot
116.2,11,-1.94,70.02,1097.2,45.775,0.94882,0.531,0.317,43,7.28,0.991,0.416,0.8666,2.63,0.99078,83.1,0.94744,-4.4,1.656,cla6,nonhotspot
61,7,7.28,46.47,1599.7,70.02,0.99078,0.924,1,23,0.92,1.1786,0.594,0.89384,1.461,1.585,98.8,0.991,1.6,2.63,cla5,nonhotspot
26.9,7,2.94,46.365,1872,93.065,1.0562,0.953,1,22,0.74,0.89083,0.797,0,1.217,0,143,1.4726,3.8,2.543,cla1,nonhotspot
105.7,13,2.19,81.59,1189.4,57.11,0.7062,0.891,1,46,2.66,0.58917,0.219,0.93452,1.919,0.87097,86.9,1.0757,0.3,1.647,cla6,nonhotspot
105.7,13,-0.66,81.59,603.7,34.67,0.90714,0,0,46,2.66,0.58917,0,0.93452,1.919,0.87097,57.8,1.0647,0.3,0.65,cla6,nonhotspot
105.7,13,-1.63,81.59,729.8,40.44,2.6114,1,0.726,46,2.66,0.58917,0.756,0.93452,1.919,0.87097,68.1,1.9713,0.3,0.879,cla6,nonhotspot
105.7,13,1.66,81.59,870.9,53.305,2.6255,0.612,0.376,46,2.66,0.58917,0.213,0.93452,1.919,0.87097,78.4,2.9437,0.3,0.996,cla6,nonhotspot
39,6,1.91,40.465,1376.5,68.79,0.31216,0.893,1,21,-1.61,0.83973,0.416,0,0.618,0,108.1,0.77173,6.7,1.819,cla3,hotspot
74,7,3.03,45.305,960.2,39.69,0.17282,0.44,1,35,2.7,0.48507,0.209,0.52394,1.282,0.3025,55.1,0.5517,-2.2,1.567,cla4,nonhotspot
88.8,9,-1.83,58.34,654.9,28.45,0,0.031,1,28,-2.34,0.24363,0,0,1.601,0,50.6,0.14694,18.2,1.066,cla5,nonhotspot
78.6,9,0.25,57.735,584.7,28.325,0,0.653,1,30,4.25,1.1324,0.813,1.0644,1.712,1.0064,47.2,0.9431,1,0.827,cla2,nonhotspot
78.6,9,2.26,57.735,603.8,28.43,1.2697,0.989,1,30,4.25,1.1324,0.882,1.0644,1.712,1.0064,41.9,1.309,1,0.937,cla2,nonhotspot
25.6,7,2.58,47.165,1232.5,64.36,0.3052,0.893,1,17,6.33,1.8736,0.818,0.21595,1.49,2.2432,96.7,0.75084,-1.8,1.704,cla3,hotspot
88.8,9,-3.24,58.34,899.1,40.18,0.38256,0.801,1,28,-2.34,0.24363,0.281,0,1.601,0,75.9,1.6573,18.2,1.322,cla5,nonhotspot
88.8,9,-1.48,58.34,655.8,28.625,0,0.231,1,28,-2.34,0.24363,0,0,1.601,0,51.6,0.56642,18.2,0.998,cla5,nonhotspot
111.8,13,3.83,80.785,1081.3,45.405,1.9361,0.848,0,54,6.21,0.25895,0.059,0.48573,3.045,0.1983,65.9,3.1215,-1.5,1.849,cla2,nonhotspot
117.6,12,1.71,74.92,733,34.1,0,0.211,1,44,5.15,0.48546,1,0.62987,2.453,0.39769,49.7,0,0.5,1.156,cla5,nonhotspot
33.4,5,-0.76,34.43,791.9,40.075,0,0.159,1,17,0.2,0.25784,1,0.48422,1.107,0.19768,66.8,0,5.3,1.075,cla2,nonhotspot
117.6,12,4.5,74.92,1224.4,57.78,0,0.381,1,44,5.15,0.48546,1,0.62987,2.453,0.39769,83.3,0.18187,0.5,1.914,cla5,nonhotspot
111.8,13,-0.45,80.785,1833.1,86.45,1.1275,0.683,0.414,54,6.21,0.25895,0.429,0.48573,3.045,0.1983,142.6,1.0084,-1.5,2.688,cla2,nonhotspot
30.2,5,-3.63,34.475,1273.4,57.06,0,0.423,1,16,1.2,0.39928,0,0,1.115,0,108.2,0.5474,3.4,1.849,cla6,nonhotspot
57,8,3.83,51.73,1395.6,62.84,0,0.71,1,21,5.71,0,0,0,1.667,0,96.5,0.44929,-5.5,2.202,cla1,nonhotspot
33.7,8,-2.24,52.675,1311.5,63.65,0.60893,0.607,0,26,-1.05,0.59722,0,0,1.397,0,113,0.90066,11.7,1.757,cla6,nonhotspot
32.4,8,5.72,51.595,1184.4,57.81,0.73925,0.927,1,25,1.33,0.32003,0.658,0,1.581,0,79.2,0.71469,5.7,1.745,cla4,nonhotspot
46.8,5,-2.47,34.595,1174.3,58.5,0.31322,0.89,0,24,-4.05,1.2535,0,0,0.917,0,103.4,0.49125,15,1.555,cla1,hotspot
31.3,10,-3.01,62.88,892,40.435,0,0.763,1,19,-4.34,0,1,0,2.09,0,78.4,0,20.7,1.24,cla5,nonhotspot
98.9,9,4.8,57.98,974.2,39.57,1.087,0.971,0.819,36,6.03,0.89698,0.731,0.81787,2.071,0.81402,51.9,2.1253,-1.8,1.678,cla3,nonhotspot
67.3,8,1.74,51.46,1120.2,52.335,1.9077,0.987,1,25,3.32,0.67071,1,0,2.004,0,84.5,1.4953,-0.4,1.557,cla6,nonhotspot
62.6,9,0.28,59.17,1172.1,64.26,0.54944,0.844,0.451,23,7.86,0.24213,0.228,0,1.528,0,107.6,0.60451,-5.6,1.316,cla3,nonhotspot
54.3,8,-2.01,51.57,487.5,22.775,0,0.181,1,25,-0.42,0.5452,0,0,1.681,0,44.5,0.29917,10.5,0.629,cla5,nonhotspot
124,10,1.16,63.945,896.1,39.605,0,0.378,1,57,7.78,0.81716,1,0.90655,2.022,0.73788,62.3,0.11265,-2.7,1.411,cla2,nonhotspot
124,10,4.53,63.945,664.9,28.545,3.7849,1,0.873,57,7.78,0.81716,0.883,0.90655,2.022,0.73788,34.4,3.3627,-2.7,1.165,cla2,nonhotspot
78.6,9,9.41,57.735,984.3,47.205,1.6373,0.948,1,30,4.25,1.1324,0.894,1.0644,1.712,1.0064,50.6,1.7253,1,1.607,cla2,nonhotspot
59.6,10,6.64,64.82,1119.5,52.63,0,0.668,1,23,9.21,0,0,0,2.159,0,67.1,0.1324,-4.1,1.855,cla3,nonhotspot
59.6,10,4.46,64.82,1038.3,45.69,0.39836,0.426,0.503,23,9.21,0,0.256,0,2.159,0,62,0.49793,-4.1,1.718,cla3,nonhotspot
12.1,6,2.77,40.615,627.7,35.33,0,0.372,1,15,2.51,0.52479,0,0.65828,1.007,0.38006,51.2,0.51256,-0.3,0.765,cla2,nonhotspot
74.4,11,10.96,69.545,1524.9,76.63,3.0079,1,1,27,6.83,0.34353,0.77,0.65533,2.31,0.37836,96.2,1.6732,-3.4,2.316,cla2,nonhotspot
29.9,5,5.09,35.51,772.9,42.36,0.30186,0.323,0,12,4.62,0.14758,0.331,0,1.114,0,53.4,1.0872,-0.8,1.083,cla5,nonhotspot
85.8,9,6.83,58.535,1482.9,69.545,0.37836,0.839,1,47,7.42,1.4241,0.551,1.4596,2.023,1.8472,95.2,0.34353,-6.2,2.31,cla4,nonhotspot
37.9,8,-0.42,51.14,1147.3,51.57,0,0.614,1,23,-3.2,0.56112,0,0,1.388,0,88.9,0.5452,11.6,1.681,cla6,nonhotspot
51.6,10,0.92,64.26,1013.1,52.375,0.24607,0.847,1,23,0.28,0.60451,0.666,0.67869,1.316,0.54944,85.3,0.84755,7.1,1.315,cla4,nonhotspot
26.4,4,4.25,28.325,1163.5,57.735,1.0064,0.933,0.622,15,0.25,0.9431,0.276,0,0.827,0,83.3,1.1324,3,1.712,cla3,nonhotspot
69.2,6,7.78,39.605,1313.7,63.945,0.73788,0.963,1,34,1.16,0.11265,0.838,0,1.411,0,82.7,0.81716,3.9,2.022,cla5,nonhotspot
66,8,4.74,52.63,616.8,29.8,0,0,1,29,6.64,0.1324,1,0,1.855,0,34.1,0.49462,-1.6,1.026,cla5,nonhotspot
33.3,10,-1.05,63.65,1051.1,52.675,0,0.776,1,36,-2.24,0.90066,0.066,0.74583,1.757,0.60893,91.1,0.59722,17.4,1.397,cla5,nonhotspot
27.8,4,-2.34,28.625,1188.3,58.34,0,0.577,1,11,-1.48,0.56642,0.541,0,0.998,0,102.7,0.24363,10.2,1.601,cla6,nonhotspot
124.6,9,2.68,57.81,863,40.58,0.24786,0.397,1,53,5.72,0.71469,0.327,0.90799,1.745,0.73925,61.6,0.42093,-4,1.288,cla2,nonhotspot
124.6,9,5.71,57.81,1117.3,51.73,0,0.79,1,53,5.72,0.71469,1,0.90799,1.745,0.73925,70.4,0,-4,1.667,cla2,nonhotspot
124.6,9,1.33,57.81,1074.3,51.595,0,0.434,1,53,5.72,0.71469,0,0.90799,1.745,0.73925,82.5,0.32003,-4,1.581,cla2,nonhotspot
28.6,9,1.2,57.06,743.8,34.475,0,0.391,1,34,-3.63,0.5474,1,0,1.849,0,55.7,0.39928,17.1,1.115,cla5,nonhotspot
