atom_contacts_mirror,hydrophobicity_mirror,hydrophilicity_target,polarizability_target,polarity_target,ave_dpx_target,sd_s_ch_dpx_target,rel_dpx_target,rel_s_ch_dpx_target,atom_contact_areas_mirror,residue_contacts_mirror,polarizability_mirror,mass_mirror,ave_dpx_mirror,sd_dpx_mirror,hydrophilicity_mirror,ss_mirror,sd_dpx_target,mass_target,class_intra,rel_s_ch_ASA_target,class_mirror,hydrophobicity_target,isopoint_mirror,s_ch_ave_dpx_target,classtarget
97.4,9,60.2,-0.64,777.8,33.87,0.22589,0.716,0.516,1,38,-1.45,1.853,56.45,0.79267,103.6,1,1.0329,1.172,4,0.716, 4,5,8.2,1.1012,0
97.4,9,93.2,-2.37,1170.2,50.64,0.88222,0.9,0.555,1,38,-1.45,1.853,56.45,0.79267,103.6,1,1.7108,1.734,4,0.9, 4,8,8.2,1.2943,0
97.4,9,48.1,1.23,663.6,27.965,0.3018,0.157,0.432,1,38,-1.45,1.853,56.45,0.79267,103.6,1,0.76454,1.064,4,0.248, 4,4,8.2,0.89221,0
97.4,9,72.6,1.01,990,45.275,0.55035,0.6,0.365,1,38,-1.45,1.853,56.45,0.79267,103.6,1,1.2733,1.485,4,0.6, 2,7,8.2,1.2121,0
88,8,62,1.36,893.1,40.705,0.51858,0.684,0.57,1,33,4.69,1.799,52.77,1.943,72.7,1,0.97765,1.381,3,0.686, 3,6,0.6,0.89258,0
77,8,95.2,7.02,1601.9,69.89,0.38349,0.97,0.698,1,43,4.05,1.898,53.115,0.91362,75.6,1,1.6233,2.643,4,0.977, 2,11,3,1.3549,0
54.2,6,63.7,10.1,1209.3,53.96,0,0.544,0.663,1,22,4.44,1.513,41.305,0.46825,56.7,3,0.43798,2.02,6,0.514, 4,8,-1.5,0.84797,0
64,15,67.3,2.4,987.3,46.57,0.70588,0.965,0.515,1,35,7.81,3.389,93.21,1.7968,133.2,1,0.45687,1.524,5,0.922, 3,7,0.6,0.64655,0
64,15,55.7,0.32,841.1,34.38,0.68756,0.551,0.72,1,35,7.81,3.389,93.21,1.7968,133.2,1,0.53027,1.475,5,0.322, 6,5,0.6,0.78787,0
13.3,9,64.3,4.88,954.2,46.545,0,0.586,0.728,1,36,5.9,1.952,57.725,1.257,83.3,3,0.89564,1.461,2,0.754, 3,7,-2.2,0.94382,0
116.9,15,97.8,2.92,1259.4,63.18,0,0.55,0.754,1,60,4.39,3.178,91.79,1.9951,143.3,3,0.63025,1.704,4,0.624, 4,10,4.9,0.85224,0
46.2,8,106,-3.37,1343.4,56.545,0.18926,0.659,0.438,1,27,1.43,1.942,51.725,1.2714,84.4,1,0.57493,2.039,6,0.672, 5,9,5.9,0.79359,0
16.2,5,71.9,-2.29,802.8,39.265,0,0.203,0,1,17,-1.7,0.668,33.995,0.45037,63.2,1,0.13556,0.988,3,0.185, 6,6,8.2,0.38343,0
46.2,8,87.3,-0.33,1213.4,51.37,0.26629,0.622,0.25,1,27,1.43,1.942,51.725,1.2714,84.4,1,0.59077,1.94,6,0.475, 4,8,5.9,0.88376,0
52.1,8,99.6,-0.38,1408.8,62.955,1.053,0.85,0,0,24,1,1.602,52.005,0.28409,81.6,1,1.1915,2.208,6,0.84, 3,10,5.7,1.1378,0
52.1,8,97.3,-0.38,1341.5,57.12,0.21467,0.566,0,0,24,1,1.602,52.005,0.28409,81.6,1,1.1137,2.049,6,0.566, 5,9,5.7,1.2688,0
184.6,15,110.7,-2.29,1461.7,63.34,0.29981,0.899,0.613,1,62,6.34,3.064,93.59,1.2026,140.8,1,0.76842,2.281,4,0.877, 5,10,5.3,0.89992,0
59.4,11,126,-3.8,1567.7,68.15,0.31251,0.859,0.508,1,45,3.33,2.518,69.045,1.53,109.3,1,1.2676,2.37,5,0.86, 6,11,5.2,1.0731,0
184.6,15,67.1,0.91,935.1,40.235,1.5682,0.703,0.634,0.619,62,6.34,3.064,93.59,1.2026,140.8,1,2.4956,1.501,4,0.72, 5,6,5.3,1.54,1
97.4,9,93.2,-2.29,1145.1,50.71,0,0.333,0,1,38,-1.45,1.853,56.45,0.79267,103.6,1,0.29635,1.68,4,0.332, 6,8,8.2,0.55704,0
59.4,11,96.4,3.93,1475.7,63.475,0.47576,0.946,0.604,1,45,3.33,2.518,69.045,1.53,109.3,1,0.96605,2.459,5,0.886, 3,10,5.2,0.8876,1
184.6,15,52.3,6.09,874.1,40.825,3.9048,1,0.533,0.628,62,6.34,3.064,93.59,1.2026,140.8,1,2.9538,1.451,4,0.996, 2,6,5.3,1.4401,0
38.6,9,73.4,7.74,1106.3,59.27,0.40394,0.627,0.268,1,26,8.1,1.888,58.72,1.4712,72.3,1,1.143,1.539,1,0.627, 5,9,-5.2,1.166,1
26.9,9,90.3,4.67,1377.6,63.365,1.7713,0.987,0.776,0.782,30,1.37,1.989,58.015,0.29753,91.4,1,2.357,2.21,5,0.988, 2,10,6.2,1.0139,0
26.9,9,43,1.12,628.8,29.015,0,0.041,0,1,30,1.37,1.989,58.015,0.29753,91.4,1,0.12058,1.004,5,0.026, 5,4,6.2,0.38132,0
60.1,10,109.3,3.33,1604.8,69.045,1.3781,0.905,0,0,30,3.93,2.459,63.475,0.96605,96.4,3,1.53,2.518,3,0.882, 5,11,3.5,1.323,1
105.5,9,69.5,-0.96,931,39.77,0,0.499,0,1,45,-3.37,2.039,56.545,0.57493,106,3,0.29804,1.417,5,0.455, 6,6,16.4,0.56035,0
26.5,5,133.2,7.81,2084.5,93.21,1.8741,0.881,0.46,0.694,13,0.32,1.475,34.38,0.53027,55.7,3,1.7968,3.389,6,0.864, 5,15,6.8,1.2973,0
16.6,7,34.5,0.73,498.6,22.685,0,1,1,1,21,0.55,1.289,46.115,0.35613,74.5,3,0,0.765,2,0.035, 3,3,4.5,0,0
55.7,8,54.8,0.81,724.8,34.765,0,0.05,1,1,25,2.32,1.77,52.105,0.64196,81.8,3,0.13703,1.047,2,0.17, 4,5,1.7,0.38759,0
55.7,8,57.2,0.88,824.8,34.72,0,0.126,0.54,1,25,2.32,1.77,52.105,0.64196,81.8,3,0.29918,1.342,2,0.136, 6,5,1.7,0.56204,0
91.2,11,75.6,4.05,1166.3,53.115,0.90179,0.754,0.491,0.696,31,7.02,2.643,69.89,1.6233,95.2,3,0.91362,1.898,2,0.627, 4,8,-3.8,0.97464,0
81.6,8,33.7,2.93,546.5,23.68,0.51182,0.044,0.3,0.456,29,10.1,2.02,53.96,0.43798,63.7,3,0.55655,0.868,4,0.039, 4,3,-9.7,0.78621,0
20.6,6,63.2,-1.7,647.6,33.995,0,0.21,0.461,1,21,-2.29,0.988,39.265,0.13556,71.9,3,0.45037,0.668,6,0.301, 3,5,8.4,0.63979,0
75.8,7,59.5,2.17,772,39.91,0.70858,0.838,0.262,1,27,4.88,1.461,46.545,0.89564,64.3,3,1.1009,1.029,3,0.872, 3,6,-1.4,0.84882,0
75.8,7,83.3,5.9,1259.5,57.725,1.0067,0.891,0.581,0.622,27,4.88,1.461,46.545,0.89564,64.3,3,1.257,1.952,3,0.935, 2,9,-1.4,1.0575,0
50.8,10,140.8,6.34,1987.4,93.59,1.3051,0.968,0.913,1,35,-2.29,2.281,63.34,0.76842,110.7,3,1.2026,3.064,5,0.958, 4,15,15.6,0.99531,1
75.8,7,72.4,4.43,1083.4,52.22,0.98939,0.357,0,0,27,4.88,1.461,46.545,0.89564,64.3,3,1.7018,1.68,3,0.357, 2,8,-1.4,1.1405,0
81.6,8,56.7,4.44,941,41.305,0.30582,0.43,0.655,1,29,10.1,2.02,53.96,0.43798,63.7,2,0.46825,1.513,4,0.423, 6,6,-9.7,0.66623,0
87,6,46,4.2,773.9,35.475,0,0.161,0.469,1,33,1.36,1.381,40.705,0.97765,62,2,1.0291,1.214,3,0.233, 5,5,4.1,1.203,0
30.2,10,86.3,4.07,1322.6,58.175,0,0.852,0,1,33,-0.38,2.208,62.955,1.1915,99.6,2,1.0549,2.142,3,0.833, 3,9,9.2,1.103,0
50.8,11,108.6,-1.22,1330.5,63.535,0.86171,0.599,0,0,40,-3.8,2.37,68.15,1.2676,126,1,0.93164,1.881,6,0.55, 6,10,17.2,0.99369,0
54.3,7,81.6,1,1096.3,52.005,0,0.76,0,1,19,6.28,1.868,46.61,1.4044,57.8,1,0.28409,1.602,5,0.631, 6,8,-6.2,0.53205,0
105.5,9,84.4,1.43,1215.4,51.725,1.5698,0.828,0.495,0.802,45,-3.37,2.039,56.545,0.57493,106,3,1.2714,1.942,5,0.785, 6,8,16.4,1.0399,0
4.8,5,82.1,4.34,1134.3,59.055,0,0.356,0.477,1,20,3.65,0.913,35.78,0.30295,46.2,3,0.94077,1.598,3,0.475, 2,9,-0.6,0.99798,1
4.8,5,69,2.9,804.8,47.995,0,0.051,1,1,20,3.65,0.913,35.78,0.30295,46.2,3,0.13711,0.946,3,0.243, 4,7,-0.6,0.38781,0
105.5,9,91.4,1.37,1271.4,58.015,0,0.26,0.503,1,45,-3.37,2.039,56.545,0.57493,106,3,0.29753,1.989,5,0.418, 5,9,16.4,0.55909,0
105.5,9,143.3,4.39,2044.3,91.79,2.4148,1,1,1,45,-3.37,2.039,56.545,0.57493,106,3,1.9951,3.178,5,0.992, 4,15,16.4,1.3069,1
24.5,9,69.6,1.37,970.1,46.07,0,0.518,0,1,27,7.74,1.539,59.27,1.143,73.4,3,0.71278,1.46,5,0.518, 1,7,-2.8,0.86392,0
50.8,11,82.3,1.05,1173.3,51.19,1.0203,0.008,0,0,40,-3.8,2.37,68.15,1.2676,126,2,1.5987,1.833,6,0.008, 4,8,17.2,0.97845,0
89.7,5,85.7,0.67,1101.1,51.15,0.40274,0.438,0.165,0.471,34,-0.64,1.172,33.87,1.0329,60.2,3,0.73195,1.604,4,0.44, 5,8,5.9,0.85657,0
89.7,5,103.6,-1.45,1279.2,56.45,1.2773,0.882,1,1,34,-0.64,1.172,33.87,1.0329,60.2,3,0.79267,1.853,4,0.855, 4,9,5.9,0.84116,0
50.8,11,102.9,-2.5,1213.2,56.865,0,0.744,1,1,40,-3.8,2.37,68.15,1.2676,126,3,0,1.688,6,0.722, 3,9,17.2,0,0
43.9,9,43.6,6.67,789.8,35.27,0.42674,0.364,0.153,0.649,36,10.45,1.914,59.925,0.24231,72.3,2,1.2948,1.351,3,0.364, 4,5,-12.5,1.5228,0
79.7,8,97.7,3.96,1213.1,64.21,1.0855,0.955,0.542,1,31,6.76,1.577,53.095,0.36294,71.2,3,1.4298,1.611,1,0.955, 4,10,-9.9,1.0169,0
79.7,8,42.5,7.02,773.8,35.68,3.2258,1,0.626,1,31,6.76,1.577,53.095,0.36294,71.2,2,4.1401,1.335,1,1, 3,5,-9.9,0.70634,0
110.2,10,99.2,8.1,1529.6,70.655,1.7168,0.895,0.724,1,42,10.35,2.252,66.285,0.35796,85.4,2,2.4287,2.487,4,0.895, 4,11,-6.4,1.4397,0
33,11,97.4,0.05,1170.3,58.175,0.80488,0.528,0,0,28,0.36,2.165,69.24,0.62807,110.5,3,1.8838,1.649,6,0.528, 5,9,11.6,1.4909,0
110.2,10,44.9,7.11,914.9,35.255,0.25149,0.426,0.12,1,42,10.35,2.252,66.285,0.35796,85.4,2,1.1631,1.698,4,0.426, 6,5,-6.4,1.1342,0
68.3,8,105.7,10.21,1626.6,78.01,1.5356,0.923,0.509,0.818,34,11.17,2.045,54.09,0.92783,62.3,2,1.762,2.53,2,0.923, 4,12,-12.5,1.0941,0
110.2,10,66.4,6.03,1040,47.575,0.25154,0.577,0.13,1,42,10.35,2.252,66.285,0.35796,85.4,2,1.0784,1.665,4,0.577, 6,7,-6.4,1.1068,0
74.9,14,127.7,6.31,1633.9,88.485,0.3459,0.913,0.354,1,31,10.76,2.843,88.85,0.56561,119.4,3,0.65137,2.122,2,0.912, 3,14,-6.1,0.80378,1
80.9,11,108.4,3.68,1477.7,68.935,0.31343,0.966,1,1,36,5.58,2.134,70.785,1.4968,103.4,3,0.30985,2.196,5,0.783, 6,11,0.2,0.53672,1
35.8,7,102.6,5.28,1488.6,69.785,0.52052,0.819,0.772,1,28,-1.35,1.361,45.255,0.28502,79.6,3,0.44975,2.226,6,0.778, 3,11,9.5,0.63723,0
7.2,8,35.4,0.53,484.6,22.795,0,0.019,0,1,24,4.17,1.442,52.49,0,72.1,2,0.44628,0.719,3,0.019, 5,3,-2.8,0.76312,0
74.9,14,64.7,3.39,931.1,46.51,0.38326,0.498,0,0,31,10.76,2.843,88.85,0.56561,119.4,2,0.80793,1.35,2,0.472, 2,7,-6.1,0.85324,0
36.6,6,100.1,3.52,1466.5,63.285,0.51509,0.724,0.745,1,39,3.28,1.459,40.27,0.76696,58,1,0.43992,2.299,4,0.697, 5,10,-0.9,0.75991,1
52.9,7,46.5,0.08,607.6,28.335,0,0.234,0,1,25,3.47,1.621,46.325,0,72.2,1,0.39324,0.903,3,0.222, 4,4,-1.5,0.81098,0
52.9,7,75.9,0.9,1009.1,45.775,0,0.587,0,1,25,3.47,1.621,46.325,0,72.2,1,0.92504,1.51,3,0.587, 4,7,-1.5,1.1341,0
82.9,11,59.7,0.75,758.7,34.41,1.2356,0.356,0.093,0.287,34,3.68,2.196,68.935,0.30985,108.4,1,2.2938,1.111,6,0.356, 4,5,5.00E-16,1.542,0
37.7,7,132.3,-4.72,1547.6,74.315,0.18967,0.732,0.638,1,24,-3.29,1.453,45.765,3.712,82.7,1,0.36497,2.065,6,0.725, 5,12,14.5,0.59788,0
57.9,7,68.2,-2.3,830.9,40.235,0,0.346,0.755,1,25,-3.11,1.335,45.815,1.0732,81.4,1,0.45543,1.168,6,0.384, 5,6,14.6,0.77707,0
135.5,11,50.5,-0.61,606.6,28.815,0,0.125,0,1,51,5.28,2.226,69.785,0.44975,102.6,3,0.15419,0.78,3,0.111, 4,4,0.3,0.40794,0
28.7,6,92.7,1.14,1209.3,57.45,0.44607,0.667,0.483,0.494,24,1.02,1.117,40.77,0.16212,65.7,3,0.75939,1.79,6,0.658, 4,9,1.9,0.80319,0
31.6,5,85.4,10.35,1397.4,66.285,0,0.497,0.184,1,19,7.11,1.698,35.255,1.1631,44.9,3,0.35796,2.252,6,0.483, 4,10,-8.5,0.71335,0
135.5,11,79.6,-1.35,992,45.255,0,0.648,0,1,51,5.28,2.226,69.785,0.44975,102.6,3,0.28502,1.361,3,0.586, 6,7,0.3,0.53368,0
82.9,11,97.4,3.61,1362.5,63.82,0.44614,0.751,0.348,1,34,3.68,2.196,68.935,0.30985,108.4,2,0.76995,2.043,6,0.729, 4,10,5.00E-16,0.81054,0
40.6,9,116.6,2.56,1647,74.57,0.52419,0.934,0.306,1,24,-0.97,1.81,57.24,2.386,100.6,2,1.1407,2.444,6,0.934, 3,12,9.8,1.0793,1
64.9,8,98.1,4.55,1461.9,69.195,1.2846,0.886,0.903,1,34,-0.53,1.591,51.95,0.68549,86.1,2,2.1586,2.179,3,0.929, 3,11,7.3,1.0492,0
86.2,8,58.6,2.21,923.2,39.54,0.51417,0.372,0.377,0,34,1.51,1.764,51.12,1.9127,79,2,0.94052,1.526,3,0.619, 3,6,0.7,0.85899,0
20,12,33.7,1.86,517.7,23.185,0,0,0,1,33,2.36,2.086,75.56,0.54488,116.9,2,0.18092,0.846,6,0.008, 2,3,1.7,0.47867,0
17.4,4,41,-1.02,534.6,22.91,0,0.212,0,1,7,-3.39,0.76,28.935,0.54418,60.1,2,0.18343,0.802,4,0.177, 6,3,12.2,0.48532,0
72.8,11,71.5,0.84,1052.2,45.255,0,0.045,0.543,1,41,-2.55,2.378,67.875,2.1415,120.7,3,0.38416,1.657,3,0.18, 3,7,14.5,0.61061,0
70.6,8,60.1,-1.91,741.8,33.795,0,-0.46,0.614,1,32,-2.52,1.648,50.745,1.1363,90,3,0.54319,1.069,6,-0.031, 1,5,11.8,0.88013,0
70.6,8,62.8,-3.16,768.9,33.81,0,0,0,1,32,-2.52,1.648,50.745,1.1363,90,3,0.15456,1.18,6,0.013, 4,5,11.8,0.40893,0
42.9,9,82.2,2.93,1243.4,51.9,0.30341,0.758,0.166,1,26,6.3,2.183,58.485,0.41063,82.9,1,1.0129,2.058,3,0.758, 5,8,-7.2,0.97091,1
104.8,13,78.3,-0.47,1024.2,45.385,0.31093,0.032,0.536,0,42,3.38,2.72,80.545,0.50008,127.5,3,0.67375,1.542,6,0.068, 4,7,6.3,0.67918,1
104.8,13,85.1,1.47,1129.2,52.035,0.18695,0.871,1,1,42,3.38,2.72,80.545,0.50008,127.5,3,0.36378,1.629,6,0.766, 5,8,6.3,0.5962,1
33.6,6,75.2,-2.91,870,39.64,0.30053,0.63,1,1,22,2.15,1.416,40.55,1.0528,63.6,3,0.32864,1.22,2,0.51, 6,6,4.3,0.61493,0
111.4,14,79.6,2.38,1294.6,51.585,0.30488,0.594,0,0,36,2.24,3.006,86.82,1.5766,138,2,0.8486,2.24,6,0.58, 6,8,4.7,1.0173,1
111.4,14,89.9,-2.02,1221.3,50.645,2.5034,0.97,0.005,0.009,36,2.24,3.006,86.82,1.5766,138,2,3.1785,1.86,6,0.97, 5,8,4.7,1.457,1
111.4,14,119.5,1.16,1510.6,75.685,1.3399,0.99,0.773,1,36,2.24,3.006,86.82,1.5766,138,3,1.7959,2.044,6,0.991, 4,12,4.7,1.1292,1
110.3,10,123.5,0.6,1675.7,74.75,0.52095,0.648,1,1,37,2.23,2.597,62.975,0.38725,100.4,3,0.3473,2.534,5,0.595, 3,12,5.4,0.6016,1
135.9,8,127.5,3.38,1787.1,80.545,0.31299,0.981,1,1,44,1.47,1.629,52.035,0.36378,85.1,1,0.50008,2.72,5,0.965, 6,13,7.6,0.64931,1
110.3,10,138,2.24,1936.1,86.82,0.86485,0.966,0.787,1,37,2.23,2.597,62.975,0.38725,100.4,1,1.5766,3.006,5,0.966, 6,14,5.4,1.0186,1
46.6,8,82.9,6.3,1322.4,58.485,0.47645,0.572,0.497,1,24,2.93,2.058,51.9,1.0129,82.2,1,0.41063,2.183,5,0.566, 3,9,3.2,0.64927,0
135.9,8,34.1,1.82,570.6,23.14,0,0.299,0,1,44,1.47,1.629,52.035,0.36378,85.1,1,0.28483,0.991,5,0.285, 6,3,7.6,0.53344,0
53.8,8,58.9,3.69,732.9,41.165,0,0.387,0.614,1,22,0.26,0.978,52.285,0.64211,83.7,1,0.62954,0.863,3,0.773, 3,6,6.4,0.91286,0
53.8,8,45.7,0.22,503.6,29.16,0,0.026,0.485,1,22,0.26,0.978,52.285,0.64211,83.7,3,0.31928,0.589,3,0.216, 4,4,6.4,0.55332,0
123.9,9,57.5,2.16,751,40.455,1.3077,0.806,0.634,0.634,42,1.44,1.256,57.64,1.0718,88.2,3,0.56045,0.981,3,0.328, 3,6,2.2,0.91725,0
123.9,9,33.2,1.14,438.5,22.7,0,0,0,1,42,1.44,1.256,57.64,1.0718,88.2,3,0.21516,0.53,3,0.036, 3,3,2.2,0.4811,0
123.9,9,50.4,2.2,680.8,34.52,0,0,0.473,1,42,1.44,1.256,57.64,1.0718,88.2,3,0.82207,0.867,3,0.193, 3,5,2.2,0.87958,0
44,5,69.3,5.16,1081.3,52.115,0,0.777,0.423,1,13,1.45,1.24,34.315,1.1576,50.3,1,0.75034,1.62,5,0.786, 6,8,0.2,1.1083,0
23.7,10,86.9,9.5,1373.7,70.16,1.6315,0.979,0.39,0.766,23,3.97,1.719,63.15,1.6536,90.3,1,2.1755,1.967,3,0.979, 2,11,-3.2,0.93106,1
162.6,14,69,5.78,973.1,52.89,0,0.706,0.646,1,49,7.76,2.706,86.42,1.6535,119.1,1,1.0833,1.374,2,0.713, 1,8,-7.3,1.0052,1
162.6,14,79.9,9.08,1293.7,64.295,4.4173,1,0.675,1,49,7.76,2.706,86.42,1.6535,119.1,1,4.307,1.966,2,1, 1,10,-7.3,0.49492,0
64.4,10,53,1.07,613.6,35.085,0,0.344,0,1,45,4.08,1.538,63.8,1.5656,92.4,1,1.4111,0.758,5,0.344, 3,5,-1.3,1.3052,0
64.4,10,88.5,-1.27,995,51.595,0.55452,0.628,0.181,0.443,45,4.08,1.538,63.8,1.5656,92.4,1,0.7548,1.309,5,0.566, 6,8,-1.3,0.89919,1
46.2,11,70.1,-0.99,708.7,40.88,0,0,1,1,25,-1.47,1.513,69.635,0.58933,121.1,3,0.64993,0.809,5,0.225, 3,6,10.9,0.94907,0
46.2,11,82.4,-1.63,837.8,46.665,0,1,0.045,1,25,-1.47,1.513,69.635,0.58933,121.1,3,0.67781,0.96,5,0.827, 1,7,10.9,0.68204,0
28.2,8,123.1,3.3,1646.9,80.88,2.7353,1,0.743,1,21,-0.71,1.494,51.43,0.98543,88,3,1.7562,2.318,4,0.995, 3,13,8.6,0.97201,1
46.2,11,85.1,0.22,990.1,52.275,0,0.574,0.34,1,25,-1.47,1.513,69.635,0.58933,121.1,1,0.51587,1.25,5,0.568, 6,8,10.9,0.66886,1
162.6,14,103.6,7.76,1588.9,75.63,0.34448,0.591,0.683,1,49,7.76,2.706,86.42,1.6535,119.1,3,0.35348,2.361,2,0.531, 3,12,-7.3,0.61277,1
71.7,9,63.2,2.3,881,41.065,0,0.216,0,1,36,4.85,1.665,58.58,0.87459,83.9,3,0.18367,1.257,4,0.107, 2,6,-0.9,0.44991,0
62.7,13,70.8,7.67,1065.1,59.175,0.50734,0.621,0.233,1,27,5.86,1.579,82.86,1.4213,111.4,3,0.93213,1.383,3,0.576, 3,9,-0.8,0.84933,0
51.7,5,156.1,8.35,1830.9,112.94,0.606,0.964,1,1,13,0.46,0.529,35.2,3.2107,52.7,3,1.8044,2.027,3,0.972, 5,18,1.6,1.5194,1
42,8,98.4,8.93,1458.8,75.585,0.74676,0.939,0.921,1,42,7.12,1.694,53.195,0.84459,68.6,3,1.6531,2.168,2,0.946, 5,12,-3.8,1.4569,0
101,6,34.5,5.84,587.8,29.795,0,0.686,0,1,41,4.95,1.532,40.48,0.83969,55.4,2,0.33464,0.907,2,0.592, 2,4,-2.8,0.5823,0
62.7,13,46.3,7.09,861.2,40.555,0,0.455,0,1,27,5.86,1.579,82.86,1.4213,111.4,2,0.38205,1.422,3,0.422, 1,6,-0.8,0.60674,0
33.3,3,49.5,5.67,833.1,41.49,0.21403,0.268,1,1,17,2.45,0.725,23.18,0.47191,29.8,3,0.1362,1.282,2,0.315, 5,6,-0.3,0.43071,0
71.5,8,89.8,14.31,1696.1,75.78,4.1251,1,0.835,0.878,34,8.82,1.853,52.71,0.65562,62.7,2,3.5263,2.896,2,1, 1,12,-8,0.66845,1
50.4,7,110.4,13.72,1734,88.225,0.56961,0.704,0.865,1,36,8.59,1.804,46.425,1.9627,55,2,0.76697,2.585,4,0.715, 4,14,-10.6,0.79609,1
46.1,11,55.9,-3.23,585.7,29.015,0.30366,0,0,0,39,-2.77,2.207,69.33,0.70718,119.3,1,0.75165,0.766,5,0.06, 5,4,13.6,0.89748,0
55.1,6,58.2,-3.41,651.7,28.47,0,0.424,0,1,33,-1.51,1.618,39.675,0.15063,69.8,3,0.6325,0.95,6,0.411, 4,4,6.9,1.003,0
36.2,5,65.4,3.44,940.1,46.68,0.3803,0.525,0.273,0,17,3.98,0.89,35.175,1.2702,44.2,3,0.70276,1.354,3,0.537, 2,7,-6.8,0.70842,1
29.1,8,142.7,6.42,2098.3,98.995,1.4426,0.949,0.92,1,22,3.7,2.257,51.415,3.5848,72,3,1.2919,3.127,6,0.95, 3,16,-2.6,0.99241,1
199.5,16,44.2,3.98,654.7,35.175,0,0.279,0.582,1,60,6.42,3.127,98.995,1.2919,142.7,3,1.2702,0.89,3,0.451, 3,5,-2.6,1.1559,0
199.5,16,89.2,2.01,1185.1,58.27,0.65976,0.347,0.609,0.18,60,6.42,3.127,98.995,1.2919,142.7,3,0.92279,1.66,3,0.426, 3,9,-2.6,0.99274,0
30.4,9,119.6,5.22,1714.7,81.22,1.9857,0.897,0.939,1,37,3.94,2.284,57.765,1.1864,83.5,3,1.7015,2.454,3,0.894, 4,13,-2.9,1.2528,1
70.1,8,67.1,4.38,1040.1,46.475,1.6019,0.879,1,1,25,0.1,1.63,51.675,1.2192,87.8,3,0.98193,1.61,4,0.618, 6,7,5.1,1.0356,1
70.1,8,49.1,0.92,644.6,28.555,0,0.562,0,1,25,0.1,1.63,51.675,1.2192,87.8,3,0.61563,0.936,4,0.541, 4,4,5.1,0.83885,0
70.1,8,43.2,2.75,661.7,28.83,0,0.615,0,1,25,0.1,1.63,51.675,1.2192,87.8,2,0.62832,1.023,4,0.61, 6,4,5.1,0.84639,0
199.5,16,72,3.7,1305.5,51.415,3.7428,1,0.837,1,60,6.42,3.127,98.995,1.2919,142.7,2,3.5848,2.257,3,1, 6,8,-2.6,0.72648,1
8.1,4,119.3,-2.77,1532.7,69.33,0.40069,0.556,0.169,0.469,15,-3.23,0.766,29.015,0.75165,55.9,2,0.70718,2.207,5,0.555, 5,11,11.5,0.80709,0
37.9,4,69.8,-1.51,1006.1,39.675,0,0.581,0,1,24,-3.41,0.95,28.47,0.6325,58.2,3,0.15063,1.618,4,0.569, 6,6,11.5,0.39853,1
36.4,5,101.1,-0.3,1573.8,62.67,0.52125,0.846,1,1,22,2.94,1.476,34.465,0,47.8,3,0.65682,2.651,1,0.829, 3,10,-4.8,0.80362,1
63.4,7,44.4,1.14,602.7,29.57,0,0.27,1,1,26,1.47,1.318,46.98,0.44152,73.9,3,0.44891,0.893,5,0.371, 6,4,5.4,0.81122,0
63.4,7,86.5,3.01,1215.5,58.955,0.34564,0.63,1,1,26,1.47,1.318,46.98,0.44152,73.9,2,0.45495,1.827,5,0.617, 3,9,5.4,0.64522,0
40.2,8,109.8,5.64,1466.8,76.235,0.9987,0.906,0.589,0.621,31,4.79,1.555,52.295,0.84331,69.5,3,0.8344,2.029,3,0.784, 2,12,-2.8,0.901,0
63.4,7,65.1,4.22,1005.4,46.995,0,0.201,0,1,26,1.47,1.318,46.98,0.44152,73.9,3,0.15357,1.634,5,0.211, 6,7,5.4,0.40631,0
70.7,10,66.1,12.01,1159.6,59.51,0.38262,0.923,0.189,1,30,13.48,2.019,64.74,1.5097,69.7,1,1.0131,1.808,2,0.916, 2,9,-15.7,1.0842,1
97,8,104.8,11.12,1576.1,82.635,1.0836,0.855,0.703,0.817,32,6.59,1.785,52.09,0,69.6,1,0.80143,2.334,3,0.845, 2,13,-4.1,0.94659,1
16.9,4,61.1,9.81,1104.4,52.9,0.37838,0.797,0,0,9,4.27,0.976,29.105,0.29622,37,1,0.66095,1.804,4,0.779, 2,8,-5.4,0.87872,1
97,8,61.1,2.52,891.1,40.35,0.30528,0.478,0.699,1,32,6.59,1.785,52.09,0,69.6,1,0.45448,1.381,3,0.443, 4,6,-4.1,0.64658,0
92.5,12,76.1,-0.14,995.2,45.25,0,0.501,0.632,1,38,4.41,2.507,74.585,0.88166,114.5,1,0.49673,1.51,4,0.517, 4,7,3.2,0.89171,0
92.5,12,90.2,5.88,1391.8,63.215,4.0339,1,0.764,0.905,38,4.41,2.507,74.585,0.88166,114.5,1,3.5863,2.268,4,1, 2,10,3.2,0.64546,1
0.4,9,73.4,5.48,1102.4,52.275,0,0.574,0.054,1,16,0.68,1.511,50.98,0.68046,85.3,1,0.30215,1.733,2,0.477, 5,8,3.2,0.56733,0
0.2,4,63.2,0.88,682.7,41.475,0,0.491,0,1,6,1.56,0.53,29.755,0,43.8,1,0.58218,0.795,1,0.491, 3,6,1.1,0.67712,0
72.2,11,81.8,5.03,1192.6,58.36,1.5597,0.976,0.527,1,27,7.44,2.651,68.835,1.0042,94.9,1,2.1418,1.849,2,0.976, 6,9,-4.7,0.98421,1
26.8,6,137.9,1.55,1781,86.705,0.30104,0.935,0.506,1,21,3.76,1.414,40.735,0.71505,57.6,1,0.33029,2.478,6,0.923, 5,14,0.3,0.61797,0
113.7,11,114.5,4.34,1657,74.61,0.81009,0.958,0.757,1,37,3.26,2.085,69.39,1.3031,108.8,1,1.7983,2.613,4,0.958, 5,12,-0.2,1.3954,1
113.7,11,84.2,0.47,1056.1,51.11,0.31131,0.887,0.462,1,37,3.26,2.085,69.39,1.3031,108.8,1,0.33717,1.489,4,0.707, 4,8,-0.2,0.58628,1
56.2,5,49.9,-0.02,522.4,29.02,0,0.356,0.463,1,19,-0.62,1.009,33.67,0.35404,61.4,3,0.62509,0.609,4,0.378, 6,4,3.8,0.84588,0
32.2,3,51.7,2.87,700.6,35.045,0,0.294,0,1,10,1.65,0.848,22.965,0,36.8,2,0.14753,0.988,4,0.282, 6,5,-0.6,0.41729,0
113.7,11,115.8,4.67,1540.6,75.34,1.5365,0.934,0.62,0.554,37,3.26,2.085,69.39,1.3031,108.8,2,1.2905,2.244,4,0.848, 4,12,-0.2,0.94255,1
44.8,6,69.7,-0.62,772.7,39.605,0,0.364,1,1,19,-0.93,0.915,39.795,0.53989,68.5,3,0,0.909,1,0.338, 4,6,5.3,0,0
22,11,91.5,-0.02,1116.1,57.39,0.32806,0.817,0.253,1,34,3.08,1.625,69.665,0.63678,101.5,3,0.64796,1.536,5,0.8, 4,9,-3,0.88304,1
58.8,8,74.5,-0.09,834.8,46.375,0,0.206,0.237,1,18,2.2,1.243,52.625,0.176,75.4,3,0.43509,1.004,1,0.298, 3,7,-3.1,0.79759,0
57.9,8,88.3,-1.33,953.9,51.25,0,0.378,0.781,1,28,-0.02,1.041,51.59,0.61562,85,3,0.95606,1.13,4,0.727, 3,8,2.4,1.1635,0
25.6,9,89.5,-1.65,1089.2,50.595,0,0.078,0.023,1,21,-0.39,1.374,56.895,0.38322,97.6,2,0.55834,1.529,3,0.131, 6,8,6.2,0.82539,0
25.6,9,79.8,-0.86,864.8,45.94,0.30573,0.588,0.515,1,21,-0.39,1.374,56.895,0.38322,97.6,2,0.33008,1.081,3,0.538, 5,7,6.2,0.61786,0
50.9,6,58,3.4,874.1,40.215,0,0.577,0,1,28,2.57,0.983,40.605,0.37181,59,2,0.53714,1.403,2,0.557, 5,6,-0.2,0.79731,0
45.8,9,75.1,0.22,896,46.41,0,0.435,0.493,1,24,3.11,1.548,58.115,0.37259,86.2,3,1.6031,1.181,4,0.51, 3,7,-1.1,1.2554,0
49.3,6,129.4,-2.95,1386.4,73.925,1.2599,0.891,0.556,1,21,-2.83,0.988,39.2,0.23624,75.1,3,1.7859,1.661,3,0.898, 4,12,10.1,1.0785,0
36.5,8,97.6,-0.39,1086,56.895,0,0.821,0.543,1,29,-1.33,1.13,51.25,0.95606,88.3,3,0.38322,1.374,3,0.778, 3,9,6.5,0.60906,0
36.5,8,85,-0.02,937.8,51.59,0,0.819,0,1,29,-1.33,1.13,51.25,0.95606,88.3,1,0.61562,1.041,3,0.811, 4,8,6.5,0.83903,1
67.6,7,90.7,0.52,1121.1,57.86,0.34719,0.462,0.692,1,31,-0.6,1.011,46.13,0,74.1,1,0.33437,1.512,1,0.416, 3,9,2.7,0.5803,0
37.5,6,86.2,3.11,1153.3,58.115,0.37769,0.746,0,0,22,2.04,1.148,40.68,0.38745,58.5,3,0.37259,1.548,2,0.611, 4,9,0.7,0.64543,0
50.3,12,68.8,1.64,924,46.29,1.2493,0.769,0.82,1,31,1.09,1.979,75.405,0.53928,116,3,1.2535,1.315,1,0.771, 3,7,2.1,0.97303,1
19.6,10,75.4,2.2,954,52.625,0,0.755,0,1,33,0.59,1.668,63.46,1.2623,97.5,3,0.176,1.243,1,0.749, 1,8,1.9,0.43112,1
67.2,9,101.5,3.08,1268.3,69.665,0.60769,0.815,0.215,0,26,-0.02,1.536,57.39,0.64796,91.5,3,0.63678,1.625,4,0.859, 5,11,4.9,0.71634,0
55.7,6,59,2.57,731.9,40.605,0.19926,0.283,0.341,1,37,3.4,1.403,40.215,0.53714,58,3,0.37181,0.983,5,0.28, 2,6,-2.6,0.60933,0
67.6,7,66.7,2.59,882.9,46.38,0.26536,0.715,0.209,1,31,-0.6,1.011,46.13,0,74.1,1,0.70659,1.158,1,0.627, 4,7,2.7,0.82936,1
38.3,10,75.1,1.32,1128.3,46.24,0.30423,0.475,0,0,50,4.62,2.758,63.42,0.82178,95.2,3,0.71411,1.943,4,0.471, 6,7,1.3,0.83751,0
37.3,7,59.5,-0.18,850,34.59,0,0.48,0,1,21,-1.23,1.754,45.695,0.16254,79.2,3,0.33778,1.401,5,0.497, 6,5,9.6,0.5876,0
37.3,7,66.4,4.9,1208.4,46.17,0.34926,0.601,0,0,21,-1.23,1.754,45.695,0.16254,79.2,3,0.35457,2.202,5,0.546, 3,7,9.6,0.61431,0
114.4,10,53.9,5.07,1070.2,39.71,2.6308,0.966,0.871,1,33,8.39,2.874,62.82,3.6091,85.9,3,3.3949,1.947,4,0.975, 3,6,-12.7,1.5317,0
59.1,8,117.2,7.06,1978.2,80.405,1.0307,0.974,0.832,0.718,29,5.96,2.081,52.005,2.2835,73.6,3,1.8552,3.331,5,0.98, 4,13,-5.6,1.5428,1
34.7,7,72.7,6.52,1190.3,52.21,0,0.845,0.51,1,25,2.48,1.44,46.325,0.29966,70.2,3,0.87129,1.969,6,0.8, 3,8,0.5,0.94481,0
114.4,10,53.3,2.19,780.8,34.15,0.47565,0.809,0.9,1,33,8.39,2.874,62.82,3.6091,85.9,3,1.7462,1.162,4,0.833, 3,5,-12.7,1.2167,0
114.4,10,31.8,2.87,564.6,22.665,2.3233,0.991,0.909,1,33,8.39,2.874,62.82,3.6091,85.9,3,2.114,0.949,4,0.948, 4,3,-12.7,1.1175,0
33.5,6,48.7,3.62,707.7,35.365,0,0.38,0,1,20,2.03,1.367,40.34,0,62.6,3,0.22432,1.014,6,0.334, 3,5,1.1,0.5037,0
114.4,10,101.7,2.67,1457.5,63.555,4.0508,1,0.812,0.966,33,8.39,2.874,62.82,3.6091,85.9,2,4.1552,2.34,4,1, 4,10,-12.7,0.49995,1
100.5,12,69.2,4.15,1050.1,47.155,1.1306,0.504,0.164,0.215,26,4.36,2.595,75.08,0.97998,113.1,3,1.3238,1.685,1,0.432, 4,7,-2.1,1.1524,1
104.7,13,48.1,1.97,730.8,29.37,0.31275,0.212,0.462,1,37,3.23,2.648,80.93,1.28,131.2,3,0.33863,1.247,5,0.135, 6,4,2.9,0.58881,0
104.7,13,48.9,0.68,707.8,29.14,0,0.301,0,1,37,3.23,2.648,80.93,1.28,131.2,3,0.61186,1.136,5,0.26, 6,4,2.9,0.83228,0
114.4,10,62.9,1.77,957.1,40.03,0.3451,0.793,0.353,1,33,8.39,2.874,62.82,3.6091,85.9,2,0.65159,1.525,4,0.76, 3,6,-12.7,0.80265,0
100.5,12,65.4,3.55,912.8,46.82,0.6238,0.77,0.441,0.698,26,4.36,2.595,75.08,0.97998,113.1,2,0.62876,1.368,1,0.726, 5,7,-2.1,0.69342,0
54.3,6,76.8,1.45,984,51.79,0,0.466,0,1,26,1.69,1.099,40.2,0,61.3,3,0.10258,1.285,3,0.402, 3,8,-0.5,0.34023,0
125,13,73.6,5.96,1240.4,52.005,3.131,1,0.613,0.805,60,7.06,3.331,80.405,1.8552,117.2,2,2.2835,2.081,4,0.961, 5,8,-4.7,1.2978,1
59.3,4,123.3,3.28,1841,79.865,1.2421,0.941,0.72,1,16,2.05,0.826,29.105,0.36331,40.8,2,1.1502,3.001,1,0.936, 3,13,-5.1,1.0389,1
34.5,7,113.1,4.36,1649.7,75.08,0.50254,0.916,0.411,0,21,3.55,1.368,46.82,0.62876,65.4,3,0.97998,2.595,5,0.926, 1,12,-4.7,0.8968,0
25.9,4,131.2,3.23,1780.8,80.93,0.30096,0.767,0.875,1,20,1.97,1.247,29.37,0.33863,48.1,3,1.28,2.648,6,0.776, 5,13,2.2,1.274,1
39.2,5,85.9,8.39,1615.8,62.82,4.2127,1,0.949,1,25,2.19,1.162,34.15,1.7462,53.3,2,3.6091,2.874,3,1, 4,10,-0.8,0.77434,1
54.3,8,68.4,-1.09,809.9,39.525,0,0.167,1,1,24,6.52,1.969,52.21,0.87129,72.7,3,0.84156,1.034,3,0.456, 3,6,-5.5,0.89203,0
54.3,8,70.2,2.48,979.1,46.325,0,0.355,0.543,1,24,6.52,1.969,52.21,0.87129,72.7,3,0.29966,1.44,3,0.383, 6,7,-5.5,0.56324,0
125,13,68.8,6.59,1343.6,51.63,0.56703,0.523,0.512,1,60,7.06,3.331,80.405,1.8552,117.2,2,0.79064,2.457,4,0.523, 4,8,-4.7,0.82759,1
47.5,7,39.5,-0.39,599.7,22.735,0.73152,0.503,0,0,26,1.32,1.943,46.24,0.71411,75.1,2,1.3405,1.07,6,0.503, 5,3,6.7,1.138,0
47.9,7,79.2,-1.23,1093.3,45.695,0,0.459,0,1,39,4.9,2.202,46.17,0.35457,66.4,2,0.16254,1.754,3,0.383, 5,7,-3.2,0.45972,0
30.8,7,50.2,6.94,980.1,40.685,0.85049,0.533,0,0,21,7.53,1.678,46.96,0.16643,59.2,3,0.70109,1.683,2,0.496, 4,6,-5.3,0.8149,0
123.6,11,85.2,8.56,1410.6,64.1,1.2234,0.962,0.578,0.705,39,6.9,2.321,69.62,2.9676,95.5,3,1.0664,2.244,4,0.959, 3,10,-7,0.88608,0
55.8,8,50.2,1.84,699.7,34.095,1.2698,0.763,0.505,0.771,27,-1.25,1.587,50.955,0.24839,84.8,2,1.7385,0.946,1,0.763, 3,5,6.3,1.2578,0
39.6,6,91.3,1.13,1273.4,56.555,0.13832,0.76,0.269,1,29,1.22,1.302,40.13,0.55186,62.4,3,0.36695,1.86,6,0.76, 3,9,1.9,0.59033,0
83.6,10,50.2,1.84,699.7,34.095,0.60988,0.43,0.114,0.315,38,-0.03,1.993,62.255,0.73106,99.6,2,0.93682,0.946,4,0.416, 3,5,3.6,0.92002,0
123.6,11,88.1,6.76,1402.6,63.285,1.0541,0.621,0.277,0.368,39,6.9,2.321,69.62,2.9676,95.5,3,1.1994,2.266,4,0.611, 4,10,-7,1.071,0
123.6,11,53.8,2,819.9,34.39,0,0.679,0,1,39,6.9,2.321,69.62,2.9676,95.5,3,0.27883,1.337,4,0.687, 3,5,-7,0.48725,0
51.5,9,37.9,-0.73,343.3,23.335,0.43964,0,0,0,24,-0.5,1.432,56.915,0.447,92.3,3,0.68834,0.327,5,0.106, 3,3,5.4,0.99769,0
51.5,9,89.6,0.87,1077,57.94,1.119,0.7,0.36,0.435,24,-0.5,1.432,56.915,0.447,92.3,3,0.99178,1.459,5,0.7, 3,9,5.4,0.92387,0
64.6,7,79.4,2.89,1014.9,53.025,0.70591,0.8,0.401,0.699,34,1.92,1.636,46.195,0.2781,73.1,3,1.1856,1.323,6,0.8, 4,8,1.6,1.1672,0
32.5,4,83.7,-1.52,1244.4,50.77,0.56308,0.61,0.056,0.136,17,-1.66,1.014,28.01,0.91072,47.8,3,1.0489,2.006,1,0.61, 5,8,5.7,1.2546,0
38,7,82.1,-0.29,1111.2,51.375,0.24372,0.715,0.355,1,24,1.48,1.144,46.505,2.2721,71.1,3,0.38139,1.619,4,0.698, 6,8,2.7,0.54314,1
64.6,7,92.8,0.87,1307.4,57.3,0.66508,0.96,0.906,1,34,1.92,1.636,46.195,0.2781,73.1,3,0.74765,1.989,6,0.961, 3,9,1.6,0.66733,1
73.8,9,62.4,1.22,884.1,40.13,0.24705,0.697,0.249,1,44,1.13,1.86,56.555,0.36695,91.3,3,0.55186,1.302,3,0.497, 6,6,0.1,0.62953,0
34.5,5,99.6,-0.03,1377.5,62.255,0.60846,0.787,0.153,0.289,19,1.84,0.946,34.095,0.93682,50.2,3,0.73106,1.993,3,0.744, 4,10,-3.4,1.0539,0
69.9,8,102.2,-3.67,1134.1,56.58,0.58859,0.769,0.186,0.003,34,-0.29,1.619,51.375,0.38139,82.1,2,0.94796,1.449,6,0.771, 3,9,5.2,0.89924,0
69.9,8,122.5,3.76,1652.7,81.1,1.087,0.915,0.526,1,34,-0.29,1.619,51.375,0.38139,82.1,3,1.0327,2.238,6,0.891, 3,13,5.2,0.88677,0
38.8,9,92.3,-0.5,1091.1,56.915,0.34834,0.639,0.211,0,42,0.87,1.459,57.94,0.99178,89.6,3,0.447,1.432,3,0.626, 5,9,1.9,0.70623,0
74.3,8,72.4,2.16,965,46.815,0.59441,0.484,0.395,0,32,2.89,1.323,53.025,1.1856,79.4,3,0.79092,1.384,4,0.567, 3,7,-2.4,0.75425,0
103.8,9,73.1,1.92,1064.1,46.195,0,0.586,1,1,42,0.87,1.989,57.3,0.74765,92.8,3,0.2781,1.636,3,0.603, 6,7,4.9,0.53644,0
103.8,9,87,0.04,979.9,52.05,0.88379,0.704,0.311,0.564,42,0.87,1.989,57.3,0.74765,92.8,1,1.7547,1.132,3,0.704, 1,8,4.9,1.2362,0
30.8,4,95.5,6.9,1502.7,69.62,3.0165,1,0.804,1,16,4.74,1.239,28.745,2.4582,36.5,1,2.9676,2.321,2,1, 4,11,-7.7,0.60083,1
61.3,10,71.1,8.72,1190.4,59.245,1.5056,0.839,0,0,39,8.56,2.244,64.1,1.0664,85.2,3,1.3186,1.864,3,0.824, 2,9,-11.1,1.1579,0
48.1,5,68.3,3.55,946,47.05,0.79727,0.457,0.747,0.796,20,2,1.337,34.39,0.27883,53.8,3,0.8307,1.361,3,0.426, 5,7,0.6,0.8547,0
29.7,6,59.2,7.53,1008.3,46.96,0.37446,0.128,0,0,32,6.94,1.683,40.685,0.70109,50.2,3,0.16643,1.678,4,0.425, 2,7,-9.3,0.47072,0
38.5,8,161.2,7.47,1837.7,113.81,0.81229,0.996,1,1,19,3.67,1.015,53.385,3.405,74.1,3,2.2207,2.045,3,0.997, 5,18,-0.9,1.7752,1
59.8,10,71.9,-2.43,821.8,39.32,0.87395,0.283,0.525,0.194,26,-3.36,1.767,62.235,1.5057,110.6,3,1.4267,1.162,4,0.365, 4,6,10.7,1.0699,0
26.1,7,126.9,1.7,1747.9,79.78,2.0907,0.986,0.546,0.691,28,0.59,1.577,44.78,1.5422,70.7,2,1.8459,2.584,3,0.985, 3,13,0.7,1.0417,1
53.4,6,88.2,5.02,1496.7,62.435,0.19056,0.827,1,1,31,4.04,1.718,39.855,3.9481,52.9,3,0.25254,2.424,3,0.77, 5,10,-6.7,0.53624,0
99.4,12,44.6,8.93,1053.4,40.965,1.4154,0.637,0.187,0.37,52,9,2.365,75.535,0.29832,102.2,3,2.0023,2.005,3,0.637, 4,6,-10,1.2846,0
65.4,7,38.6,3.16,643.8,28.67,0.21001,0.471,0.367,1,32,4.31,1.757,46.025,0.21051,64,3,0.36442,1.056,3,0.452, 5,4,-3.9,0.59741,0
65.4,7,92.3,4.97,1513.8,63,0.76005,0.902,0.271,0.5,32,4.31,1.757,46.025,0.21051,64,3,0.70158,2.519,3,0.886, 2,10,-3.9,0.70681,0
51.8,7,41.1,-0.43,480.4,22.24,0,0.268,0,1,18,-2.05,1.522,44.595,0.54411,81.5,1,0.71684,0.652,4,0.267, 3,3,7,0.869,0
51.8,7,81.2,-2.44,1028.2,44.775,0.31076,0.62,0.72,1,18,-2.05,1.522,44.595,0.54411,81.5,1,0.65539,1.607,4,0.606, 4,7,7,0.90514,0
59.8,10,120.2,1.48,1619.7,73.85,3.4553,1,0.743,0.913,26,-3.36,1.767,62.235,1.5057,110.6,1,2.3596,2.457,4,0.997, 5,12,10.7,1.4553,1
104.6,12,101.3,5.93,1612,69.08,0.29584,0.789,0.873,1,50,8.23,2.699,75.66,3.5654,104.4,1,1.0971,2.659,3,0.813, 5,11,-7.4,1.1058,1
53.4,6,105.6,5.31,1723.1,75.145,1.9764,1,0.842,1,31,4.04,1.718,39.855,3.9481,52.9,3,1.541,2.823,3,0.994, 3,12,-6.7,0.79209,0
99.4,12,100.1,4.37,1336.5,69.41,1.4394,0.991,0.888,1,52,9,2.365,75.535,0.29832,102.2,3,1.4874,1.707,3,0.991, 6,11,-10,0.97206,0
65.7,4,64,4.31,1085.3,46.025,0,0.905,1,1,23,3.16,1.056,28.67,0.36442,38.6,3,0.21051,1.757,5,0.855, 3,7,-2.3,0.47071,0
86.8,11,70.2,2.77,1008.2,45.955,0,0.514,0.546,1,33,5.93,2.659,69.08,1.0971,101.3,3,0.34192,1.521,5,0.582, 6,7,-1.7,0.59556,1
86.8,11,104.4,8.23,1708.1,75.66,3.8404,1,0.785,1,33,5.93,2.659,69.08,1.0971,101.3,3,3.5654,2.699,5,1, 3,12,-1.7,0.60135,1
135.2,10,52.9,4.04,1006.2,39.855,3.9246,1,0.587,0.788,45,5.02,2.424,62.435,0.25254,88.2,2,3.9481,1.718,5,1, 3,6,-6.5,0.64965,1
71.3,11,102.2,9,1587.9,75.535,0,0.688,0.649,1,35,4.37,1.707,69.41,1.4874,100.1,3,0.29832,2.365,6,0.687, 3,12,-4,0.69351,1
35.8,4,69.2,1.28,928,46.24,0.64953,0.573,0.599,0.733,17,-0.45,0.599,28.845,0,49,2,0.85783,1.256,1,0.551, 3,7,3,0.9148,0
64.9,12,110.6,-3.36,1270.3,62.235,0.89274,0.822,0.312,1,31,1.48,2.457,73.85,2.3596,120.2,3,1.5057,1.767,5,0.822, 4,10,2.5,1.0366,1
56.2,10,85.7,-0.91,998,51.14,3.7366,1,0.469,0.757,24,-4.47,1.764,62.26,0.67281,115.5,3,4.1551,1.279,1,1, 4,8,15.2,0.74216,1
70.2,7,100.8,-3.11,1268.5,55.88,1.1565,0.887,0.549,1,21,-2.44,1.607,44.775,0.65539,81.2,3,1.4048,1.897,4,0.887, 3,9,8,0.92154,1
70.2,7,81.5,-2.05,1014.1,44.595,0,0.622,0,1,21,-2.44,1.607,44.775,0.65539,81.2,2,0.54411,1.522,4,0.56, 4,7,8,0.81264,0
135.2,10,55.9,3.04,930.1,39.85,1.5603,0.973,0.707,0.777,45,5.02,2.424,62.435,0.25254,88.2,3,1.5703,1.482,5,0.97, 3,6,-6.5,1.0213,1
66.5,8,42.5,2.66,544.5,29.66,0,0.158,1,1,21,0.88,1.396,51.97,0.39256,82.1,3,0,0.716,1,0.08, 3,4,4.3,0,0
30.2,8,65.7,-1.72,694.5,34.66,0,0.312,0,1,37,-1.76,1.082,52.495,0.60156,90.2,3,0.16232,0.846,6,0.291, 4,5,8.1,0.45911,0
57.4,9,88.2,-4.16,965.1,45.885,0.4468,0.537,0.22,1,29,-3.6,1.568,56.72,0.29097,104.7,2,1.2184,1.369,1,0.537, 4,7,12.4,1.1265,0
43.9,9,93.7,-1.97,1064.2,51.745,2.3737,0.972,0.139,0.332,29,-4.52,1.683,56.705,0.15371,107.6,2,3.1529,1.47,6,0.972, 5,9,15.8,1.4629,0
45.4,5,36.3,0.98,412.4,23.185,0,0.032,0,1,12,0.38,0.634,34.68,0,56.9,3,0.16636,0.5,1,0.148, 4,3,2.4,0.44015,0
74.8,10,107.1,-4,1155.3,57.175,0,0.191,0.779,1,36,-4.74,1.629,62.625,0.98489,113.8,3,0.73403,1.547,4,0.282, 4,10,15.9,1.0834,0
74.8,10,126.5,-1.36,1403.5,75.385,0,0.773,0,1,36,-4.74,1.629,62.625,0.98489,113.8,2,0.7598,1.849,4,0.774, 5,12,15.9,1.1312,0
33,10,118.9,2.4,1278.2,76.18,0.30728,0.774,0.673,1,27,6.3,1.561,64.52,0.672,89.8,2,1.2849,1.37,1,0.792, 4,12,-5.9,1.1916,0
14.9,5,109.2,5.66,1605.7,74.92,0,0.922,0.516,1,19,0.43,0.927,34.625,0.54641,55.6,3,0.42766,2.535,5,0.915, 3,12,3.7,0.60529,0
85,7,73.1,5.03,1117.4,52.385,0.99998,0.669,0.828,0.618,22,2.27,1.343,46.46,0.79368,71.7,2,2.1607,1.794,6,0.86, 2,8,4.9,1.3802,0
57.4,11,67.5,2.55,754.8,47.125,0,0.395,0.66,1,25,4.14,1.376,70.295,1.7564,104.5,2,0.55697,0.879,2,0.447, 3,7,-0.4,0.91059,0
75.7,7,58.1,-0.91,540.5,35.165,0,0.397,0,1,27,-1.96,0.899,46.27,0,77.8,3,0.33771,0.546,3,0.395, 4,5,8.6,0.58764,0
85,7,101.4,5.69,1434.7,69.495,0,0.424,0.455,1,22,2.27,1.343,46.46,0.79368,71.7,1,0.24456,2.078,6,0.46, 5,11,4.9,0.52131,0
65.8,6,67,3.87,1000.2,46.3,0,0.448,1,1,31,5.66,0.981,41.62,0.52675,51.6,1,0.20486,1.527,2,0.618, 3,7,-4.5,0.45807,0
12.6,6,96.5,3.08,1298.5,63.885,0,0.463,0,1,19,2.87,0.912,41.235,0.41404,60.1,1,0.33754,1.893,3,0.421, 6,10,-0.2,0.58742,0
65.8,6,70,7.14,1044.2,53.5,0,0.292,0,1,31,5.66,0.981,41.62,0.52675,51.6,1,0.29944,1.495,2,0.249, 4,8,-4.5,0.56269,0
43.9,9,79.3,-3.7,893.9,39.815,0.24997,0.107,0.317,1,29,-4.52,1.683,56.705,0.15371,107.6,2,0.43761,1.284,6,0.101, 6,7,15.8,0.62158,0
32.1,9,120.1,2.66,1489.7,81.59,0.87097,0.948,1,1,19,2.19,1.647,57.11,1.0757,86.9,3,0.58917,1.919,3,0.919, 6,13,0.8,0.81104,0
116.2,11,71.6,0.92,1004.1,46.47,1.585,0.996,0.378,0.506,43,7.28,2.63,70.02,0.991,98.8,3,1.1786,1.461,6,0.884, 5,7,-4.4,0.92338,1
116.2,11,132,0.48,1570.5,81.545,0.19781,0.894,0.695,1,43,7.28,2.63,70.02,0.991,98.8,3,0.36943,2.029,6,0.891, 2,13,-4.4,0.60485,1
116.2,11,83.1,-1.94,1097.2,45.775,0.94882,0.531,0.416,0.317,43,7.28,2.63,70.02,0.991,98.8,3,0.94744,1.656,6,0.467, 3,7,-4.4,1.0035,0
61,7,98.8,7.28,1599.7,70.02,0.99078,0.924,0.594,1,23,0.92,1.461,46.47,1.1786,71.6,3,0.991,2.63,5,0.891, 6,11,1.6,0.94642,0
26.9,7,143,2.94,1872,93.065,1.0562,0.953,0.797,1,22,0.74,1.217,46.365,0.89083,73.9,3,1.4726,2.543,1,0.957, 3,15,3.8,1.1616,0
105.7,13,86.9,2.19,1189.4,57.11,0.7062,0.891,0.219,1,46,2.66,1.919,81.59,0.58917,120.1,3,1.0757,1.647,6,0.822, 3,9,0.3,0.82458,0
105.7,13,57.8,-0.66,603.7,34.67,0.90714,0,0,0,46,2.66,1.919,81.59,0.58917,120.1,2,1.0647,0.65,6,0, 5,5,0.3,0.79193,0
105.7,13,68.1,-1.63,729.8,40.44,2.6114,1,0.756,0.726,46,2.66,1.919,81.59,0.58917,120.1,2,1.9713,0.879,6,0.744, 3,6,0.3,0.98277,0
105.7,13,78.4,1.66,870.9,53.305,2.6255,0.612,0.213,0.376,46,2.66,1.919,81.59,0.58917,120.1,2,2.9437,0.996,6,0.612, 5,8,0.3,1.3103,0
39,6,108.1,1.91,1376.5,68.79,0.31216,0.893,0.416,1,21,-1.61,0.618,40.465,0.83973,69.2,2,0.77173,1.819,3,0.893, 6,11,6.7,0.82678,1
74,7,55.1,3.03,960.2,39.69,0.17282,0.44,0.209,1,35,2.7,1.282,45.305,0.48507,67.8,3,0.5517,1.567,4,0.418, 3,8,-2.2,0.82801,0
88.8,9,50.6,-1.83,654.9,28.45,0,0.031,0,1,28,-2.34,1.601,58.34,0.24363,102.7,2,0.14694,1.066,5,0.029, 5,4,18.2,0.41561,0
78.6,9,47.2,0.25,584.7,28.325,0,0.653,0.813,1,30,4.25,1.712,57.735,1.1324,83.3,2,0.9431,0.827,2,0.674, 3,4,1,1.1471,0
78.6,9,41.9,2.26,603.8,28.43,1.2697,0.989,0.882,1,30,4.25,1.712,57.735,1.1324,83.3,3,1.309,0.937,2,0.99, 4,4,1,0.83666,0
25.6,7,96.7,2.58,1232.5,64.36,0.3052,0.893,0.818,1,17,6.33,1.49,47.165,1.8736,57.3,2,0.75084,1.704,3,0.878, 5,10,-1.8,0.89565,1
88.8,9,75.9,-3.24,899.1,40.18,0.38256,0.801,0.281,1,28,-2.34,1.601,58.34,0.24363,102.7,2,1.6573,1.322,5,0.801, 2,6,18.2,1.3779,0
88.8,9,51.6,-1.48,655.8,28.625,0,0.231,0,1,28,-2.34,1.601,58.34,0.24363,102.7,2,0.56642,0.998,5,0.23, 6,4,18.2,0.84795,0
111.8,13,65.9,3.83,1081.3,45.405,1.9361,0.848,0.059,0,54,6.21,3.045,80.785,0.25895,113.9,2,3.1215,1.849,2,0.848, 4,7,-1.5,1.6426,0
117.6,12,49.7,1.71,733,34.1,0,0.211,1,1,44,5.15,2.453,74.92,0.48546,107.9,3,0,1.156,5,0.295, 5,5,0.5,0,0
33.4,5,66.8,-0.76,791.9,40.075,0,0.159,1,1,17,0.2,1.107,34.43,0.25784,55.1,3,0,1.075,2,0.321, 3,6,5.3,0,0
117.6,12,83.3,4.5,1224.4,57.78,0,0.381,1,1,44,5.15,2.453,74.92,0.48546,107.9,3,0.18187,1.914,5,0.355, 6,9,0.5,0.48117,0
111.8,13,142.6,-0.45,1833.1,86.45,1.1275,0.683,0.429,0.414,54,6.21,3.045,80.785,0.25895,113.9,3,1.0084,2.688,2,0.632, 4,14,-1.5,0.94561,0
30.2,5,108.2,-3.63,1273.4,57.06,0,0.423,0,1,16,1.2,1.115,34.475,0.39928,55.7,2,0.5474,1.849,6,0.432, 5,9,3.4,0.81484,0
57,8,96.5,3.83,1395.6,62.84,0,0.71,0,1,21,5.71,1.667,51.73,0,70.4,2,0.44929,2.202,1,0.644, 3,10,-5.5,0.63912,0
33.7,8,113,-2.24,1311.5,63.65,0.60893,0.607,0,0,26,-1.05,1.397,52.675,0.59722,91.1,2,0.90066,1.757,6,0.607, 5,10,11.7,0.84248,0
32.4,8,79.2,5.72,1184.4,57.81,0.73925,0.927,0.658,1,25,1.33,1.581,51.595,0.32003,82.5,2,0.71469,1.745,4,0.788, 2,9,5.7,0.83207,0
46.8,5,103.4,-2.47,1174.3,58.5,0.31322,0.89,0,0,24,-4.05,0.917,34.595,1.2535,68.4,2,0.49125,1.555,1,0.833, 6,9,15,0.63687,1
31.3,10,78.4,-3.01,892,40.435,0,0.763,1,1,19,-4.34,2.09,62.88,0,117.3,1,0,1.24,5,0.726, 6,6,20.7,0,0
98.9,9,51.9,4.8,974.2,39.57,1.087,0.971,0.731,0.819,36,6.03,2.071,57.98,0.89698,79.6,2,2.1253,1.678,3,0.972, 2,6,-1.8,1.6148,0
67.3,8,84.5,1.74,1120.2,52.335,1.9077,0.987,1,1,25,3.32,2.004,51.46,0.67071,78.3,2,1.4953,1.557,6,0.978, 3,8,-0.4,0.99556,0
62.6,9,107.6,0.28,1172.1,64.26,0.54944,0.844,0.228,0.451,23,7.86,1.528,59.17,0.24213,76,3,0.60451,1.316,3,0.821, 4,10,-5.6,0.681,0
54.3,8,44.5,-2.01,487.5,22.775,0,0.181,0,1,25,-0.42,1.681,51.57,0.5452,88.9,3,0.29917,0.629,5,0.177, 6,3,10.5,0.56201,0
124,10,62.3,1.16,896.1,39.605,0,0.378,1,1,57,7.78,2.022,63.945,0.81716,82.7,2,0.11265,1.411,2,0.424, 5,6,-2.7,0.35623,0
124,10,34.4,4.53,664.9,28.545,3.7849,1,0.883,0.873,57,7.78,2.022,63.945,0.81716,82.7,2,3.3627,1.165,2,1, 3,4,-2.7,0.57989,0
78.6,9,50.6,9.41,984.3,47.205,1.6373,0.948,0.894,1,30,4.25,1.712,57.735,1.1324,83.3,2,1.7253,1.607,2,0.938, 2,7,1,1.1997,0
59.6,10,67.1,6.64,1119.5,52.63,0,0.668,0,1,23,9.21,2.159,64.82,0,79.5,2,0.1324,1.855,3,0.592, 5,8,-4.1,0.41869,0
59.6,10,62,4.46,1038.3,45.69,0.39836,0.426,0.256,0.503,23,9.21,2.159,64.82,0,79.5,2,0.49793,1.718,3,0.315, 2,7,-4.1,0.66077,0
12.1,6,51.2,2.77,627.7,35.33,0,0.372,0,1,15,2.51,1.007,40.615,0.52479,61.9,3,0.51256,0.765,2,0.323, 3,5,-0.3,0.84735,0
74.4,11,96.2,10.96,1524.9,76.63,3.0079,1,0.77,1,27,6.83,2.31,69.545,0.34353,95.2,3,1.6732,2.316,2,0.934, 1,12,-3.4,1.3026,0
29.9,5,53.4,5.09,772.9,42.36,0.30186,0.323,0.331,0,12,4.62,1.114,35.51,0.14758,45.1,2,1.0872,1.083,5,0.338, 6,6,-0.8,1.0281,0
85.8,9,95.2,6.83,1482.9,69.545,0.37836,0.839,0.551,1,47,7.42,2.023,58.535,1.4241,73.1,1,0.34353,2.31,4,0.821, 2,11,-6.2,0.59907,0
37.9,8,88.9,-0.42,1147.3,51.57,0,0.614,0,1,23,-3.2,1.388,51.14,0.56112,93.6,2,0.5452,1.681,6,0.602, 5,8,11.6,0.81057,0
51.6,10,85.3,0.92,1013.1,52.375,0.24607,0.847,0.666,1,23,0.28,1.316,64.26,0.60451,107.6,2,0.84755,1.315,4,0.861, 4,8,7.1,0.80451,0
26.4,4,83.3,4.25,1163.5,57.735,1.0064,0.933,0.276,0.622,15,0.25,0.827,28.325,0.9431,47.2,2,1.1324,1.712,3,0.907, 2,9,3,0.95338,0
69.2,6,82.7,7.78,1313.7,63.945,0.73788,0.963,0.838,1,34,1.16,1.411,39.605,0.11265,62.3,2,0.81716,2.022,5,0.938, 2,10,3.9,0.94603,0
66,8,34.1,4.74,616.8,29.8,0,0,1,1,29,6.64,1.855,52.63,0.1324,67.1,3,0.49462,1.026,5,0.009, 2,4,-1.6,0.88452,0
33.3,10,91.1,-1.05,1051.1,52.675,0,0.776,0.066,1,36,-2.24,1.757,63.65,0.90066,113,2,0.59722,1.397,5,0.767, 6,8,17.4,0.88109,0
27.8,4,102.7,-2.34,1188.3,58.34,0,0.577,0.541,1,11,-1.48,0.998,28.625,0.56642,51.6,3,0.24363,1.601,6,0.618, 5,9,10.2,0.51897,0
124.6,9,61.6,2.68,863,40.58,0.24786,0.397,0.327,1,53,5.72,1.745,57.81,0.71469,79.2,1,0.42093,1.288,2,0.391, 4,6,-4,0.59578,0
124.6,9,70.4,5.71,1117.3,51.73,0,0.79,1,1,53,5.72,1.745,57.81,0.71469,79.2,3,0,1.667,2,0.78, 1,8,-4,0,0
124.6,9,82.5,1.33,1074.3,51.595,0,0.434,0,1,53,5.72,1.745,57.81,0.71469,79.2,3,0.32003,1.581,2,0.455, 4,8,-4,0.55484,0
28.6,9,55.7,1.2,743.8,34.475,0,0.391,1,1,34,-3.63,1.849,57.06,0.5474,108.2,1,0.39928,1.115,5,0.413, 6,5,17.1,0.77843,0
98,12,67.9,3.38,1047.2,45.73,0.75661,0.531,0.56,0.45,46,2.23,2.121,75.225,2.2195,115.4,1,1.6895,1.699,4,0.532, 2,7,2.3,1.4815,0
81,12,65.7,14.43,1172.8,66.04,1.4366,0.988,0.218,0.477,28,11.46,2.009,77.03,3.9484,91.5,1,1.9987,1.788,1,0.988, 2,10,-12.1,1.1348,0
73.2,11,80.7,16.02,1495.9,76.745,1.5915,0.983,0.343,0.524,33,7.84,2.175,70.255,1.5296,92.6,1,1.5476,2.377,3,0.976, 2,12,-4.2,1.1263,1
68.6,11,109.8,0.4,1618.1,68.185,0.30371,0.529,0.804,1,41,6.3,2.418,69.935,1.0766,98.6,1,0.75245,2.686,3,0.536, 5,11,3.1,0.88558,0
68.6,11,130.1,14.98,2214.9,104.615,1.4596,0.995,1,1,41,6.3,2.418,69.935,1.0766,98.6,1,1.2345,3.566,3,0.99, 4,17,3.1,0.90034,1
55.7,8,129.8,-2.46,1508.7,74.745,0.30021,0.736,0.892,1,36,2.98,1.695,52.02,0.31593,75.2,1,1.2753,2.04,6,0.752, 5,12,4.9,1.2628,0
66,10,79.3,5.96,1214.3,57.8,0,1,1,1,35,7.77,2.182,63.53,1.2957,84.3,1,1.3378,1.915,3,0.998, 1,9,-8.5,0.85556,1
60.3,7,111.3,6.59,1587.9,81.435,0.4328,0.717,0.68,1,28,0.04,1.337,46.3,0.27442,73.6,1,0.76324,2.334,6,0.717, 5,13,8.4,0.87057,0
48.1,8,103.7,12.94,1631.2,88.38,0.3723,0.913,0.719,1,27,11.09,1.519,53.525,0.37126,54.8,1,1.1377,2.381,2,0.913, 2,14,-12.5,0.95312,1
60.3,7,84.1,-0.36,1014.1,51.9,0,1,1,1,28,0.04,1.337,46.3,0.27442,73.6,1,0,1.334,6,0.156, 1,8,8.4,0,0
60.3,7,92.1,1.99,1319.7,63.025,0.61286,0.912,1,1,28,0.04,1.337,46.3,0.27442,73.6,1,0.39,1.981,6,0.811, 5,10,8.4,0.63821,1
69.8,8,107.6,16.44,1865.7,93.865,0.76451,0.967,0.763,1,31,7.26,1.872,52.175,0.3766,61.7,1,0.70242,2.89,3,0.951, 2,15,-4.7,0.70832,1
81.7,12,74.6,10.73,1165.5,65.61,0,1,1,1,34,12.01,1.931,77.81,1.0505,90.2,3,0.96828,1.64,2,0.999, 1,10,-12.4,1.0165,0
99.8,10,39.4,6.47,616.8,35.61,0.38532,0.706,0,0,58,10.08,2.025,64.345,0.50608,79,2,0.92651,0.864,2,0.687, 2,5,-12.3,0.98826,0
104.6,9,82,9.88,1408.7,64.44,3.5248,1,0.53,0.858,47,4.46,2.045,57.705,1.1085,88.6,2,2.4455,2.239,4,0.992, 1,10,-3.5,1.2955,0
72.4,14,71.8,2.89,991.1,47.09,0.55355,0.912,0.23,0.452,46,13.19,2.748,88.81,1.9106,111.2,3,0.605,1.368,3,0.382, 6,7,-10.7,0.68181,0
72.4,14,83.4,8.59,1288.7,65.11,0.99718,0.972,0.775,0.624,46,13.19,2.748,88.81,1.9106,111.2,3,1.6445,1.837,3,0.984, 2,10,-10.7,1.0376,0
131.2,9,60.7,2.16,813,40.92,0,0.225,0.666,1,32,2.72,1.552,58.585,0,85.8,3,0.65752,1.121,5,0.381, 3,6,5.4,0.96766,0
60.3,9,44.9,-1.32,468.4,22.995,0,0,1,1,31,3.53,1.883,58.255,0.95388,91.9,3,0.5451,0.548,6,0.107, 6,3,2.8,0.80984,0
60.3,9,53.4,0.33,696.6,29.015,0,0.526,0,1,31,3.53,1.883,58.255,0.95388,91.9,3,0.14454,1.046,6,0.42, 4,4,2.8,0.43362,1
104.6,9,88.3,1.65,1216.1,52.17,0.99466,0.989,0.367,0.306,47,4.46,2.045,57.705,1.1085,88.6,3,1.1026,1.815,4,0.547, 6,8,-3.5,0.86874,0
99.8,10,51.9,6.58,889,40.745,0,0.638,0,1,58,10.08,2.025,64.345,0.50608,79,3,0.24346,1.447,2,0.535, 3,6,-12.3,0.54438,0
131.2,9,84.5,7.74,1264.8,65.265,1.0023,0.766,0.454,0.621,32,2.72,1.552,58.585,0,85.8,3,0.68493,1.843,5,0.707, 2,10,5.4,0.92932,0
131.2,9,48.4,5.58,753.1,41.335,0,0.808,0,1,32,2.72,1.552,58.585,0,85.8,3,0.83719,1.097,5,0.803, 2,6,5.4,1.1336,0
69.1,10,65.5,3.87,753.9,47.745,0,0.264,0,1,29,10.73,1.64,65.61,0.96828,74.6,3,0.24588,0.843,1,0.381, 1,7,-11.7,0.49175,0
69.1,10,90.2,12.01,1383.9,77.81,0.75896,0.871,0.575,1,29,10.73,1.64,65.61,0.96828,74.6,3,1.0505,1.931,1,0.868, 2,12,-11.7,0.86228,1
45.5,10,57.1,6.55,894.3,47.615,0,0.32,0,1,28,7.74,1.843,65.265,0.68493,84.5,3,0.15464,1.326,2,0.294, 6,7,-2.1,0.40913,0
32,9,85.8,2.72,1125.4,58.585,0,0.64,1,1,23,1.63,1.576,52.565,0.16593,80.3,3,0,1.552,2,0.648, 5,9,6.3,0,0
46.1,10,72.5,4.69,1075.4,52.82,1.3309,0.801,0.584,0.623,31,8.59,1.837,65.11,1.6445,83.4,3,0.97763,1.559,2,0.701, 1,8,-3.5,0.91327,0
71.9,4,91.9,3.53,1288.3,58.255,0.68524,0.858,0.533,1,27,0.33,1.046,29.015,0.14454,53.4,3,0.95388,1.883,4,0.843, 6,9,5.1,0.79402,0
71.9,4,88.6,4.46,1320.3,57.705,1.1613,0.714,0.748,1,27,0.33,1.046,29.015,0.14454,53.4,1,1.1085,2.045,4,0.653, 4,9,5.1,1.0498,1
46.1,10,111.2,13.19,1805.1,88.81,1.2968,1,0.506,0.488,31,8.59,1.837,65.11,1.6445,83.4,1,1.9106,2.748,2,1, 3,14,-3.5,1.1473,1
57,6,36.2,5,647.7,29.055,0,0.084,0,1,18,6.58,1.447,40.745,0.24346,51.9,3,0.13556,1.081,3,0.057, 4,4,-8.5,0.38342,0
57,6,79,10.08,1307.5,64.345,0.5888,0.894,0.74,1,18,6.58,1.447,40.745,0.24346,51.9,3,0.50608,2.025,3,0.781, 2,10,-8.5,0.66974,1
22.4,7,56.5,3.46,779.8,40.73,0,0.241,0,1,15,6.53,1.028,47.56,0.15384,58,3,0.18978,1.088,4,0.209, 1,6,-6.6,0.46486,0
77,12,48.5,6.84,854.1,41.09,0,0.088,0,1,53,4.25,2.268,76.245,1.9207,114.6,3,0.15468,1.332,2,0.219, 2,6,8.8,0.40925,0
102.7,12,64.8,4.13,1028.4,46.315,1.6417,0.592,0.282,0.537,34,12.31,2.628,76.26,3.2335,91.1,2,2.6632,1.689,2,0.592, 2,7,-11.3,1.7124,0
40.4,7,66.9,3.86,933.1,47.14,0,0,0,1,27,1.87,1.061,47.36,0.84054,71.5,3,0.4441,1.347,6,0.05, 5,7,4.8,0.8598,0
40.4,7,67,0.68,760.7,41.225,0,0.625,0.422,1,27,1.87,1.061,47.36,0.84054,71.5,3,1.2175,0.865,6,0.665, 2,6,4.8,1.189,0
33.5,6,95.6,10.93,1506.9,77.935,1.797,0.942,0.828,1,24,3.37,0.884,41.885,1.4387,58.5,3,1.7374,2.26,3,0.936, 4,12,0.2,1.0933,0
0,6,53.3,1.92,659.7,35.295,0,0.068,0,1,11,2.43,0.933,41.24,0,61,2,0.5592,0.86,1,0.064, 6,5,0.4,0.82499,0
102.7,12,75.1,10.65,1454.1,63.74,0.76231,0.577,0,0,34,12.31,2.628,76.26,3.2335,91.1,2,1.054,2.533,2,0.576, 2,10,-11.3,0.86416,0
102.7,12,84.8,6.36,1434,63.41,2.5646,0.921,0.432,0.772,34,12.31,2.628,76.26,3.2335,91.1,2,3.3645,2.392,2,0.921, 5,10,-11.3,1.6385,1
45.4,4,75.9,-0.68,1007.2,45.735,0,0.339,0.458,1,19,-2.33,0.671,28.59,0.16715,54.3,3,0.38393,1.446,6,0.461, 3,7,8.9,0.60997,0
45.4,4,81.5,-3.39,1050.2,45.105,0,0.186,0.621,1,19,-2.33,0.671,28.59,0.16715,54.3,3,0.86088,1.551,6,0.233, 5,7,8.9,1.1942,0
44.3,7,138.3,2,1875.3,86.315,0.51967,0.903,0.868,1,36,-0.38,1.492,45.63,0.35722,75.3,3,0.78132,2.731,6,0.864, 3,14,7.1,0.83352,1
79,9,79.2,-2.09,1074.3,44.81,1.608,0,0,0,29,2.71,1.72,58.16,0.15251,91.3,3,1.5482,1.704,4,0.35, 6,7,5.6,0.92987,1
79,9,74.8,-2.68,884,39.485,0,0.522,0.468,1,29,2.71,1.72,58.16,0.15251,91.3,2,1.0499,1.266,4,0.534, 5,6,5.6,1.2359,0
79,9,92.3,7.84,1479,69.615,0.76496,0.987,0.717,1,29,2.71,1.72,58.16,0.15251,91.3,2,1.1872,2.348,4,0.926, 2,11,5.6,1.0349,0
62.7,8,41.3,5.53,690,35.21,0,0.488,0,1,32,6.95,1.308,53.08,0.6258,68.8,3,0.4465,1.102,2,0.463, 3,5,-4.2,0.80693,0
26.2,5,48.2,-0.57,518.6,29.025,0,0.363,0,1,25,1.26,0.835,35.145,0,53.2,3,0.16252,0.607,1,0.355, 5,4,2.2,0.45968,0
57.9,7,39.4,7.54,802,34.6,0.73612,0.736,1,1,28,9.2,1.9,45.765,1.1876,54.9,3,0.71474,1.403,4,0.629, 2,5,-12.8,0.83133,1
24,6,93.1,12.51,1515.8,76.33,2.0521,0.994,0.754,0.812,23,6.42,1.067,41.745,0.66789,49.4,3,2.6206,2.352,1,0.995, 3,12,-6,1.1735,1
39.3,6,55.4,4.26,767.9,40.49,0,0.592,0.637,1,23,4.89,0.885,41.585,0.37224,52.8,1,0.57782,1.046,2,0.573, 3,6,-3.9,0.95224,0
119.7,9,60.4,10.6,1183.5,51.905,1.4406,0.964,0.371,0.476,33,10.59,2.03,58.785,0.92787,70.1,3,1.175,2.04,2,0.775, 2,8,-10.7,0.97781,1
135.3,12,49.4,6.42,743.9,41.745,0,1,1,1,42,12.51,2.352,76.33,2.6206,93.1,3,0.66789,1.067,3,0.805, 1,6,-14.3,0.67267,0
17.2,6,52.8,4.89,697.8,41.585,0,0.008,0.491,1,16,4.26,1.046,40.49,0.57782,55.4,3,0.37224,0.885,3,0.271, 2,6,-4.1,0.58869,0
42.7,4,64.4,4.26,824.9,46.555,0,0.304,1,1,24,2.31,0.694,28.49,0.42321,41.7,3,0.62483,1.046,3,0.443, 2,7,-2.8,0.8431,0
52.1,8,53.2,5.53,812.9,40.6,0,0.703,1,1,31,7.54,1.676,51.585,0.66587,67.2,3,0.38425,1.216,4,0.722, 3,6,-9.7,0.61044,0
37.5,5,54.9,9.2,1084.3,45.765,1.1572,0.886,0.836,1,22,7.54,1.403,34.6,0.71474,39.4,2,1.1876,1.9,2,0.802, 4,7,-10.3,0.99128,1
33,5,89.6,9.54,1327.5,71.4,0.50378,0.782,0.729,0,29,2.39,1.066,35.5,0.86004,52.8,3,1.4948,1.962,3,0.873, 1,11,1.4,1.0304,0
38.5,9,81.5,10.41,1562,64.315,1.022,0.878,0.799,1,27,5.37,2.021,59.1,0.28449,88.4,3,0.9133,2.726,5,0.877, 4,10,1.2,0.85485,1
101.6,13,112.5,9.48,1660.1,82.585,1.4779,0.926,0.889,1,29,10.17,2.439,82.31,2.3501,109,3,1.1843,2.501,4,0.874, 2,13,-4.7,1.0093,0
101.6,13,81.3,13.47,1408.9,71.28,1.0116,1,0.71,1,29,10.17,2.439,82.31,2.3501,109,3,1.2659,2.263,4,0.998, 2,11,-4.7,0.88411,0
85.1,9,50.6,-1.83,654.9,28.45,0,0.041,0,1,24,-2.34,1.601,58.34,0.11299,102.7,2,0.16883,1.066,5,0.038, 5,4,18.2,0.47752,0
64.8,8,56.2,0.25,641.7,34.39,0,0.549,0.6,1,26,4.29,1.65,52.035,1.0161,74.1,2,0.9675,0.827,2,0.554, 3,5,0.7,1.181,0
64.8,8,82,0.78,1013.2,51.56,0.69036,0.966,0.186,0.552,26,4.29,1.65,52.035,1.0161,74.1,3,1.0262,1.383,2,0.91, 4,8,0.7,0.85977,0
29.2,6,113.9,3.64,1474.8,76.18,0.30109,0.9,0.222,1,19,6.37,1.428,41.465,2.0345,48.1,2,0.7551,2.041,3,0.873, 5,12,-2.1,0.90814,1
85.1,9,75.9,-3.24,899.1,40.18,0,0.823,0,1,24,-2.34,1.601,58.34,0.11299,102.7,2,1.2352,1.322,5,0.823, 2,6,18.2,1.3005,0
85.1,9,51.6,-1.48,655.8,28.625,0,0.276,0,1,24,-2.34,1.601,58.34,0.11299,102.7,2,0.58267,0.998,5,0.275, 6,4,18.2,0.88049,0
109.9,14,65.9,3.83,1081.3,45.405,1.0247,0.875,0,0,55,3.97,3.049,86.65,0.50549,132.3,2,2.0444,1.849,2,0.875, 4,7,6.8,1.3715,0
111.4,11,39.6,-1.78,472.6,22.31,0,0,1,1,41,3.45,2.267,68.885,0.62135,103,3,0,0.68,5,0.15, 5,3,2.3,0,0
41.8,4,66.8,-0.76,791.9,40.075,0,0.201,1,1,16,1.19,0.888,28.82,0.13364,43.8,3,0,1.075,2,0.385, 3,6,2.3,0,0
111.4,11,89.5,5.46,1387.6,63.485,0,0.353,1,1,41,3.45,2.267,68.885,0.62135,103,3,0.18364,2.212,5,0.339, 6,10,2.3,0.48586,0
52.3,7,96.5,3.83,1395.6,62.84,0,0.424,0,1,20,4.75,1.369,46.025,0,64.2,2,0.45278,2.202,1,0.39, 3,10,-3.2,0.64321,0
43.9,10,88.8,-0.45,1064.3,51.98,0.61594,0.542,0,0,32,-0.34,1.802,64.32,0.59607,107.3,2,0.90661,1.445,6,0.54, 5,8,12.9,0.84865,0
52.3,7,86,3.54,1210.4,57.285,0.3969,0.838,0.512,1,20,4.75,1.369,46.025,0,64.2,2,0.49366,1.768,1,0.695, 2,9,-3.2,0.65483,0
50.5,6,102.8,-2.31,1184.4,58.225,0.31491,0.885,0.314,0,23,-2.51,1.045,40.905,1.2389,73.9,2,0.49928,1.613,1,0.831, 6,9,14,0.64784,1
70.7,7,100.2,2.52,1423.6,63.495,1.7846,0.969,0.673,0.698,23,1.07,1.595,45.525,1.1742,72.9,2,1.4188,2.138,6,0.944, 3,10,3,0.95115,0
47.3,8,44.5,-2.01,487.5,22.775,0,0.077,0,1,30,0.37,1.57,51.815,0.53832,88.9,3,0.30173,0.629,5,0.073, 6,3,7.7,0.56714,0
29.2,6,86.5,7.05,1341.7,64.19,1.6558,0.87,0.531,0.764,19,6.37,1.428,41.465,2.0345,48.1,2,1.7365,2.065,3,0.803, 2,10,-2.1,1.2128,0
60.4,10,80.1,5.87,1234.6,58.575,0.19031,0.544,0.25,1,22,9.21,2.159,64.82,0.24857,79.5,2,0.48535,1.96,3,0.461, 5,10,-4.1,0.83384,0
60.4,10,50.4,5.06,924.2,40.26,0.39765,0.466,0.503,1,22,9.21,2.159,64.82,0.24857,79.5,2,0.5026,1.584,3,0.448, 2,7,-4.1,0.66655,0
56.8,7,72.1,2.19,914,46.26,0,0.793,0,1,25,5.38,1.415,46.42,0.86865,62.5,3,0.51167,1.187,3,0.709, 3,7,-5.3,0.84935,0
97.6,11,41.1,6.14,769.9,34.81,0,0.811,0,1,48,5.29,2.232,69.1,0.73082,98.6,3,0.20849,1.261,2,0.552, 1,5,-2,0.51069,0
41,5,102.2,-0.79,1223.2,63.785,0,0.572,0,1,24,0.74,0.713,35.815,0.49286,54.7,3,0.11223,1.61,6,0.569, 5,10,4.2,0.3549,0
39.3,3,104.6,5.17,1407.4,69.935,0.30364,0.657,0.232,1,20,1.27,0.802,22.745,0.33617,37.9,3,0.72682,2.085,4,0.653, 6,13,1.2,0.84688,0
39.3,3,104.6,5.17,1407.4,69.935,0.30364,0.657,0.232,1,20,1.27,0.802,22.745,0.33617,37.9,3,0.72682,2.085,4,0.653, 6,13,1.2,0.84688,0
89.2,11,88.5,6.77,1300.4,63.89,4.3596,1,0.867,0.948,45,6.76,2.068,70.075,0.83075,95.9,1,3.9879,1.904,3,1, 4,10,-7.6,0.6463,0
95.1,8,55.7,1.04,736.7,34.865,0,0.34,1,1,26,2.05,1.811,45.595,0.56753,71.6,1,0.12287,1.127,5,0.395, 4,5,-0.5,0.36862,0
53.2,8,65.2,0.5,787.8,39.86,2.6704,1,0.819,1,24,-2.29,1.319,50.64,0.62308,91.6,2,1.3365,1.012,4,0.781, 3,6,7,1.1001,0
105.9,13,59.1,3.55,899,40.35,0,1,0.733,1,37,2.66,2.219,80.645,1.0375,128.1,2,3.6534,1.476,4,1, 1,6,0.8,0.55232,1
30.2,6,80.4,2.42,1087.4,52.22,0.3122,0.748,0.327,1,23,-0.34,1.25,40.565,0.43423,69.1,3,0.47667,1.63,5,0.746, 6,8,8.2,0.616,1
58.7,10,73.5,5.98,1072.3,52.69,0,0.508,0.317,1,28,5.03,1.903,64.145,0.62821,94.9,3,0.92226,1.558,2,0.524, 2,8,2,0.96846,1
36.1,8,74.2,4.32,1100.4,52.605,0.75988,0.657,0.914,1,25,8.87,1.664,53.26,0.59864,61.4,1,1.4021,1.708,1,0.724, 2,8,-6.4,1.1423,1
36.1,8,62.8,11.6,1195.7,59.02,0.766,0.917,0.733,0.501,25,8.87,1.664,53.26,0.59864,61.4,3,0.71738,1.971,1,0.92, 2,9,-6.4,0.72266,1
36.1,8,34.9,5.17,539.7,30.05,0.37537,0.944,1,1,25,8.87,1.664,53.26,0.59864,61.4,3,0.34362,0.757,1,0.932, 2,4,-6.4,0.59854,1
64.7,9,111.8,4.21,1573.8,74.07,0.20842,0.642,0.179,1,23,2.46,1.796,56.515,1.8437,85.1,2,0.74176,2.35,3,0.627, 5,12,-2.4,1.0445,0
31.4,10,86.1,2.69,1002.3,58.805,0,0.685,0.785,1,23,4.01,1.521,64.305,0.53704,94.7,2,0.85208,1.186,1,0.687, 6,9,-1.3,1.159,1
64.7,9,118.9,3.83,1610.9,79.79,2.2925,0.968,0.883,1,23,2.46,1.796,56.515,1.8437,85.1,2,2.3086,2.224,3,0.968, 4,13,-2.4,1.0234,1
40,11,125.1,5.31,1765.9,85.675,0.36258,0.951,0.54,1,35,5.97,2.173,68.73,0.72122,93.4,2,1.2184,2.511,3,0.951, 3,14,-9.1,1.3517,1
56.6,8,114.5,9.95,1894.3,86.67,0.6967,0.842,0.873,1,35,9.07,2.126,52.535,1.0617,61.7,2,0.87296,2.959,6,0.846, 3,14,-8.6,0.77391,0
79.2,13,51.4,1.79,745.9,34.93,0,0.228,0,1,44,4.17,1.977,81.585,1.5804,120.4,3,0.14764,1.119,3,0.193, 6,5,0.3,0.41759,1
79.2,13,103.4,10.5,1732.2,80.965,0.21859,0.801,0.404,0,44,4.17,1.977,81.585,1.5804,120.4,2,0.81052,2.712,3,0.803, 5,13,0.3,0.92673,1
38.6,6,44.8,-2.12,536.5,22.185,0,0.014,1,1,17,-2.07,1.434,39.41,0.89736,72.5,3,0,0.806,5,0.122, 4,3,11.7,0,0
44.6,7,120.5,-3.09,1440.4,67.45,0.4226,0.629,0.671,1,28,-1.61,1.446,44.985,0.31701,79,3,0.74693,2.101,4,0.651, 5,11,7.9,0.86842,0
51.8,9,114.9,-4.67,1390.5,61.92,0.22578,0.779,0.791,1,33,-1.97,2.231,56.12,1.3621,96.6,3,0.63554,2.078,5,0.837, 4,10,13.1,0.81649,0
52.6,10,70,-1.41,834.9,39.895,0,0.161,1,1,26,-2.29,2.096,61.815,0.39058,106.8,3,0.1373,1.211,5,0.23, 5,6,13.9,0.38834,0
36.7,9,61.5,5.12,1035.3,46.165,0.9888,0.861,0.739,1,24,6.11,1.996,57.745,1.1231,77.9,2,1.6235,1.676,4,0.863, 6,7,-2.1,1.045,1
35,7,105.2,6.39,1652,75.575,1.4389,0.983,0.686,1,30,5.12,1.676,46.165,1.6235,61.5,1,1.5021,2.615,6,0.98, 2,12,-1.9,1.0466,1
77.8,4,46.5,1.24,656.7,28.775,0,0.309,0,1,21,2.54,1.375,28.74,0.35672,41.4,1,0.41928,1.053,6,0.293, 5,4,-2,0.8025,1
64.3,7,62.6,-1.78,657.7,34.13,0.60209,0.629,0.124,0.495,33,2.61,1.471,45.63,0.24175,66.9,3,1.3397,0.794,3,0.629, 5,5,-0.6,1.0378,0
77.8,4,57.3,-0.03,877,33.87,0.27598,0.509,0,0,21,2.54,1.375,28.74,0.35672,41.4,1,0.73849,1.502,6,0.509, 4,5,-2,0.90517,1
70.2,8,79.7,2.01,1143.2,51.485,0.77039,0.85,0.565,0.717,29,3.67,1.908,51.81,0.21362,76.3,1,1.1421,1.705,3,0.864, 5,8,-0.9,1.2056,0
92.7,10,66,-3.28,737.8,33.655,0.81005,0.736,0,0,40,-0.07,1.885,63.295,0.34435,103.5,1,1.741,1.041,6,0.736, 5,5,10.6,1.3311,0
18.9,5,53.5,1.55,711.8,34.96,0.2158,0.225,0,0,19,-1.43,1.115,33.815,0,59.1,1,0.67172,1.002,2,0.223, 5,5,8.8,0.93631,0
92.7,10,83.2,0.62,1018.1,52.14,0.88002,0.716,0.59,0.75,40,-0.07,1.885,63.295,0.34435,103.5,1,1.6414,1.333,6,0.752, 4,8,10.6,1.2179,0
79.6,13,67.5,0.3,774.8,39.925,1.2804,0.992,0.108,0,31,8.04,2.048,74.98,2.8961,101.4,3,2.3406,0.9,6,0.992, 3,6,-4.9,1.2097,1
5.9,8,103.5,0.08,1380.5,63.01,0,0.786,0.508,1,20,1.77,1.68,52.31,0.87213,78.3,3,0.44686,1.992,3,0.849, 3,10,7.5,0.635,0
21.1,9,131.9,2.42,1822.1,86.58,0.51695,0.907,0.758,1,33,1.87,1.92,57.315,0.4447,85.9,3,0.45483,2.734,5,0.923, 3,14,3.2,0.64339,1
39.5,9,139.3,0.95,1499.5,87.5,0,0.983,0.755,1,30,2.7,1.123,58.405,1.0668,89.6,3,0.62829,1.658,3,0.961, 6,14,-0.9,0.84819,0
46.9,8,131.9,5,1787.9,87.665,0.72851,0.941,0.504,1,28,2.49,1.393,52.64,1.4845,77.4,2,0.92044,2.636,3,0.91, 5,14,2.2,0.89619,0
98.2,10,60,2.31,846,40.47,0.39741,0.353,0.602,1,33,3.12,1.603,58.525,0.34729,86.6,2,1.1229,1.246,3,0.373, 5,6,1.8,1.1452,0
66.6,8,62.8,7.93,969.3,53.465,0.95908,0.626,0.825,0.793,20,9.48,1.651,52.945,0.59715,59,3,0.72214,1.446,1,0.603, 2,8,-9.8,0.83911,0
30.8,5,57.9,3.86,840.9,40.71,1.1221,0.549,0.188,0.409,10,3.55,1.005,35.375,1.0648,48.5,3,1.626,1.233,6,0.549, 3,6,-3.6,1.3032,0
