atom_contacts_mirror,rel_dpx_target,hydrophobicity_mirror,polarizability_target,polarity_target,ave_dpx_mirror,ave_dpx_target,sd_s_ch_dpx_target,atom_contact_areas_mirror,residue_contacts_mirror,polarizability_mirror,sd_dpx_mirror,rel_s_ch_dpx_target,hydrophilicity_mirror,sd_s_ch_dpx_mirror,mass_mirror,hydrophilicity_target,isopoint_mirror,rel_s_ch_ASA_target,sd_dpx_target,ss_mirror,mass_target,class_intra,class_mirror,hydrophobicity_target,s_ch_ave_dpx_mirrorsd_s_ch_dpx_mirror,s_ch_ave_dpx_target,ss_target,atom_contact_areas_target,atom_contacts_target,rel_ASA_target,ss_intra,residue_contacts_target,isopoint_target,classtarget
97.4,0.716,9,-0.64,777.8,56.45,33.87,0.22589,1,38,-1.45,0.79267,0.516,103.6,1.2773,1.853,60.2,8.2,0.716,1.0329,1,1.172,4, 4,5,0.84116,1.1012,4,1,89.7,0.5051,3,34,5.9,0
97.4,0.9,9,-2.37,1170.2,56.45,50.64,0.88222,1,38,-1.45,0.79267,0.555,103.6,1.2773,1.853,93.2,8.2,0.9,1.7108,1,1.734,4, 4,8,0.84116,1.2943,4,1,45.3,0.96342,3,30,11.5,0
97.4,0.157,9,1.23,663.6,56.45,27.965,0.3018,1,38,-1.45,0.79267,0.432,103.6,1.2773,1.853,48.1,8.2,0.248,0.76454,1,1.064,4, 4,4,0.84116,0.89221,4,1,0.4,0.6036,3,10,-1.3,0
97.4,0.6,9,1.01,990,56.45,45.275,0.55035,1,38,-1.45,0.79267,0.365,103.6,1.2773,1.853,72.6,8.2,0.6,1.2733,1,1.485,4, 2,7,0.84116,1.2121,4,1,59,0.91807,3,32,0.2,0
88,0.684,8,1.36,893.1,52.77,40.705,0.51858,1,33,4.69,1.943,0.57,72.7,2.5824,1.799,62,0.6,0.686,0.97765,1,1.381,3, 3,6,1.057,0.89258,5,1,87,0.6695,2,33,4.1,0
77,0.97,8,7.02,1601.9,53.115,69.89,0.38349,1,43,4.05,0.91362,0.698,75.6,0.90179,1.898,95.2,3,0.977,1.6233,1,2.643,4, 2,11,0.97464,1.3549,4,3,91.2,0.66422,3,31,-3.8,0
54.2,0.544,6,10.1,1209.3,41.305,53.96,0,1,22,4.44,0.46825,0.663,56.7,0.30582,1.513,63.7,-1.5,0.514,0.43798,3,2.02,6, 4,8,0.66623,0.84797,2,1,81.6,0,2,29,-9.7,0
64,0.965,15,2.4,987.3,93.21,46.57,0.70588,1,35,7.81,1.7968,0.515,133.2,1.8741,3.389,67.3,0.6,0.922,0.45687,1,1.524,5, 3,7,1.2973,0.64655,2,3,11,0.70588,3,18,3.4,0
64,0.551,15,0.32,841.1,93.21,34.38,0.68756,1,35,7.81,1.7968,0.72,133.2,1.8741,3.389,55.7,0.6,0.322,0.53027,1,1.475,5, 6,5,1.2973,0.78787,2,3,26.5,0.89133,3,13,6.8,0
13.3,0.586,9,4.88,954.2,57.725,46.545,0,1,36,5.9,1.257,0.728,83.3,1.0067,1.952,64.3,-2.2,0.754,0.89564,3,1.461,2, 3,7,1.0575,0.94382,2,3,75.8,0,3,27,-1.4,0
116.9,0.55,15,2.92,1259.4,91.79,63.18,0,1,60,4.39,1.9951,0.754,143.3,2.4148,3.178,97.8,4.9,0.624,0.63025,3,1.704,4, 4,10,1.3069,0.85224,3,3,27.6,0,3,29,2.9,0
46.2,0.659,8,-3.37,1343.4,51.725,56.545,0.18926,1,27,1.43,1.2714,0.438,84.4,1.5698,1.942,106,5.9,0.672,0.57493,1,2.039,6, 5,9,1.0399,0.79359,4,3,105.5,0.4636,3,45,16.4,0
16.2,0.203,5,-2.29,802.8,33.995,39.265,0,1,17,-1.7,0.45037,0,63.2,0,0.668,71.9,8.2,0.185,0.13556,1,0.988,3, 6,6,0.63979,0.38343,5,1,20.6,0,3,21,8.4,0
46.2,0.622,8,-0.33,1213.4,51.725,51.37,0.26629,1,27,1.43,1.2714,0.25,84.4,1.5698,1.942,87.3,5.9,0.475,0.59077,1,1.94,6, 4,8,1.0399,0.88376,3,1,45.6,0.53257,3,26,9.6,0
52.1,0.85,8,-0.38,1408.8,52.005,62.955,1.053,0,24,1,0.28409,0,81.6,0,1.602,99.6,5.7,0.84,1.1915,1,2.208,6, 3,10,0.53205,1.1378,5,1,30.2,1.193,1,33,9.2,0
52.1,0.566,8,-0.38,1341.5,52.005,57.12,0.21467,0,24,1,0.28409,0,81.6,0,1.602,97.3,5.7,0.566,1.1137,1,2.049,6, 5,9,0.53205,1.2688,5,1,35.5,0.52583,1,37,7.7,0
184.6,0.899,15,-2.29,1461.7,93.59,63.34,0.29981,1,62,6.34,1.2026,0.613,140.8,1.3051,3.064,110.7,5.3,0.877,0.76842,1,2.281,4, 5,10,0.99531,0.89992,5,1,50.8,0.59963,3,35,15.6,0
59.4,0.859,11,-3.8,1567.7,69.045,68.15,0.31251,1,45,3.33,1.53,0.508,109.3,1.3781,2.518,126,5.2,0.86,1.2676,1,2.37,5, 6,11,1.323,1.0731,5,1,50.8,0.54128,3,40,17.2,0
184.6,0.703,15,0.91,935.1,93.59,40.235,1.5682,0.619,62,6.34,1.2026,0.634,140.8,1.3051,3.064,67.1,5.3,0.72,2.4956,1,1.501,4, 5,6,0.99531,1.54,6,1,53,1.4688,3,24,5.7,1
97.4,0.333,9,-2.29,1145.1,56.45,50.71,0,1,38,-1.45,0.79267,0,103.6,1.2773,1.853,93.2,8.2,0.332,0.29635,1,1.68,4, 6,8,0.84116,0.55704,3,1,8.3,0,3,18,11.1,0
59.4,0.946,11,3.93,1475.7,69.045,63.475,0.47576,1,45,3.33,1.53,0.604,109.3,1.3781,2.518,96.4,5.2,0.886,0.96605,1,2.459,5, 3,10,1.323,0.8876,6,1,60.1,0.67283,3,30,3.5,1
184.6,1,15,6.09,874.1,93.59,40.825,3.9048,0.628,62,6.34,1.2026,0.533,140.8,1.3051,3.064,52.3,5.3,0.996,2.9538,1,1.451,4, 2,6,0.99531,1.4401,3,1,27.2,0.59056,3,30,-5.5,0
38.6,0.627,9,7.74,1106.3,58.72,59.27,0.40394,1,26,8.1,1.4712,0.268,72.3,0,1.888,73.4,-5.2,0.627,1.143,1,1.539,1, 5,9,0.95973,1.166,2,1,24.5,0.6405,3,27,-2.8,1
26.9,0.987,9,4.67,1377.6,58.015,63.365,1.7713,0.782,30,1.37,0.29753,0.776,91.4,0,1.989,90.3,6.2,0.988,2.357,1,2.21,5, 2,10,0.55909,1.0139,5,1,29.6,1.147,3,21,-0.3,0
26.9,0.041,9,1.12,628.8,58.015,29.015,0,1,30,1.37,0.29753,0,91.4,0,1.989,43,6.2,0.026,0.12058,1,1.004,5, 5,4,0.55909,0.38132,3,1,1.8,0,3,17,3.4,0
60.1,0.905,10,3.33,1604.8,63.475,69.045,1.3781,0,30,3.93,0.96605,0,96.4,0.47576,2.459,109.3,3.5,0.882,1.53,3,2.518,3, 5,11,0.8876,1.323,6,3,59.4,1.2944,1,45,5.2,1
105.5,0.499,9,-0.96,931,56.545,39.77,0,1,45,-3.37,0.57493,0,106,0.18926,2.039,69.5,16.4,0.455,0.29804,3,1.417,5, 6,6,0.79359,0.56035,5,3,41.2,0,1,22,8.5,0
26.5,0.881,5,7.81,2084.5,34.38,93.21,1.8741,0.694,13,0.32,0.53027,0.46,55.7,0.68756,1.475,133.2,6.8,0.864,1.7968,3,3.389,6, 5,15,0.78787,1.2973,5,2,64,1.3658,1,35,0.6,0
16.6,1,7,0.73,498.6,46.115,22.685,0,1,21,0.55,0.35613,1,74.5,0,1.289,34.5,4.5,0.035,0,3,0.765,2, 3,3,0.6186,0,4,3,0,0,3,11,1,0
55.7,0.05,8,0.81,724.8,52.105,34.765,0,1,25,2.32,0.64196,1,81.8,0.49722,1.77,54.8,1.7,0.17,0.13703,3,1.047,2, 4,5,0.7414,0.38759,3,3,15.6,0,1,22,4,0
55.7,0.126,8,0.88,824.8,52.105,34.72,0,1,25,2.32,0.64196,0.54,81.8,0.49722,1.77,57.2,1.7,0.136,0.29918,3,1.342,2, 6,5,0.7414,0.56204,4,3,25.6,0,1,21,3,0
91.2,0.754,11,4.05,1166.3,69.89,53.115,0.90179,0.696,31,7.02,1.6233,0.491,95.2,0.38349,2.643,75.6,-3.8,0.627,0.91362,3,1.898,2, 4,8,1.3549,0.97464,6,3,77,0.97182,1,43,3,0
81.6,0.044,8,2.93,546.5,53.96,23.68,0.51182,0.456,29,10.1,0.43798,0.3,63.7,0,2.02,33.7,-9.7,0.039,0.55655,3,0.868,4, 4,3,0.84797,0.78621,3,2,4.3,0.82297,3,8,-1.2,0
20.6,0.21,6,-1.7,647.6,39.265,33.995,0,1,21,-2.29,0.13556,0.461,71.9,0,0.988,63.2,8.4,0.301,0.45037,3,0.668,6, 3,5,0.38343,0.63979,3,3,16.2,0,1,17,8.2,0
75.8,0.838,7,2.17,772,46.545,39.91,0.70858,1,27,4.88,0.89564,0.262,64.3,0,1.461,59.5,-1.4,0.872,1.1009,3,1.029,3, 3,6,0.94382,0.84882,3,3,27.4,0.70858,3,29,1.6,0
75.8,0.891,7,5.9,1259.5,46.545,57.725,1.0067,0.622,27,4.88,0.89564,0.581,64.3,0,1.461,83.3,-1.4,0.935,1.257,3,1.952,3, 2,9,0.94382,1.0575,3,3,13.3,1.0629,3,36,-2.2,0
50.8,0.968,10,6.34,1987.4,63.34,93.59,1.3051,1,35,-2.29,0.76842,0.913,110.7,0.29981,2.281,140.8,15.6,0.958,1.2026,3,3.064,5, 4,15,0.89992,0.99531,2,3,184.6,0.98268,1,62,5.3,1
75.8,0.357,7,4.43,1083.4,46.545,52.22,0.98939,0,27,4.88,0.89564,0,64.3,0,1.461,72.4,-1.4,0.357,1.7018,3,1.68,3, 2,8,0.94382,1.1405,4,3,14.6,1.044,3,26,-0.1,0
81.6,0.43,8,4.44,941,53.96,41.305,0.30582,1,29,10.1,0.43798,0.655,63.7,0,2.02,56.7,-9.7,0.423,0.46825,2,1.513,4, 6,6,0.84797,0.66623,5,2,54.2,0.61164,3,22,-1.5,0
87,0.161,6,4.2,773.9,40.705,35.475,0,1,33,1.36,0.97765,0.469,62,0.51858,1.381,46,4.1,0.233,1.0291,2,1.214,3, 5,5,0.89258,1.203,6,2,7.2,0,1,22,-0.8,0
30.2,0.852,10,4.07,1322.6,62.955,58.175,0,1,33,-0.38,1.1915,0,99.6,1.053,2.208,86.3,9.2,0.833,1.0549,2,2.142,3, 3,9,1.1378,1.103,2,2,12.9,0,1,29,2.3,0
50.8,0.599,11,-1.22,1330.5,68.15,63.535,0.86171,0,40,-3.8,1.2676,0,126,0.31251,2.37,108.6,17.2,0.55,0.93164,1,1.881,6, 6,10,1.0731,0.99369,6,1,11.7,0.92304,1,26,13.4,0
54.3,0.76,7,1,1096.3,46.61,52.005,0,1,19,6.28,1.4044,0,57.8,0.60557,1.868,81.6,-6.2,0.631,0.28409,1,1.602,5, 6,8,1.1385,0.53205,6,1,52.1,0,1,24,5.7,0
105.5,0.828,9,1.43,1215.4,56.545,51.725,1.5698,0.802,45,-3.37,0.57493,0.495,106,0.18926,2.039,84.4,16.4,0.785,1.2714,3,1.942,5, 6,8,0.79359,1.0399,2,3,46.2,0.97261,1,27,5.9,0
4.8,0.356,5,4.34,1134.3,35.78,59.055,0,1,20,3.65,0.30295,0.477,46.2,0.90886,0.913,82.1,-0.6,0.475,0.94077,3,1.598,3, 2,9,0.67742,0.99798,6,3,2.3,0,3,23,2.6,1
4.8,0.051,5,2.9,804.8,35.78,47.995,0,1,20,3.65,0.30295,1,46.2,0.90886,0.913,69,-0.6,0.243,0.13711,3,0.946,3, 4,7,0.67742,0.38781,2,3,18.4,0,3,26,2.4,0
105.5,0.26,9,1.37,1271.4,56.545,58.015,0,1,45,-3.37,0.57493,0.503,106,0.18926,2.039,91.4,16.4,0.418,0.29753,3,1.989,5, 5,9,0.79359,0.55909,4,3,26.9,0,1,30,6.2,0
105.5,1,9,4.39,2044.3,56.545,91.79,2.4148,1,45,-3.37,0.57493,1,106,0.18926,2.039,143.3,16.4,0.992,1.9951,3,3.178,5, 4,15,0.79359,1.3069,1,3,116.9,1.1789,1,60,4.9,1
24.5,0.518,9,1.37,970.1,59.27,46.07,0,1,27,7.74,1.143,0,73.4,0.40394,1.539,69.6,-2.8,0.518,0.71278,3,1.46,5, 1,7,1.166,0.86392,3,3,15.9,0,1,21,4.6,0
50.8,0.008,11,1.05,1173.3,68.15,51.19,1.0203,0,40,-3.8,1.2676,0,126,0.31251,2.37,82.3,17.2,0.008,1.5987,2,1.833,6, 4,8,1.0731,0.97845,5,3,0.4,0.88832,1,27,5.3,0
89.7,0.438,5,0.67,1101.1,33.87,51.15,0.40274,0.471,34,-0.64,1.0329,0.165,60.2,0.22589,1.172,85.7,5.9,0.44,0.73195,3,1.604,4, 5,8,1.1012,0.85657,4,2,52.3,0.63828,1,36,4.2,0
89.7,0.882,5,-1.45,1279.2,33.87,56.45,1.2773,1,34,-0.64,1.0329,1,60.2,0.22589,1.172,103.6,5.9,0.855,0.79267,3,1.853,4, 4,9,1.1012,0.84116,5,3,97.4,0.81284,1,38,8.2,0
50.8,0.744,11,-2.5,1213.2,68.15,56.865,0,1,40,-3.8,1.2676,1,126,0.31251,2.37,102.9,17.2,0.722,0,3,1.688,6, 3,9,1.0731,0,4,3,36.5,0,1,37,11.5,0
43.9,0.364,9,6.67,789.8,59.925,35.27,0.42674,0.649,36,10.45,0.24231,0.153,72.3,0,1.914,43.6,-12.5,0.364,1.2948,2,1.351,3, 4,5,0.54182,1.5228,4,3,41.8,0.65256,3,23,-9.6,0
79.7,0.955,8,3.96,1213.1,53.095,64.21,1.0855,1,31,6.76,0.36294,0.542,71.2,0,1.577,97.7,-9.9,0.955,1.4298,3,1.611,1, 4,10,0.62864,1.0169,6,3,98,0.97716,3,47,-3.7,0
79.7,1,8,7.02,773.8,53.095,35.68,3.2258,1,31,6.76,0.36294,0.626,71.2,0,1.577,42.5,-9.9,1,4.1401,2,1.335,1, 3,5,0.62864,0.70634,4,2,31.1,0.47295,3,17,-10.4,0
110.2,0.895,10,8.1,1529.6,66.285,70.655,1.7168,1,42,10.35,0.35796,0.724,85.4,0,2.252,99.2,-6.4,0.895,2.4287,2,2.487,4, 4,11,0.71335,1.4397,6,2,55.1,1.0524,3,34,-7.3,0
33,0.528,11,0.05,1170.3,69.24,58.175,0.80488,0,28,0.36,0.62807,0,110.5,0,2.165,97.4,11.6,0.528,1.8838,3,1.649,6, 5,9,0.84863,1.4909,1,3,38.4,1.0333,3,25,8.5,0
110.2,0.426,10,7.11,914.9,66.285,35.255,0.25149,1,42,10.35,0.35796,0.12,85.4,0,2.252,44.9,-6.4,0.426,1.1631,2,1.698,4, 6,5,0.71335,1.1342,4,2,31.6,0.50298,3,19,-8.5,0
68.3,0.923,8,10.21,1626.6,54.09,78.01,1.5356,0.818,34,11.17,0.92783,0.509,62.3,1.3112,2.045,105.7,-12.5,0.923,1.762,2,2.53,2, 4,12,0.88014,1.0941,4,2,80.3,1.1837,3,48,-5.5,0
110.2,0.577,10,6.03,1040,66.285,47.575,0.25154,1,42,10.35,0.35796,0.13,85.4,0,2.252,66.4,-6.4,0.577,1.0784,2,1.665,4, 6,7,0.71335,1.1068,4,2,23.1,0.50308,3,23,-3.6,0
74.9,0.913,14,6.31,1633.9,88.85,88.485,0.3459,1,31,10.76,0.56561,0.354,119.4,0,2.843,127.7,-6.1,0.912,0.65137,3,2.122,2, 3,14,0.92601,0.80378,6,3,110.9,0.59914,3,48,1.6,1
80.9,0.966,11,3.68,1477.7,70.785,68.935,0.31343,1,36,5.58,1.4968,1,103.4,1.6901,2.134,108.4,0.2,0.783,0.30985,3,2.196,5, 6,11,0.94854,0.53672,3,3,82.9,0.54288,3,34,5.00E-16,1
35.8,0.819,7,5.28,1488.6,45.255,69.785,0.52052,1,28,-1.35,0.28502,0.772,79.6,0,1.361,102.6,9.5,0.778,0.44975,3,2.226,6, 3,11,0.53368,0.63723,2,3,135.5,0.672,3,51,0.3,0
7.2,0.019,8,0.53,484.6,52.49,22.795,0,1,24,4.17,0,0,72.1,0,1.442,35.4,-2.8,0.019,0.44628,2,0.719,3, 5,3,0,0.76312,4,2,4.4,0,3,11,1.7,0
74.9,0.498,14,3.39,931.1,88.85,46.51,0.38326,0,31,10.76,0.56561,0,119.4,0,2.843,64.7,-6.1,0.472,0.80793,2,1.35,2, 2,7,0.92601,0.85324,3,3,28.5,0.66383,3,22,-1.8,0
36.6,0.724,6,3.52,1466.5,40.27,63.285,0.51509,1,39,3.28,0.76696,0.745,58,0.71388,1.459,100.1,-0.9,0.697,0.43992,1,2.299,4, 5,10,0.79644,0.75991,6,3,85,0.85374,3,35,2.3,1
52.9,0.234,7,0.08,607.6,46.325,28.335,0,1,25,3.47,0,0,72.2,0,1.621,46.5,-1.5,0.222,0.39324,1,0.903,3, 4,4,0,0.81098,4,1,39.6,0,3,21,1.5,0
52.9,0.587,7,0.9,1009.1,46.325,45.775,0,1,25,3.47,0,0,72.2,0,1.621,75.9,-1.5,0.587,0.92504,1,1.51,3, 4,7,0,1.1341,4,1,37.5,0,3,31,1.4,0
82.9,0.356,11,0.75,758.7,68.935,34.41,1.2356,0.287,34,3.68,0.30985,0.093,108.4,0.31343,2.196,59.7,5.00E-16,0.356,2.2938,1,1.111,6, 4,5,0.53672,1.542,4,1,11.1,0.97012,3,18,0.6,0
37.7,0.732,7,-4.72,1547.6,45.765,74.315,0.18967,1,24,-3.29,3.712,0.638,82.7,3.148,1.453,132.3,14.5,0.725,0.36497,1,2.065,6, 5,12,0.87626,0.59788,5,1,103.6,0.4646,2,39,20.4,0
57.9,0.346,7,-2.3,830.9,45.815,40.235,0,1,25,-3.11,1.0732,0.755,81.4,0.37097,1.335,68.2,14.6,0.384,0.45543,1,1.168,6, 5,6,1.2396,0.77707,5,1,74.9,0,3,24,11.3,0
135.5,0.125,11,-0.61,606.6,69.785,28.815,0,1,51,5.28,0.44975,0,102.6,0.52052,2.226,50.5,0.3,0.111,0.15419,3,0.78,3, 4,4,0.63723,0.40794,6,3,16.6,0,3,13,5.2,0
28.7,0.667,6,1.14,1209.3,40.77,57.45,0.44607,0.494,24,1.02,0.16212,0.483,65.7,0,1.117,92.7,1.9,0.658,0.75939,3,1.79,6, 4,9,0.45855,0.80319,2,2,73.7,0.6309,3,39,4.1,0
31.6,0.497,5,10.35,1397.4,35.255,66.285,0,1,19,7.11,1.1631,0.184,44.9,0.25149,1.698,85.4,-8.5,0.483,0.35796,3,2.252,6, 4,10,1.1342,0.71335,2,3,110.2,0,2,42,-6.4,0
135.5,0.648,11,-1.35,992,69.785,45.255,0,1,51,5.28,0.44975,0,102.6,0.52052,2.226,79.6,0.3,0.586,0.28502,3,1.361,3, 6,7,0.63723,0.53368,4,3,35.8,0,3,28,9.5,0
82.9,0.751,11,3.61,1362.5,68.935,63.82,0.44614,1,34,3.68,0.30985,0.348,108.4,0.31343,2.196,97.4,5.00E-16,0.729,0.76995,2,2.043,6, 4,10,0.53672,0.81054,1,2,69.4,0.631,3,38,0.3,0
40.6,0.934,9,2.56,1647,57.24,74.57,0.52419,1,24,-0.97,2.386,0.306,100.6,1.4763,1.81,116.6,9.8,0.934,1.1407,2,2.444,6, 3,12,1.2365,1.0793,3,2,89.8,0.67676,2,47,2.9,1
64.9,0.886,8,4.55,1461.9,51.95,69.195,1.2846,1,34,-0.53,0.68549,0.903,86.1,0.70608,1.591,98.1,7.3,0.929,2.1586,2,2.179,3, 3,11,0.68952,1.0492,5,2,53.4,0.97683,3,36,-2.5,0
86.2,0.372,8,2.21,923.2,51.12,39.54,0.51417,0,34,1.51,1.9127,0.377,79,0.98717,1.764,58.6,0.7,0.619,0.94052,2,1.526,3, 3,6,1.5195,0.85899,5,2,11.9,0.72715,3,25,1,0
20,0,12,1.86,517.7,75.56,23.185,0,1,33,2.36,0.54488,0,116.9,0,2.086,33.7,1.7,0.008,0.18092,2,0.846,6, 2,3,0.80954,0.47867,2,2,0,0,2,14,1.7,0
17.4,0.212,4,-1.02,534.6,28.935,22.91,0,1,7,-3.39,0.54418,0,60.1,0,0.76,41,12.2,0.177,0.18343,2,0.802,4, 6,3,0.81044,0.48532,5,2,15.4,0,3,9,3.9,0
72.8,0.045,11,0.84,1052.2,67.875,45.255,0,1,41,-2.55,2.1415,0.543,120.7,1.2827,2.378,71.5,14.5,0.18,0.38416,3,1.657,3, 3,7,1.5991,0.61061,5,3,16.5,0,3,24,4.3,0
70.6,-0.46,8,-1.91,741.8,50.745,33.795,0,1,32,-2.52,1.1363,0.614,90,0,1.648,60.1,11.8,-0.031,0.54319,3,1.069,6, 1,5,1.1861,0.88013,3,3,5.7,0,1,19,9.1,0
70.6,0,8,-3.16,768.9,50.745,33.81,0,1,32,-2.52,1.1363,0,90,0,1.648,62.8,11.8,0.013,0.15456,3,1.18,6, 4,5,1.1861,0.40893,1,3,0.4,0,1,22,12.5,0
42.9,0.758,9,2.93,1243.4,58.485,51.9,0.30341,1,26,6.3,0.41063,0.166,82.9,0.47645,2.183,82.2,-7.2,0.758,1.0129,1,2.058,3, 5,8,0.64927,0.97091,4,1,46.6,0.60683,1,24,3.2,1
104.8,0.032,13,-0.47,1024.2,80.545,45.385,0.31093,0,42,3.38,0.50008,0.536,127.5,0.31299,2.72,78.3,6.3,0.068,0.67375,3,1.542,6, 4,7,0.64931,0.67918,3,3,4.2,0.53855,1,24,9.3,1
104.8,0.871,13,1.47,1129.2,80.545,52.035,0.18695,1,42,3.38,0.50008,1,127.5,0.31299,2.72,85.1,6.3,0.766,0.36378,3,1.629,6, 5,8,0.64931,0.5962,4,3,135.9,0.45792,1,44,7.6,1
33.6,0.63,6,-2.91,870,40.55,39.64,0.30053,1,22,2.15,1.0528,1,63.6,0.38692,1.416,75.2,4.3,0.51,0.32864,3,1.22,2, 6,6,1.1373,0.61493,5,3,47.8,0.60107,1,22,14.2,0
111.4,0.594,14,2.38,1294.6,86.82,51.585,0.30488,0,36,2.24,1.5766,0,138,0.86485,3.006,79.6,4.7,0.58,0.8486,2,2.24,6, 6,8,1.0186,1.0173,3,3,9.8,0.60976,1,23,5,1
111.4,0.97,14,-2.02,1221.3,86.82,50.645,2.5034,0.009,36,2.24,1.5766,0.005,138,0.86485,3.006,89.9,4.7,0.97,3.1785,2,1.86,6, 5,8,1.0186,1.457,4,3,23,1.403,1,22,9.2,1
111.4,0.99,14,1.16,1510.6,86.82,75.685,1.3399,1,36,2.24,1.5766,0.773,138,0.86485,3.006,119.5,4.7,0.991,1.7959,3,2.044,6, 4,12,1.0186,1.1292,6,3,143.6,1.1171,1,45,2.9,1
110.3,0.648,10,0.6,1675.7,62.975,74.75,0.52095,1,37,2.23,0.38725,1,100.4,0.39794,2.597,123.5,5.4,0.595,0.3473,3,2.534,5, 3,12,0.63322,0.6016,3,3,113,0.67263,3,42,6,1
135.9,0.981,8,3.38,1787.1,52.035,80.545,0.31299,1,44,1.47,0.36378,1,85.1,0.18695,1.629,127.5,7.6,0.965,0.50008,1,2.72,5, 6,13,0.5962,0.64931,2,1,104.8,0.54211,3,42,6.3,1
110.3,0.966,10,2.24,1936.1,62.975,86.82,0.86485,1,37,2.23,0.38725,0.787,100.4,0.39794,2.597,138,5.4,0.966,1.5766,1,3.006,5, 6,14,0.63322,1.0186,4,1,111.4,0.92794,3,36,4.7,1
46.6,0.572,8,6.3,1322.4,51.9,58.485,0.47645,1,24,2.93,1.0129,0.497,82.2,0.30341,2.058,82.9,3.2,0.566,0.41063,1,2.183,5, 3,9,0.97091,0.64927,1,1,42.9,0.67381,1,26,-7.2,0
135.9,0.299,8,1.82,570.6,52.035,23.14,0,1,44,1.47,0.36378,0,85.1,0.18695,1.629,34.1,7.6,0.285,0.28483,1,0.991,5, 6,3,0.5962,0.53344,4,1,40.9,0,3,9,1.1,0
53.8,0.387,8,3.69,732.9,52.285,41.165,0,1,22,0.26,0.64211,0.614,83.7,0,0.978,58.9,6.4,0.773,0.62954,1,0.863,3, 3,6,0.93828,0.91286,4,3,58.1,0,1,21,1,0
53.8,0.026,8,0.22,503.6,52.285,29.16,0,1,22,0.26,0.64211,0.485,83.7,0,0.978,45.7,6.4,0.216,0.31928,3,0.589,3, 4,4,0.93828,0.55332,3,1,22.2,0,1,19,3.8,0
123.9,0.806,9,2.16,751,57.64,40.455,1.3077,0.634,42,1.44,1.0718,0.634,88.2,0.94439,1.256,57.5,2.2,0.328,0.56045,3,0.981,3, 3,6,0.97877,0.91725,3,3,39.4,0.99294,3,18,-1.4,0
123.9,0,9,1.14,438.5,57.64,22.7,0,1,42,1.44,1.0718,0,88.2,0.94439,1.256,33.2,2.2,0.036,0.21516,3,0.53,3, 3,3,0.97877,0.4811,3,3,5.6,0,3,17,-2.1,0
123.9,0,9,2.2,680.8,57.64,34.52,0,1,42,1.44,1.0718,0.473,88.2,0.94439,1.256,50.4,2.2,0.193,0.82207,3,0.867,3, 3,5,0.97877,0.87958,3,3,13,0,3,21,-0.9,0
44,0.777,5,5.16,1081.3,34.315,52.115,0,1,13,1.45,1.1576,0.423,50.3,0.21901,1.24,69.3,0.2,0.786,0.75034,1,1.62,5, 6,8,1.3269,1.1083,3,3,104,0,1,29,-3,0
23.7,0.979,10,9.5,1373.7,63.15,70.16,1.6315,0.766,23,3.97,1.6536,0.39,90.3,0,1.719,86.9,-3.2,0.979,2.1755,1,1.967,3, 2,11,1.2916,0.93106,1,1,36.9,1.0218,1,25,-11,1
162.6,0.706,14,5.78,973.1,86.42,52.89,0,1,49,7.76,1.6535,0.646,119.1,1.3115,2.706,69,-7.3,0.713,1.0833,1,1.374,2, 1,8,0.9059,1.0052,2,1,53.6,0,2,22,-3.2,1
162.6,1,14,9.08,1293.7,86.42,64.295,4.4173,1,49,7.76,1.6535,0.675,119.1,1.3115,2.706,79.9,-7.3,1,4.307,1,1.966,2, 1,10,0.9059,0.49492,3,1,33.4,0.48147,2,22,-7.3,0
64.4,0.344,10,1.07,613.6,63.8,35.085,0,1,45,4.08,1.5656,0,92.4,1.2951,1.538,53,-1.3,0.344,1.4111,1,0.758,5, 3,5,1.2532,1.3052,1,1,16.9,0,3,14,2.6,0
64.4,0.628,10,-1.27,995,63.8,51.595,0.55452,0.443,45,4.08,1.5656,0.181,92.4,1.2951,1.538,88.5,-1.3,0.566,0.7548,1,1.309,5, 6,8,1.2532,0.89919,1,1,51.6,0.68634,3,24,7.1,1
46.2,0,11,-0.99,708.7,69.635,40.88,0,1,25,-1.47,0.58933,1,121.1,0,1.513,70.1,10.9,0.225,0.64993,3,0.809,5, 3,6,0.88101,0.94907,2,3,5.4,0,1,25,6.1,0
46.2,1,11,-1.63,837.8,69.635,46.665,0,1,25,-1.47,0.58933,0.045,121.1,0,1.513,82.4,10.9,0.827,0.67781,3,0.96,5, 1,7,0.88101,0.68204,3,3,9,0,1,26,9.1,0
28.2,1,8,3.3,1646.9,51.43,80.88,2.7353,1,21,-0.71,0.98543,0.743,88,0.98644,1.494,123.1,8.6,0.995,1.7562,3,2.318,4, 3,13,0.94415,0.97201,1,3,37.5,0.14675,3,41,2,1
46.2,0.574,11,0.22,990.1,69.635,52.275,0,1,25,-1.47,0.58933,0.34,121.1,0,1.513,85.1,10.9,0.568,0.51587,1,1.25,5, 6,8,0.88101,0.66886,3,3,36.8,0,1,29,5.9,1
162.6,0.591,14,7.76,1588.9,86.42,75.63,0.34448,1,49,7.76,1.6535,0.683,119.1,1.3115,2.706,103.6,-7.3,0.531,0.35348,3,2.361,2, 3,12,0.9059,0.61277,3,1,101.4,0.59667,2,50,-6.1,1
71.7,0.216,9,2.3,881,58.58,41.065,0,1,36,4.85,0.87459,0,83.9,0.88613,1.665,63.2,-0.9,0.107,0.18367,3,1.257,4, 2,6,0.92626,0.44991,3,3,3.6,0,3,18,1.6,0
62.7,0.621,13,7.67,1065.1,82.86,59.175,0.50734,1,27,5.86,1.4213,0.233,111.4,0.4444,1.579,70.8,-0.8,0.576,0.93213,3,1.383,3, 3,9,1.1836,0.84933,3,3,42.8,0.71749,3,26,-9.5,0
51.7,0.964,5,8.35,1830.9,35.2,112.94,0.606,1,13,0.46,3.2107,1,52.7,4.2843,0.529,156.1,1.6,0.972,1.8044,3,2.027,3, 5,18,0.7867,1.5194,3,2,130,0.74223,3,47,-1.9,1
42,0.939,8,8.93,1458.8,53.195,75.585,0.74676,1,42,7.12,0.84459,0.921,68.6,0,1.694,98.4,-3.8,0.946,1.6531,3,2.168,2, 5,12,1.16,1.4569,1,3,145.9,0.9149,2,45,-8.3,0
101,0.686,6,5.84,587.8,40.48,29.795,0,1,41,4.95,0.83969,0,55.4,0.81068,1.532,34.5,-2.8,0.592,0.33464,2,0.907,2, 2,4,0.80204,0.5823,2,2,39.5,0,3,17,-4.6,0
62.7,0.455,13,7.09,861.2,82.86,40.555,0,1,27,5.86,1.4213,0,111.4,0.4444,1.579,46.3,-0.8,0.422,0.38205,2,1.422,3, 1,6,1.1836,0.60674,3,3,21.5,0,3,13,-6.3,0
33.3,0.268,3,5.67,833.1,23.18,41.49,0.21403,1,17,2.45,0.47191,1,29.8,0,0.725,49.5,-0.3,0.315,0.1362,3,1.282,2, 5,6,0.83903,0.43071,3,3,52.3,0.52427,3,26,-3.6,0
71.5,1,8,14.31,1696.1,52.71,75.78,4.1251,0.878,34,8.82,0.65562,0.835,62.7,0,1.853,89.8,-8,1,3.5263,2,2.896,2, 1,12,0.9055,0.66845,2,2,72.8,0.14268,3,28,-18.1,1
50.4,0.704,7,13.72,1734,46.425,88.225,0.56961,1,36,8.59,1.9627,0.865,55,1.2364,1.804,110.4,-10.6,0.715,0.76697,2,2.585,4, 4,14,1.1939,0.79609,1,2,143.4,0.69863,1,63,-14.2,1
46.1,0,11,-3.23,585.7,69.33,29.015,0.30366,0,39,-2.77,0.70718,0,119.3,0.40069,2.207,55.9,13.6,0.06,0.75165,1,0.766,5, 5,4,0.80709,0.89748,6,1,8.1,0.60732,2,15,11.5,0
55.1,0.424,6,-3.41,651.7,39.675,28.47,0,1,33,-1.51,0.15063,0,69.8,0,1.618,58.2,6.9,0.411,0.6325,3,0.95,6, 4,4,0.39853,1.003,5,2,37.9,0,3,24,11.5,0
36.2,0.525,5,3.44,940.1,35.175,46.68,0.3803,0,17,3.98,1.2702,0.273,44.2,0,0.89,65.4,-6.8,0.537,0.70276,3,1.354,3, 2,7,1.1559,0.70842,1,3,31.2,0.6587,3,29,-2.3,1
29.1,0.949,8,6.42,2098.3,51.415,98.995,1.4426,1,22,3.7,3.5848,0.92,72,3.7428,2.257,142.7,-2.6,0.95,1.2919,3,3.127,6, 3,16,0.72648,0.99241,2,3,199.5,0.93349,2,60,-2.6,1
199.5,0.279,16,3.98,654.7,98.995,35.175,0,1,60,6.42,1.2919,0.582,142.7,1.4426,3.127,44.2,-2.6,0.451,1.2702,3,0.89,3, 3,5,0.99241,1.1559,1,3,36.2,0,3,17,-6.8,0
199.5,0.347,16,2.01,1185.1,98.995,58.27,0.65976,0.18,60,6.42,1.2919,0.609,142.7,1.4426,3.127,89.2,-2.6,0.426,0.92279,3,1.66,3, 3,9,0.99241,0.99274,1,3,30.7,0.90795,3,39,0.6,0
30.4,0.897,9,5.22,1714.7,57.765,81.22,1.9857,1,37,3.94,1.1864,0.939,83.5,1.1366,2.284,119.6,-2.9,0.894,1.7015,3,2.454,3, 4,13,0.93652,1.2528,1,3,100.9,1.2148,3,49,-6.1,1
70.1,0.879,8,4.38,1040.1,51.675,46.475,1.6019,1,25,0.1,1.2192,1,87.8,1.0183,1.63,67.1,5.1,0.618,0.98193,3,1.61,4, 6,7,0.94538,1.0356,1,3,44.8,0.99155,3,24,-4.6,1
70.1,0.562,8,0.92,644.6,51.675,28.555,0,1,25,0.1,1.2192,0,87.8,1.0183,1.63,49.1,5.1,0.541,0.61563,3,0.936,4, 4,4,0.94538,0.83885,3,2,21.8,0,3,21,1.4,0
70.1,0.615,8,2.75,661.7,51.675,28.83,0,1,25,0.1,1.2192,0,87.8,1.0183,1.63,43.2,5.1,0.61,0.62832,2,1.023,4, 6,4,0.94538,0.84639,3,2,16.4,0,3,14,-1.9,0
199.5,1,16,3.7,1305.5,98.995,51.415,3.7428,1,60,6.42,1.2919,0.837,142.7,1.4426,3.127,72,-2.6,1,3.5848,2,2.257,3, 6,8,0.99241,0.72648,5,2,29.1,0.59229,3,22,-2.6,1
8.1,0.556,4,-2.77,1532.7,29.015,69.33,0.40069,0.469,15,-3.23,0.75165,0.169,55.9,0.30366,0.766,119.3,11.5,0.555,0.70718,2,2.207,5, 5,11,0.89748,0.80709,6,2,46.1,0.63523,1,39,13.6,0
37.9,0.581,4,-1.51,1006.1,28.47,39.675,0,1,24,-3.41,0.6325,0,58.2,0,0.95,69.8,11.5,0.569,0.15063,3,1.618,4, 6,6,1.003,0.39853,5,2,55.1,0,3,33,6.9,1
36.4,0.846,5,-0.3,1573.8,34.465,62.67,0.52125,1,22,2.94,0,1,47.8,0,1.476,101.1,-4.8,0.829,0.65682,3,2.651,1, 3,10,0,0.80362,6,3,97.1,0.67303,3,43,7.7,1
63.4,0.27,7,1.14,602.7,46.98,29.57,0,1,26,1.47,0.44152,1,73.9,0,1.318,44.4,5.4,0.371,0.44891,3,0.893,5, 6,4,0.85304,0.81122,2,3,51.6,0,3,21,2.2,0
63.4,0.63,7,3.01,1215.5,46.98,58.955,0.34564,1,26,1.47,0.44152,1,73.9,0,1.318,86.5,5.4,0.617,0.45495,2,1.827,5, 3,9,0.85304,0.64522,6,3,115.6,0.59869,3,42,5.1,0
40.2,0.906,8,5.64,1466.8,52.295,76.235,0.9987,0.621,31,4.79,0.84331,0.589,69.5,0.37604,1.555,109.8,-2.8,0.784,0.8344,3,2.029,3, 2,12,0.90577,0.901,3,2,55,1.0557,3,34,0.4,0
63.4,0.201,7,4.22,1005.4,46.98,46.995,0,1,26,1.47,0.44152,0,73.9,0,1.318,65.1,5.4,0.211,0.15357,3,1.634,5, 6,7,0.85304,0.40631,2,3,6.1,0,3,18,0.6,0
70.7,0.923,10,12.01,1159.6,64.74,59.51,0.38262,1,30,13.48,1.5097,0.189,69.7,1.4432,2.019,66.1,-15.7,0.916,1.0131,1,1.808,2, 2,9,1.052,1.0842,6,3,92,0.66273,2,38,-11.1,1
97,0.855,8,11.12,1576.1,52.09,82.635,1.0836,0.817,32,6.59,0,0.703,69.6,0,1.785,104.8,-4.1,0.845,0.80143,1,2.334,3, 2,13,0,0.94659,2,1,123.5,1.0133,1,52,-8.2,1
16.9,0.797,4,9.81,1104.4,29.105,52.9,0.37838,0,9,4.27,0.29622,0,37,0,0.976,61.1,-5.4,0.779,0.66095,1,1.804,4, 2,8,0.55634,0.87872,2,1,56.2,0.65537,2,23,-11,1
97,0.478,8,2.52,891.1,52.09,40.35,0.30528,1,32,6.59,0,0.699,69.6,0,1.785,61.1,-4.1,0.443,0.45448,1,1.381,3, 4,6,0,0.64658,5,1,51.8,0.61055,1,14,0.8,0
92.5,0.501,12,-0.14,995.2,74.585,45.25,0,1,38,4.41,0.88166,0.632,114.5,0.5595,2.507,76.1,3.2,0.517,0.49673,1,1.51,4, 4,7,0.84478,0.89171,5,1,21.9,0,1,19,6.8,0
92.5,1,12,5.88,1391.8,74.585,63.215,4.0339,0.905,38,4.41,0.88166,0.764,114.5,0.5595,2.507,90.2,3.2,1,3.5863,1,2.268,4, 2,10,0.84478,0.64546,4,1,13.8,0.48249,1,27,-1.8,1
0.4,0.574,9,5.48,1102.4,50.98,52.275,0,1,16,0.68,0.68046,0.054,85.3,0.38494,1.511,73.4,3.2,0.477,0.30215,1,1.733,2, 5,8,0.91187,0.56733,2,1,46.7,0,3,22,-4.1,0
0.2,0.491,4,0.88,682.7,29.755,41.475,0,1,6,1.56,0,0,43.8,0,0.53,63.2,1.1,0.491,0.58218,1,0.795,1, 3,6,0,0.67712,1,1,3.8,0,3,13,3.6,0
72.2,0.976,11,5.03,1192.6,68.835,58.36,1.5597,1,27,7.44,1.0042,0.527,94.9,0.37808,2.651,81.8,-4.7,0.976,2.1418,1,1.849,2, 6,9,1.1113,0.98421,5,1,75.9,0.86748,3,44,-0.7,1
26.8,0.935,6,1.55,1781,40.735,86.705,0.30104,1,21,3.76,0.71505,0.506,57.6,0,1.414,137.9,0.3,0.923,0.33029,1,2.478,6, 5,14,1.0494,0.61797,6,1,132.9,0.60209,2,47,8.4,0
113.7,0.958,11,4.34,1657,69.39,74.61,0.81009,1,37,3.26,1.3031,0.757,108.8,2.2969,2.085,114.5,-0.2,0.958,1.7983,1,2.613,4, 5,12,1.1114,1.3954,4,1,71.9,1.0447,1,41,1.6,1
113.7,0.887,11,0.47,1056.1,69.39,51.11,0.31131,1,37,3.26,1.3031,0.462,108.8,2.2969,2.085,84.2,-0.2,0.707,0.33717,1,1.489,4, 4,8,1.1114,0.58628,1,1,93.9,0.53921,1,26,2,1
56.2,0.356,5,-0.02,522.4,33.67,29.02,0,1,19,-0.62,0.35404,0.463,61.4,0,1.009,49.9,3.8,0.378,0.62509,3,0.609,4, 6,4,0.7361,0.84588,1,3,43.4,0,1,18,3,0
32.2,0.294,3,2.87,700.6,22.965,35.045,0,1,10,1.65,0,0,36.8,0,0.848,51.7,-0.6,0.282,0.14753,2,0.988,4, 6,5,0,0.41729,1,3,36.2,0,1,23,-2.1,0
113.7,0.934,11,4.67,1540.6,69.39,75.34,1.5365,0.554,37,3.26,1.3031,0.62,108.8,2.2969,2.085,115.8,-0.2,0.848,1.2905,2,2.244,4, 4,12,1.1114,0.94255,6,2,55.3,0.92078,1,58,0.6,1
44.8,0.364,6,-0.62,772.7,39.795,39.605,0,1,19,-0.93,0.53989,1,68.5,0,0.915,69.7,5.3,0.338,0,3,0.909,1, 4,6,0.87546,0,4,3,47,0,3,11,5.6,0
22,0.817,11,-0.02,1116.1,69.665,57.39,0.32806,1,34,3.08,0.63678,0.253,101.5,0.60769,1.625,91.5,-3,0.8,0.64796,3,1.536,5, 4,9,0.71634,0.88304,5,3,67.2,0.56821,3,26,4.9,1
58.8,0.206,8,-0.09,834.8,52.625,46.375,0,1,18,2.2,0.176,0.237,75.4,0,1.243,74.5,-3.1,0.298,0.43509,3,1.004,1, 3,7,0.43112,0.79759,1,3,29.9,0,3,25,4.5,0
57.9,0.378,8,-1.33,953.9,51.59,51.25,0,1,28,-0.02,0.61562,0.781,85,0,1.041,88.3,2.4,0.727,0.95606,3,1.13,4, 3,8,0.83903,1.1635,3,3,36.5,0,1,29,6.5,0
25.6,0.078,9,-1.65,1089.2,56.895,50.595,0,1,21,-0.39,0.38322,0.023,97.6,0,1.374,89.5,6.2,0.131,0.55834,2,1.529,3, 6,8,0.60906,0.82539,3,3,4,0,3,29,7.7,0
25.6,0.588,9,-0.86,864.8,56.895,45.94,0.30573,1,21,-0.39,0.38322,0.515,97.6,0,1.374,79.8,6.2,0.538,0.33008,2,1.081,3, 5,7,0.60906,0.61786,6,2,46.6,0.61146,3,27,6.7,0
50.9,0.577,6,3.4,874.1,40.605,40.215,0,1,28,2.57,0.37181,0,59,0.19926,0.983,58,-0.2,0.557,0.53714,2,1.403,2, 5,6,0.60933,0.79731,3,2,55.7,0,3,37,-2.6,0
45.8,0.435,9,0.22,896,58.115,46.41,0,1,24,3.11,0.37259,0.493,86.2,0.37769,1.548,75.1,-1.1,0.51,1.6031,3,1.181,4, 3,7,0.64543,1.2554,2,3,17.7,0,3,30,6.2,0
49.3,0.891,6,-2.95,1386.4,39.2,73.925,1.2599,1,21,-2.83,0.23624,0.556,75.1,0.70873,0.988,129.4,10.1,0.898,1.7859,3,1.661,3, 4,12,0.52826,1.0785,3,3,52,1.0789,3,33,13.4,0
36.5,0.821,8,-0.39,1086,51.25,56.895,0,1,29,-1.33,0.95606,0.543,88.3,0,1.13,97.6,6.5,0.778,0.38322,3,1.374,3, 3,9,1.1635,0.60906,1,3,25.6,0,3,21,6.2,0
36.5,0.819,8,-0.02,937.8,51.25,51.59,0,1,29,-1.33,0.95606,0,88.3,0,1.13,85,6.5,0.811,0.61562,1,1.041,3, 4,8,1.1635,0.83903,1,1,57.9,0,3,28,2.4,1
67.6,0.462,7,0.52,1121.1,46.13,57.86,0.34719,1,31,-0.6,0,0.692,74.1,0,1.011,90.7,2.7,0.416,0.33437,1,1.512,1, 3,9,0,0.5803,3,3,55.9,0.60138,3,30,2.1,0
37.5,0.746,6,3.11,1153.3,40.68,58.115,0.37769,0,22,2.04,0.38745,0,58.5,0.49098,1.148,86.2,0.7,0.611,0.37259,3,1.548,2, 4,9,0.61579,0.64543,2,3,45.8,0.65418,3,24,-1.1,0
50.3,0.769,12,1.64,924,75.405,46.29,1.2493,1,31,1.09,0.53928,0.82,116,0,1.979,68.8,2.1,0.771,1.2535,3,1.315,1, 3,7,0.6644,0.97303,1,3,28.6,1.0459,3,37,-1.4,1
19.6,0.755,10,2.2,954,63.46,52.625,0,1,33,0.59,1.2623,0,97.5,0,1.668,75.4,1.9,0.749,0.176,3,1.243,1, 1,8,0.81202,0.43112,3,3,58.8,0,3,18,-3.1,1
67.2,0.815,9,3.08,1268.3,57.39,69.665,0.60769,0,26,-0.02,0.64796,0.215,91.5,0.32806,1.536,101.5,4.9,0.859,0.63678,3,1.625,4, 5,11,0.88304,0.71634,1,3,22,0.74426,3,34,-3,0
55.7,0.283,6,2.57,731.9,40.215,40.605,0.19926,1,37,3.4,0.53714,0.341,58,0,1.403,59,-2.6,0.28,0.37181,3,0.983,5, 2,6,0.79731,0.60933,4,3,50.9,0.4881,2,28,-0.2,0
67.6,0.715,7,2.59,882.9,46.13,46.38,0.26536,1,31,-0.6,0,0.209,74.1,0,1.011,66.7,2.7,0.627,0.70659,1,1.158,1, 4,7,0,0.82936,4,1,30.4,0.53073,3,17,-4.1,1
38.3,0.475,10,1.32,1128.3,63.42,46.24,0.30423,0,50,4.62,0.82178,0,95.2,0.88077,2.758,75.1,1.3,0.471,0.71411,3,1.943,4, 6,7,0.87973,0.83751,6,3,47.5,0.60847,3,26,6.7,0
37.3,0.48,7,-0.18,850,45.695,34.59,0,1,21,-1.23,0.16254,0,79.2,0,1.754,59.5,9.6,0.497,0.33778,3,1.401,5, 6,5,0.45972,0.5876,6,3,32.3,0,2,28,6.3,0
37.3,0.601,7,4.9,1208.4,45.695,46.17,0.34926,0,21,-1.23,0.16254,0,79.2,0,1.754,66.4,9.6,0.546,0.35457,3,2.202,5, 3,7,0.45972,0.61431,6,3,47.9,0.60494,2,39,-3.2,0
114.4,0.966,10,5.07,1070.2,62.82,39.71,2.6308,1,33,8.39,3.6091,0.871,85.9,4.2127,2.874,53.9,-12.7,0.975,3.3949,3,1.947,4, 3,6,0.77434,1.5317,4,3,41.8,1.2921,2,22,-6.8,0
59.1,0.974,8,7.06,1978.2,52.005,80.405,1.0307,0.718,29,5.96,2.2835,0.832,73.6,3.131,2.081,117.2,-5.6,0.98,1.8552,3,3.331,5, 4,13,1.2978,1.5428,3,3,125,0.92341,2,60,-4.7,1
34.7,0.845,7,6.52,1190.3,46.325,52.21,0,1,25,2.48,0.29966,0.51,70.2,0,1.44,72.7,0.5,0.8,0.87129,3,1.969,6, 3,8,0.56324,0.94481,4,3,54.3,0,3,24,-5.5,0
114.4,0.809,10,2.19,780.8,62.82,34.15,0.47565,1,33,8.39,3.6091,0.9,85.9,4.2127,2.874,53.3,-12.7,0.833,1.7462,3,1.162,4, 3,5,0.77434,1.2167,3,3,39.2,0.67266,2,25,-0.8,0
114.4,0.991,10,2.87,564.6,62.82,22.665,2.3233,1,33,8.39,3.6091,0.909,85.9,4.2127,2.874,31.8,-12.7,0.948,2.114,3,0.949,4, 4,3,0.77434,1.1175,3,3,24.6,1.0636,2,18,-4.1,0
33.5,0.38,6,3.62,707.7,40.34,35.365,0,1,20,2.03,0,0,62.6,0,1.367,48.7,1.1,0.334,0.22432,3,1.014,6, 3,5,0,0.5037,1,3,59.3,0,3,24,-3.9,0
114.4,1,10,2.67,1457.5,62.82,63.555,4.0508,0.966,33,8.39,3.6091,0.812,85.9,4.2127,2.874,101.7,-12.7,1,4.1552,2,2.34,4, 4,10,0.77434,0.49995,4,3,38.7,0.4148,2,37,2.9,1
100.5,0.504,12,4.15,1050.1,75.08,47.155,1.1306,0.215,26,4.36,0.97998,0.164,113.1,0.50254,2.595,69.2,-2.1,0.432,1.3238,3,1.685,1, 4,7,0.8968,1.1524,4,2,51.8,1.0069,3,38,-1.6,1
104.7,0.212,13,1.97,730.8,80.93,29.37,0.31275,1,37,3.23,1.28,0.462,131.2,0.30096,2.648,48.1,2.9,0.135,0.33863,3,1.247,5, 6,4,1.274,0.58881,4,3,25.9,0.54169,3,20,2.2,0
104.7,0.301,13,0.68,707.8,80.93,29.14,0,1,37,3.23,1.28,0,131.2,0.30096,2.648,48.9,2.9,0.26,0.61186,3,1.136,5, 6,4,1.274,0.83228,4,2,21.2,0,3,15,3.3,0
114.4,0.793,10,1.77,957.1,62.82,40.03,0.3451,1,33,8.39,3.6091,0.353,85.9,4.2127,2.874,62.9,-12.7,0.76,0.65159,2,1.525,4, 3,6,0.77434,0.80265,3,2,68.8,0.59779,2,31,0.3,0
100.5,0.77,12,3.55,912.8,75.08,46.82,0.6238,0.698,26,4.36,0.97998,0.441,113.1,0.50254,2.595,65.4,-2.1,0.726,0.62876,2,1.368,1, 5,7,0.8968,0.69342,1,3,34.5,0.72305,3,21,-4.7,0
54.3,0.466,6,1.45,984,40.2,51.79,0,1,26,1.69,0,0,61.3,0,1.099,76.8,-0.5,0.402,0.10258,3,1.285,3, 3,8,0,0.34023,1,3,101.7,0,3,31,-0.5,0
125,1,13,5.96,1240.4,80.405,52.005,3.131,0.805,60,7.06,1.8552,0.613,117.2,1.0307,3.331,73.6,-4.7,0.961,2.2835,2,2.081,4, 5,8,1.5428,1.2978,4,2,59.1,0.9536,3,29,-5.6,1
59.3,0.941,4,3.28,1841,29.105,79.865,1.2421,1,16,2.05,0.36331,0.72,40.8,0,0.826,123.3,-5.1,0.936,1.1502,2,3.001,1, 3,13,0.62927,1.0389,1,3,164.3,1.0382,3,54,-0.9,1
34.5,0.916,7,4.36,1649.7,46.82,75.08,0.50254,0,21,3.55,0.62876,0.411,65.4,0.6238,1.368,113.1,-4.7,0.926,0.97998,3,2.595,5, 1,12,0.69342,0.8968,1,3,100.5,0.7107,2,26,-2.1,0
25.9,0.767,4,3.23,1780.8,29.37,80.93,0.30096,1,20,1.97,0.33863,0.875,48.1,0.31275,1.247,131.2,2.2,0.776,1.28,3,2.648,6, 5,13,0.58881,1.274,1,3,104.7,0.60192,3,37,2.9,1
39.2,1,5,8.39,1615.8,34.15,62.82,4.2127,1,25,2.19,1.7462,0.949,53.3,0.47565,1.162,85.9,-0.8,1,3.6091,2,2.874,3, 4,10,1.2167,0.77434,5,3,114.4,0.48968,3,33,-12.7,1
54.3,0.167,8,-1.09,809.9,52.21,39.525,0,1,24,6.52,0.87129,1,72.7,0,1.969,68.4,-5.5,0.456,0.84156,3,1.034,3, 3,6,0.94481,0.89203,4,2,23.5,0,3,30,5.9,0
54.3,0.355,8,2.48,979.1,52.21,46.325,0,1,24,6.52,0.87129,0.543,72.7,0,1.969,70.2,-5.5,0.383,0.29966,3,1.44,3, 6,7,0.94481,0.56324,3,3,34.7,0,3,25,0.5,0
125,0.523,13,6.59,1343.6,80.405,51.63,0.56703,1,60,7.06,1.8552,0.512,117.2,1.0307,3.331,68.8,-4.7,0.523,0.79064,2,2.457,4, 4,8,1.5428,0.82759,5,2,65.4,0.69556,3,33,-8.2,1
47.5,0.503,7,-0.39,599.7,46.24,22.735,0.73152,0,26,1.32,0.71411,0,75.1,0.30423,1.943,39.5,6.7,0.503,1.3405,2,1.07,6, 5,3,0.83751,1.138,4,3,20.9,0.88853,3,20,5.6,0
47.9,0.459,7,-1.23,1093.3,46.17,45.695,0,1,39,4.9,0.35457,0,66.4,0.34926,2.202,79.2,-3.2,0.383,0.16254,2,1.754,3, 5,7,0.61431,0.45972,3,3,37.3,0,3,21,9.6,0
30.8,0.533,7,6.94,980.1,46.96,40.685,0.85049,0,21,7.53,0.16643,0,59.2,0.37446,1.678,50.2,-5.3,0.496,0.70109,3,1.683,2, 4,6,0.47072,0.8149,4,3,29.7,0.84206,3,32,-9.3,0
123.6,0.962,11,8.56,1410.6,69.62,64.1,1.2234,0.705,39,6.9,2.9676,0.578,95.5,3.0165,2.321,85.2,-7,0.959,1.0664,3,2.244,4, 3,10,0.60083,0.88608,2,3,61.3,0.91022,1,39,-11.1,0
55.8,0.763,8,1.84,699.7,50.955,34.095,1.2698,0.771,27,-1.25,0.24839,0.505,84.8,0,1.587,50.2,6.3,0.763,1.7385,2,0.946,1, 3,5,0.49677,1.2578,3,3,37.5,1.1136,3,22,-3.4,0
39.6,0.76,6,1.13,1273.4,40.13,56.555,0.13832,1,29,1.22,0.55186,0.269,62.4,0.24705,1.302,91.3,1.9,0.76,0.36695,3,1.86,6, 3,9,0.62953,0.59033,3,2,73.8,0.41496,3,44,0.1,0
83.6,0.43,10,1.84,699.7,62.255,34.095,0.60988,0.315,38,-0.03,0.73106,0.114,99.6,0.60846,1.993,50.2,3.6,0.416,0.93682,2,0.946,4, 3,5,1.0539,0.92002,3,3,34.5,0.82747,3,19,-3.4,0
123.6,0.621,11,6.76,1402.6,69.62,63.285,1.0541,0.368,39,6.9,2.9676,0.277,95.5,3.0165,2.321,88.1,-7,0.611,1.1994,3,2.266,4, 4,10,0.60083,1.071,2,3,67.5,1.0136,1,51,-6.8,0
123.6,0.679,11,2,819.9,69.62,34.39,0,1,39,6.9,2.9676,0,95.5,3.0165,2.321,53.8,-7,0.687,0.27883,3,1.337,4, 3,5,0.60083,0.48725,4,3,48.1,0,1,20,0.6,0
51.5,0,9,-0.73,343.3,56.915,23.335,0.43964,0,24,-0.5,0.447,0,92.3,0.34834,1.432,37.9,5.4,0.106,0.68834,3,0.327,5, 3,3,0.70623,0.99769,1,3,0,0.87928,3,12,2.6,0
51.5,0.7,9,0.87,1077,56.915,57.94,1.119,0.435,24,-0.5,0.447,0.36,92.3,0.34834,1.432,89.6,5.4,0.7,0.99178,3,1.459,5, 3,9,0.70623,0.92387,1,3,38.8,0.97665,3,42,1.9,0
64.6,0.8,7,2.89,1014.9,46.195,53.025,0.70591,0.699,34,1.92,0.2781,0.401,73.1,0,1.636,79.4,1.6,0.8,1.1856,3,1.323,6, 4,8,0.53644,1.1672,1,3,74.3,0.91692,3,32,-2.4,0
32.5,0.61,4,-1.52,1244.4,28.01,50.77,0.56308,0.136,17,-1.66,0.91072,0.056,47.8,0,1.014,83.7,5.7,0.61,1.0489,3,2.006,1, 5,8,0.81743,1.2546,6,3,47.5,0.98909,3,34,7.1,0
38,0.715,7,-0.29,1111.2,46.505,51.375,0.24372,1,24,1.48,2.2721,0.355,71.1,1.4487,1.144,82.1,2.7,0.698,0.38139,3,1.619,4, 6,8,1.5007,0.54314,5,3,69.9,0.48745,1,34,5.2,1
64.6,0.96,7,0.87,1307.4,46.195,57.3,0.66508,1,34,1.92,0.2781,0.906,73.1,0,1.636,92.8,1.6,0.961,0.74765,3,1.989,6, 3,9,0.53644,0.66733,6,3,103.8,0.67793,3,42,4.9,1
73.8,0.697,9,1.22,884.1,56.555,40.13,0.24705,1,44,1.13,0.36695,0.249,91.3,0.13832,1.86,62.4,0.1,0.497,0.55186,3,1.302,3, 6,6,0.59033,0.62953,4,3,39.6,0.4941,3,29,1.9,0
34.5,0.787,5,-0.03,1377.5,34.095,62.255,0.60846,0.289,19,1.84,0.93682,0.153,50.2,0.60988,0.946,99.6,-3.4,0.744,0.73106,3,1.993,3, 4,10,0.92002,1.0539,6,3,83.6,1.075,2,38,3.6,0
69.9,0.769,8,-3.67,1134.1,51.375,56.58,0.58859,0.003,34,-0.29,0.38139,0.186,82.1,0.24372,1.619,102.2,5.2,0.771,0.94796,2,1.449,6, 3,9,0.54314,0.89924,1,3,10,0.75833,3,38,13,0
69.9,0.915,8,3.76,1652.7,51.375,81.1,1.087,1,34,-0.29,0.38139,0.526,82.1,0.24372,1.619,122.5,5.2,0.891,1.0327,3,2.238,6, 3,13,0.54314,0.88677,3,2,76.6,0.71729,3,42,-2,0
38.8,0.639,9,-0.5,1091.1,57.94,56.915,0.34834,0,42,0.87,0.99178,0.211,89.6,1.119,1.459,92.3,1.9,0.626,0.447,3,1.432,3, 5,9,0.92387,0.70623,1,3,51.5,0.69798,3,24,5.4,0
74.3,0.484,8,2.16,965,53.025,46.815,0.59441,0,32,2.89,1.1856,0.395,79.4,0.70591,1.323,72.4,-2.4,0.567,0.79092,3,1.384,4, 3,7,1.1672,0.75425,1,3,34.7,0.80033,3,27,1.4,0
103.8,0.586,9,1.92,1064.1,57.3,46.195,0,1,42,0.87,0.74765,1,92.8,0.66508,1.989,73.1,4.9,0.603,0.2781,3,1.636,3, 6,7,0.66733,0.53644,3,3,64.6,0,3,34,1.6,0
103.8,0.704,9,0.04,979.9,57.3,52.05,0.88379,0.564,42,0.87,0.74765,0.311,92.8,0.66508,1.989,87,4.9,0.704,1.7547,1,1.132,3, 1,8,0.66733,1.2362,6,3,20.8,0.89812,3,19,4.3,0
30.8,1,4,6.9,1502.7,28.745,69.62,3.0165,1,16,4.74,2.4582,0.804,36.5,1.9714,1.239,95.5,-7.7,1,2.9676,1,2.321,2, 4,11,1.0245,0.60083,1,1,123.6,0.55326,3,39,-7,1
61.3,0.839,10,8.72,1190.4,64.1,59.245,1.5056,0,39,8.56,1.0664,0,85.2,1.2234,2.244,71.1,-11.1,0.824,1.3186,3,1.864,3, 2,9,0.88608,1.1579,5,3,16.8,1.37,3,27,-8.9,0
48.1,0.457,5,3.55,946,34.39,47.05,0.79727,0.796,20,2,0.27883,0.747,53.8,0,1.337,68.3,0.6,0.426,0.8307,3,1.361,3, 5,7,0.48725,0.8547,2,3,59.7,0.81238,3,30,0.3,0
29.7,0.128,6,7.53,1008.3,40.685,46.96,0.37446,0,32,6.94,0.70109,0,50.2,0.85049,1.683,59.2,-9.3,0.425,0.16643,3,1.678,4, 2,7,0.8149,0.47072,3,3,30.8,0.64858,3,21,-5.3,0
38.5,0.996,8,7.47,1837.7,53.385,113.81,0.81229,1,19,3.67,3.405,1,74.1,4.5874,1.015,161.2,-0.9,0.997,2.2207,3,2.045,3, 5,18,0.87644,1.7752,3,2,166.7,1.0439,3,40,0.2,1
59.8,0.283,10,-2.43,821.8,62.235,39.32,0.87395,0.194,26,-3.36,1.5057,0.525,110.6,0.89274,1.767,71.9,10.7,0.365,1.4267,3,1.162,4, 4,6,1.0366,1.0699,5,3,22.6,0.96401,3,32,7.3,0
26.1,0.986,7,1.7,1747.9,44.78,79.78,2.0907,0.691,28,0.59,1.5422,0.546,70.7,0,1.577,126.9,0.7,0.985,1.8459,2,2.584,3, 3,13,1.1577,1.0417,4,3,90.7,1.0356,3,52,3.8,1
53.4,0.827,6,5.02,1496.7,39.855,62.435,0.19056,1,31,4.04,3.9481,1,52.9,3.9246,1.718,88.2,-6.7,0.77,0.25254,3,2.424,3, 5,10,0.64965,0.53624,3,2,135.2,0.46677,2,45,-6.5,0
99.4,0.637,12,8.93,1053.4,75.535,40.965,1.4154,0.37,52,9,0.29832,0.187,102.2,0,2.365,44.6,-10,0.637,2.0023,3,2.005,3, 4,6,0.69351,1.2846,4,3,52.9,1.0487,3,37,-12,0
65.4,0.471,7,3.16,643.8,46.025,28.67,0.21001,1,32,4.31,0.21051,0.367,64,0,1.757,38.6,-3.9,0.452,0.36442,3,1.056,3, 5,4,0.47071,0.59741,4,3,65.7,0.51441,3,23,-2.3,0
65.4,0.902,7,4.97,1513.8,46.025,63,0.76005,0.5,32,4.31,0.21051,0.271,64,0,1.757,92.3,-3.9,0.886,0.70158,3,2.519,3, 2,10,0.47071,0.70681,4,3,55.2,0.76005,3,25,-2.3,0
51.8,0.268,7,-0.43,480.4,44.595,22.24,0,1,18,-2.05,0.54411,0,81.5,0,1.522,41.1,7,0.267,0.71684,1,0.652,4, 3,3,0.81264,0.869,4,1,1.1,0,2,11,1.3,0
51.8,0.62,7,-2.44,1028.2,44.595,44.775,0.31076,1,18,-2.05,0.54411,0.72,81.5,0,1.522,81.2,7,0.606,0.65539,1,1.607,4, 4,7,0.81264,0.90514,3,1,70.2,0.53825,2,21,8,0
59.8,1,10,1.48,1619.7,62.235,73.85,3.4553,0.913,26,-3.36,1.5057,0.743,110.6,0.89274,1.767,120.2,10.7,0.997,2.3596,1,2.457,4, 5,12,1.0366,1.4553,5,1,64.9,0.4933,3,31,2.5,1
104.6,0.789,12,5.93,1612,75.66,69.08,0.29584,1,50,8.23,3.5654,0.873,104.4,3.8404,2.699,101.3,-7.4,0.813,1.0971,1,2.659,3, 5,11,0.60135,1.1058,5,1,86.8,0.59167,3,33,-1.7,1
53.4,1,6,5.31,1723.1,39.855,75.145,1.9764,1,31,4.04,3.9481,0.842,52.9,3.9246,1.718,105.6,-6.7,0.994,1.541,3,2.823,3, 3,12,0.64965,0.79209,1,3,62,0.45601,2,37,-3.6,0
99.4,0.991,12,4.37,1336.5,75.535,69.41,1.4394,1,52,9,0.29832,0.888,102.2,0,2.365,100.1,-10,0.991,1.4874,3,1.707,3, 6,11,0.69351,0.97206,3,3,71.3,0.92779,3,35,-4,0
65.7,0.905,4,4.31,1085.3,28.67,46.025,0,1,23,3.16,0.36442,1,38.6,0.21001,1.056,64,-2.3,0.855,0.21051,3,1.757,5, 3,7,0.59741,0.47071,3,3,65.4,0,3,32,-3.9,0
86.8,0.514,11,2.77,1008.2,69.08,45.955,0,1,33,5.93,1.0971,0.546,101.3,0.29584,2.659,70.2,-1.7,0.582,0.34192,3,1.521,5, 6,7,1.1058,0.59556,3,3,38.9,0,1,24,0.4,1
86.8,1,11,8.23,1708.1,69.08,75.66,3.8404,1,33,5.93,1.0971,0.785,101.3,0.29584,2.659,104.4,-1.7,1,3.5654,3,2.699,5, 3,12,1.1058,0.60135,6,3,104.6,0.40762,1,50,-7.4,1
135.2,1,10,4.04,1006.2,62.435,39.855,3.9246,0.788,45,5.02,0.25254,0.587,88.2,0.19056,2.424,52.9,-6.5,1,3.9481,2,1.718,5, 3,6,0.53624,0.64965,3,2,53.4,0.69185,3,31,-6.7,1
71.3,0.688,11,9,1587.9,69.41,75.535,0,1,35,4.37,1.4874,0.649,100.1,1.4394,1.707,102.2,-4,0.687,0.29832,3,2.365,6, 3,12,0.97206,0.69351,3,2,99.4,0,3,52,-10,1
35.8,0.573,4,1.28,928,28.845,46.24,0.64953,0.733,17,-0.45,0,0.599,49,0,0.599,69.2,3,0.551,0.85783,2,1.256,1, 3,7,0,0.9148,3,2,67.4,0.88666,3,36,0.5,0
64.9,0.822,12,-3.36,1270.3,73.85,62.235,0.89274,1,31,1.48,2.3596,0.312,120.2,3.4553,2.457,110.6,2.5,0.822,1.5057,3,1.767,5, 4,10,1.4553,1.0366,1,3,59.8,0.94819,1,26,10.7,1
56.2,1,10,-0.91,998,62.26,51.14,3.7366,0.757,24,-4.47,0.67281,0.469,115.5,0,1.764,85.7,15.2,1,4.1551,3,1.279,1, 4,8,0.6771,0.74216,4,3,39.1,0.48136,3,21,4.7,1
70.2,0.887,7,-3.11,1268.5,44.775,55.88,1.1565,1,21,-2.44,0.65539,0.549,81.2,0.31076,1.607,100.8,8,0.887,1.4048,3,1.897,4, 3,9,0.90514,0.92154,5,2,72.5,0.985,1,38,10.9,1
70.2,0.622,7,-2.05,1014.1,44.775,44.595,0,1,21,-2.44,0.65539,0,81.2,0.31076,1.607,81.5,8,0.56,0.54411,2,1.522,4, 4,7,0.90514,0.81264,5,2,51.8,0,1,18,7,0
135.2,0.973,10,3.04,930.1,62.435,39.85,1.5603,0.777,45,5.02,0.25254,0.707,88.2,0.19056,2.424,55.9,-6.5,0.97,1.5703,3,1.482,5, 3,6,0.53624,1.0213,3,3,23.1,0.9971,3,28,-4.1,1
66.5,0.158,8,2.66,544.5,51.97,29.66,0,1,21,0.88,0.39256,1,82.1,0.50497,1.396,42.5,4.3,0.08,0,3,0.716,1, 3,4,0.62525,0,4,1,0,0,3,9,-1.6,0
30.2,0.312,8,-1.72,694.5,52.495,34.66,0,1,37,-1.76,0.60156,0,90.2,0.31348,1.082,65.7,8.1,0.291,0.16232,3,0.846,6, 4,5,0.82345,0.45911,1,3,28.2,0,3,12,5.9,0
57.4,0.537,9,-4.16,965.1,56.72,45.885,0.4468,1,29,-3.6,0.29097,0.22,104.7,0,1.568,88.2,12.4,0.537,1.2184,2,1.369,1, 4,7,0.58194,1.1265,6,2,40.8,0.63194,3,28,14.2,0
43.9,0.972,9,-1.97,1064.2,56.705,51.745,2.3737,0.332,29,-4.52,0.15371,0.139,107.6,0,1.683,93.7,15.8,0.972,3.1529,2,1.47,6, 5,9,0.40669,1.4629,6,2,60.3,1.5048,3,26,11.4,0
45.4,0.032,5,0.98,412.4,34.68,23.185,0,1,12,0.38,0,0,56.9,0,0.634,36.3,2.4,0.148,0.16636,3,0.5,1, 4,3,0,0.44015,4,3,23.5,0,3,12,0.4,0
74.8,0.191,10,-4,1155.3,62.625,57.175,0,1,36,-4.74,0.98489,0.779,113.8,0.30946,1.629,107.1,15.9,0.282,0.73403,3,1.547,4, 4,10,1.0825,1.0834,4,3,46.7,0,3,30,17.4,0
74.8,0.773,10,-1.36,1403.5,62.625,75.385,0,1,36,-4.74,0.98489,0,113.8,0.30946,1.629,126.5,15.9,0.774,0.7598,2,1.849,4, 5,12,1.0825,1.1312,2,3,51.7,0,3,33,11,0
33,0.774,10,2.4,1278.2,64.52,76.18,0.30728,1,27,6.3,0.672,0.673,89.8,0,1.561,118.9,-5.9,0.792,1.2849,2,1.37,1, 4,12,0.67625,1.1916,1,3,60.8,0.61455,3,31,1.1,0
14.9,0.922,5,5.66,1605.7,34.625,74.92,0,1,19,0.43,0.54641,0.516,55.6,0,0.927,109.2,3.7,0.915,0.42766,3,2.535,5, 3,12,0.81231,0.60529,1,3,85.9,0,3,40,-3.4,0
85,0.669,7,5.03,1117.4,46.46,52.385,0.99998,0.618,22,2.27,0.79368,0.828,71.7,0.6871,1.343,73.1,4.9,0.86,2.1607,2,1.794,6, 2,8,0.84179,1.3802,2,2,27.4,1.0545,3,24,-0.9,0
57.4,0.395,11,2.55,754.8,70.295,47.125,0,1,25,4.14,1.7564,0.66,104.5,1.7837,1.376,67.5,-0.4,0.447,0.55697,2,0.879,2, 3,7,1.2019,0.91059,2,2,25.7,0,1,23,-0.8,0
75.7,0.397,7,-0.91,540.5,46.27,35.165,0,1,27,-1.96,0,0,77.8,0,0.899,58.1,8.6,0.395,0.33771,3,0.546,3, 4,5,0,0.58764,5,2,27.8,0,3,12,5.3,0
85,0.424,7,5.69,1434.7,46.46,69.495,0,1,22,2.27,0.79368,0.455,71.7,0.6871,1.343,101.4,4.9,0.46,0.24456,1,2.078,6, 5,11,0.84179,0.52131,3,1,74.8,0,3,39,0.2,0
65.8,0.448,6,3.87,1000.2,41.62,46.3,0,1,31,5.66,0.52675,1,51.6,0.3805,0.981,67,-4.5,0.618,0.20486,1,1.527,2, 3,7,0.68425,0.45807,5,1,40.7,0,3,25,-0.9,0
12.6,0.463,6,3.08,1298.5,41.235,63.885,0,1,19,2.87,0.41404,0,60.1,0.47886,0.912,96.5,-0.2,0.421,0.33754,1,1.893,3, 6,10,0.65469,0.58742,4,1,8.6,0,3,28,2.7,0
65.8,0.292,6,7.14,1044.2,41.62,53.5,0,1,31,5.66,0.52675,0,51.6,0.3805,0.981,70,-4.5,0.249,0.29944,1,1.495,2, 4,8,0.68425,0.56269,6,1,24.5,0,3,22,-4.9,0
43.9,0.107,9,-3.7,893.9,56.705,39.815,0.24997,1,29,-4.52,0.15371,0.317,107.6,0,1.683,79.3,15.8,0.101,0.43761,2,1.284,6, 6,7,0.40669,0.62158,4,2,4.6,0.49994,3,26,11.9,0
32.1,0.948,9,2.66,1489.7,57.11,81.59,0.87097,1,19,2.19,1.0757,1,86.9,0.7062,1.647,120.1,0.8,0.919,0.58917,3,1.919,3, 6,13,0.82458,0.81104,1,3,105.7,0.93452,3,46,0.3,0
116.2,0.996,11,0.92,1004.1,70.02,46.47,1.585,0.506,43,7.28,0.991,0.378,98.8,0.99078,2.63,71.6,-4.4,0.884,1.1786,3,1.461,6, 5,7,0.94642,0.92338,6,2,61,0.89384,3,23,1.6,1
116.2,0.894,11,0.48,1570.5,70.02,81.545,0.19781,1,43,7.28,0.991,0.695,98.8,0.99078,2.63,132,-4.4,0.891,0.36943,3,2.029,6, 2,13,0.94642,0.60485,1,3,157.4,0.48454,3,58,8.4,1
116.2,0.531,11,-1.94,1097.2,70.02,45.775,0.94882,0.317,43,7.28,0.991,0.416,98.8,0.99078,2.63,83.1,-4.4,0.467,0.94744,3,1.656,6, 3,7,0.94642,1.0035,2,3,39.6,1.0146,3,33,13.2,0
61,0.924,7,7.28,1599.7,46.47,70.02,0.99078,1,23,0.92,1.1786,0.594,71.6,1.585,1.461,98.8,1.6,0.891,0.991,3,2.63,5, 6,11,0.92338,0.94642,1,3,116.2,0.8666,3,43,-4.4,0
26.9,0.953,7,2.94,1872,46.365,93.065,1.0562,1,22,0.74,0.89083,0.797,73.9,0,1.217,143,3.8,0.957,1.4726,3,2.543,1, 3,15,0.94785,1.1616,6,3,175,1.1846,3,55,2.4,0
105.7,0.891,13,2.19,1189.4,81.59,57.11,0.7062,1,46,2.66,0.58917,0.219,120.1,0.87097,1.919,86.9,0.3,0.822,1.0757,3,1.647,6, 3,9,0.81104,0.82458,3,1,32.1,0.7062,3,19,0.8,0
105.7,0,13,-0.66,603.7,81.59,34.67,0.90714,0,46,2.66,0.58917,0,120.1,0.87097,1.919,57.8,0.3,0,1.0647,2,0.65,6, 5,5,0.81104,0.79193,3,2,2.8,0.74104,3,13,5.4,0
105.7,1,13,-1.63,729.8,81.59,40.44,2.6114,0.726,46,2.66,0.58917,0.756,120.1,0.87097,1.919,68.1,0.3,0.744,1.9713,2,0.879,6, 3,6,0.81104,0.98277,5,2,26.3,0.17859,3,25,8.1,0
105.7,0.612,13,1.66,870.9,81.59,53.305,2.6255,0.376,46,2.66,0.58917,0.213,120.1,0.87097,1.919,78.4,0.3,0.612,2.9437,2,0.996,6, 5,8,0.81104,1.3103,1,2,34.4,1.5231,3,18,3,0
39,0.893,6,1.91,1376.5,40.465,68.79,0.31216,1,21,-1.61,0.83973,0.416,69.2,0,0.618,108.1,6.7,0.893,0.77173,2,1.819,3, 6,11,0.88706,0.82678,1,3,70.5,0.54068,3,42,0.8,1
74,0.44,7,3.03,960.2,45.305,39.69,0.17282,1,35,2.7,0.48507,0.209,67.8,0.3025,1.282,55.1,-2.2,0.418,0.5517,3,1.567,4, 3,8,0.63009,0.82801,5,3,84.2,0.45723,2,50,-3.4,0
88.8,0.031,9,-1.83,654.9,58.34,28.45,0,1,28,-2.34,0.24363,0,102.7,0,1.601,50.6,18.2,0.029,0.14694,2,1.066,5, 5,4,0.51897,0.41561,2,2,0,0,3,9,10.2,0
78.6,0.653,9,0.25,584.7,57.735,28.325,0,1,30,4.25,1.1324,0.813,83.3,1.0064,1.712,47.2,1,0.674,0.9431,2,0.827,2, 3,4,0.95338,1.1471,4,3,26.4,0,2,15,3,0
78.6,0.989,9,2.26,603.8,57.735,28.43,1.2697,1,30,4.25,1.1324,0.882,83.3,1.0064,1.712,41.9,1,0.99,1.309,3,0.937,2, 4,4,0.95338,0.83666,3,2,8.1,0.80721,2,9,0.3,0
25.6,0.893,7,2.58,1232.5,47.165,64.36,0.3052,1,17,6.33,1.8736,0.818,57.3,2.2432,1.49,96.7,-1.8,0.878,0.75084,2,1.704,3, 5,10,0.94441,0.89565,3,2,88.3,0.6104,2,28,8,1
88.8,0.801,9,-3.24,899.1,58.34,40.18,0.38256,1,28,-2.34,0.24363,0.281,102.7,0,1.601,75.9,18.2,0.801,1.6573,2,1.322,5, 2,6,0.51897,1.3779,5,2,23.1,0.66261,3,16,16.2,0
88.8,0.231,9,-1.48,655.8,58.34,28.625,0,1,28,-2.34,0.24363,0,102.7,0,1.601,51.6,18.2,0.23,0.56642,2,0.998,5, 6,4,0.51897,0.84795,5,2,27.8,0,3,11,10.2,0
111.8,0.848,13,3.83,1081.3,80.785,45.405,1.9361,0,54,6.21,0.25895,0.059,113.9,0.1983,3.045,65.9,-1.5,0.848,3.1215,2,1.849,2, 4,7,0.54952,1.6426,5,2,34.8,1.2332,1,25,-2.3,0
117.6,0.211,12,1.71,733,74.92,34.1,0,1,44,5.15,0.48546,1,107.9,0.39769,2.453,49.7,0.5,0.295,0,3,1.156,5, 5,5,0.64413,0,3,2,20.8,0,3,22,1.6,0
33.4,0.159,5,-0.76,791.9,34.43,40.075,0,1,17,0.2,0.25784,1,55.1,0.19768,1.107,66.8,5.3,0.321,0,3,1.075,2, 3,6,0.54717,0,5,3,31.8,0,2,26,6.4,0
117.6,0.381,12,4.5,1224.4,74.92,57.78,0,1,44,5.15,0.48546,1,107.9,0.39769,2.453,83.3,0.5,0.355,0.18187,3,1.914,5, 6,9,0.64413,0.48117,1,3,37.2,0,3,30,-1,0
111.8,0.683,13,-0.45,1833.1,80.785,86.45,1.1275,0.414,54,6.21,0.25895,0.429,113.9,0.1983,3.045,142.6,-1.5,0.632,1.0084,3,2.688,2, 4,14,0.54952,0.94561,6,3,60.8,0.99918,1,64,13.6,0
30.2,0.423,5,-3.63,1273.4,34.475,57.06,0,1,16,1.2,0.39928,0,55.7,0,1.115,108.2,3.4,0.432,0.5474,2,1.849,6, 5,9,0.77843,0.81484,4,3,28.6,0,1,34,17.1,0
57,0.71,8,3.83,1395.6,51.73,62.84,0,1,21,5.71,0,0,70.4,0,1.667,96.5,-5.5,0.644,0.44929,2,2.202,1, 3,10,0,0.63912,5,2,28.7,0,3,33,1.2,0
33.7,0.607,8,-2.24,1311.5,52.675,63.65,0.60893,0,26,-1.05,0.59722,0,91.1,0,1.397,113,11.7,0.607,0.90066,2,1.757,6, 5,10,0.88109,0.84248,3,2,33.3,0.74583,2,36,17.4,0
32.4,0.927,8,5.72,1184.4,51.595,57.81,0.73925,1,25,1.33,0.32003,0.658,82.5,0,1.581,79.2,5.7,0.788,0.71469,2,1.745,4, 2,9,0.55484,0.83207,3,2,124.6,0.90799,3,53,-4,0
46.8,0.89,5,-2.47,1174.3,34.595,58.5,0.31322,0,24,-4.05,1.2535,0,68.4,0,0.917,103.4,15,0.833,0.49125,2,1.555,1, 6,9,0.80605,0.63687,2,2,46,0.54251,3,26,18.2,1
31.3,0.763,10,-3.01,892,62.88,40.435,0,1,19,-4.34,0,1,117.3,0,2.09,78.4,20.7,0.726,0,1,1.24,5, 6,6,0,0,6,1,33.7,0,1,17,15.5,0
98.9,0.971,9,4.8,974.2,57.98,39.57,1.087,0.819,36,6.03,0.89698,0.731,79.6,0.81402,2.071,51.9,-1.8,0.972,2.1253,2,1.678,3, 2,6,0.93257,1.6148,3,2,28.5,1.0229,3,32,-5.8,0
67.3,0.987,8,1.74,1120.2,51.46,52.335,1.9077,1,25,3.32,0.67071,1,78.3,0,2.004,84.5,-0.4,0.978,1.4953,2,1.557,6, 3,8,0.90389,0.99556,2,2,108.8,0.86529,1,39,5.8,0
62.6,0.844,9,0.28,1172.1,59.17,64.26,0.54944,0.451,23,7.86,0.24213,0.228,76,0,1.528,107.6,-5.6,0.821,0.60451,3,1.316,3, 4,10,0.54141,0.681,1,3,51.6,0.67869,1,23,7.1,0
54.3,0.181,8,-2.01,487.5,51.57,22.775,0,1,25,-0.42,0.5452,0,88.9,0,1.681,44.5,10.5,0.177,0.29917,3,0.629,5, 6,3,0.81057,0.56201,3,3,21.9,0,2,12,8.6,0
124,0.378,10,1.16,896.1,63.945,39.605,0,1,57,7.78,0.81716,1,82.7,0.73788,2.022,62.3,-2.7,0.424,0.11265,2,1.411,2, 5,6,0.94603,0.35623,6,3,69.2,0,2,34,3.9,0
124,1,10,4.53,664.9,63.945,28.545,3.7849,0.873,57,7.78,0.81716,0.883,82.7,0.73788,2.022,34.4,-2.7,1,3.3627,2,1.165,2, 3,4,0.94603,0.57989,5,2,8.4,0.11773,2,15,-4.2,0
78.6,0.948,9,9.41,984.3,57.735,47.205,1.6373,1,30,4.25,1.1324,0.894,83.3,1.0064,1.712,50.6,1,0.938,1.7253,2,1.607,2, 2,7,0.95338,1.1997,3,2,47.2,1.0258,2,20,-8,0
59.6,0.668,10,6.64,1119.5,64.82,52.63,0,1,23,9.21,0,0,79.5,0,2.159,67.1,-4.1,0.592,0.1324,2,1.855,3, 5,8,0,0.41869,2,2,66,0,3,29,-1.6,0
59.6,0.426,10,4.46,1038.3,64.82,45.69,0.39836,0.503,23,9.21,0,0.256,79.5,0,2.159,62,-4.1,0.315,0.49793,2,1.718,3, 2,7,0,0.66077,3,2,43.2,0.62987,3,32,-0.2,0
12.1,0.372,6,2.77,627.7,40.615,35.33,0,1,15,2.51,0.52479,0,61.9,0.38006,1.007,51.2,-0.3,0.323,0.51256,3,0.765,2, 3,5,0.6817,0.84735,6,3,16.8,0,3,17,-0.8,0
74.4,1,11,10.96,1524.9,69.545,76.63,3.0079,1,27,6.83,0.34353,0.77,95.2,0.37836,2.31,96.2,-3.4,0.934,1.6732,3,2.316,2, 1,12,0.59907,1.3026,2,3,82.7,0.48009,1,30,-7.6,0
29.9,0.323,5,5.09,772.9,35.51,42.36,0.30186,0,12,4.62,0.14758,0.331,45.1,0,1.114,53.4,-0.8,0.338,1.0872,2,1.083,5, 6,6,0.41742,1.0281,1,3,30,0.60372,3,24,0.7,0
85.8,0.839,9,6.83,1482.9,58.535,69.545,0.37836,1,47,7.42,1.4241,0.551,73.1,1.8472,2.023,95.2,-6.2,0.821,0.34353,1,2.31,4, 2,11,1.4437,0.59907,2,1,74.4,0.65533,3,27,-3.4,0
37.9,0.614,8,-0.42,1147.3,51.14,51.57,0,1,23,-3.2,0.56112,0,93.6,0,1.388,88.9,11.6,0.602,0.5452,2,1.681,6, 5,8,0.8281,0.81057,6,2,54.3,0,3,25,10.5,0
51.6,0.847,10,0.92,1013.1,64.26,52.375,0.24607,1,23,0.28,0.60451,0.666,107.6,0.54944,1.316,85.3,7.1,0.861,0.84755,2,1.315,4, 4,8,0.681,0.80451,6,2,70.7,0.49215,3,32,5.4,0
26.4,0.933,4,4.25,1163.5,28.325,57.735,1.0064,0.622,15,0.25,0.9431,0.276,47.2,0,0.827,83.3,3,0.907,1.1324,2,1.712,3, 2,9,1.1471,0.95338,3,2,78.6,1.0644,2,30,1,0
69.2,0.963,6,7.78,1313.7,39.605,63.945,0.73788,1,34,1.16,0.11265,0.838,62.3,0,1.411,82.7,3.9,0.938,0.81716,2,2.022,5, 2,10,0.35623,0.94603,3,2,124,0.90655,2,57,-2.7,0
66,0,8,4.74,616.8,52.63,29.8,0,1,29,6.64,0.1324,1,67.1,0,1.855,34.1,-1.6,0.009,0.49462,3,1.026,5, 2,4,0.41869,0.88452,3,3,2.1,0,2,26,-2.3,0
33.3,0.776,10,-1.05,1051.1,63.65,52.675,0,1,36,-2.24,0.90066,0.066,113,0.60893,1.757,91.1,17.4,0.767,0.59722,2,1.397,5, 6,8,0.84248,0.88109,2,2,33.7,0,2,26,11.7,0
27.8,0.577,4,-2.34,1188.3,28.625,58.34,0,1,11,-1.48,0.56642,0.541,51.6,0,0.998,102.7,10.2,0.618,0.24363,3,1.601,6, 5,9,0.84795,0.51897,1,3,88.8,0,2,28,18.2,0
124.6,0.397,9,2.68,863,57.81,40.58,0.24786,1,53,5.72,0.71469,0.327,79.2,0.73925,1.745,61.6,-4,0.391,0.42093,1,1.288,2, 4,6,0.83207,0.59578,4,3,37.9,0.49573,2,21,2.9,0
124.6,0.79,9,5.71,1117.3,57.81,51.73,0,1,53,5.72,0.71469,1,79.2,0.73925,1.745,70.4,-4,0.78,0,3,1.667,2, 1,8,0.83207,0,4,3,57,0,2,21,-5.5,0
124.6,0.434,9,1.33,1074.3,57.81,51.595,0,1,53,5.72,0.71469,0,79.2,0.73925,1.745,82.5,-4,0.455,0.32003,3,1.581,2, 4,8,0.83207,0.55484,1,3,32.4,0,2,25,5.7,0
28.6,0.391,9,1.2,743.8,57.06,34.475,0,1,34,-3.63,0.5474,1,108.2,0,1.849,55.7,17.1,0.413,0.39928,1,1.115,5, 6,5,0.81484,0.77843,4,3,30.2,0,2,16,3.4,0
98,0.531,12,3.38,1047.2,75.225,45.73,0.75661,0.45,46,2.23,2.2195,0.56,115.4,1.4211,2.121,67.9,2.3,0.532,1.6895,1,1.699,4, 2,7,1.4424,1.4815,6,1,39.5,0.93905,1,39,-1.1,0
81,0.988,12,14.43,1172.8,77.03,66.04,1.4366,0.477,28,11.46,3.9484,0.218,91.5,3.2469,2.009,65.7,-12.1,0.988,1.9987,1,1.788,1, 2,10,0.51484,1.1348,2,1,83.7,1.0057,1,46,-17,0
73.2,0.983,11,16.02,1495.9,70.255,76.745,1.5915,0.524,33,7.84,1.5296,0.343,92.6,0.50544,2.175,80.7,-4.2,0.976,1.5476,1,2.377,3, 2,12,1.0623,1.1263,1,1,62.6,1.2075,1,52,-20,1
68.6,0.529,11,0.4,1618.1,69.935,68.185,0.30371,1,41,6.3,1.0766,0.804,98.6,0.81716,2.418,109.8,3.1,0.536,0.75245,1,2.686,3, 5,11,0.87697,0.88558,5,1,100.4,0.60742,1,41,12.8,0
68.6,0.995,11,14.98,2214.9,69.935,104.615,1.4596,1,41,6.3,1.0766,1,98.6,0.81716,2.418,130.1,3.1,0.99,1.2345,1,3.566,3, 4,17,0.87697,0.90034,5,1,215.2,0.87994,1,71,-12.2,1
55.7,0.736,8,-2.46,1508.7,52.02,74.745,0.30021,1,36,2.98,0.31593,0.892,75.2,0.30228,1.695,129.8,4.9,0.752,1.2753,1,2.04,6, 5,12,0.59256,1.2628,4,1,110.4,0.60041,3,38,14.8,0
66,1,10,5.96,1214.3,63.53,57.8,0,1,35,7.77,1.2957,1,84.3,1.1195,2.182,79.3,-8.5,0.998,1.3378,1,1.915,3, 1,9,1.0813,0.85556,3,1,42,0,1,27,-6.9,1
60.3,0.717,7,6.59,1587.9,46.3,81.435,0.4328,1,28,0.04,0.27442,0.68,73.6,0.24791,1.337,111.3,8.4,0.717,0.76324,1,2.334,6, 5,13,0.51339,0.87057,1,1,88.5,0.68434,1,44,-2.2,0
48.1,0.913,8,12.94,1631.2,53.525,88.38,0.3723,1,27,11.09,0.37126,0.719,54.8,0.37781,1.519,103.7,-12.5,0.913,1.1377,1,2.381,2, 2,14,0.64317,0.95312,1,1,114.7,0.64484,3,36,-12.8,1
60.3,1,7,-0.36,1014.1,46.3,51.9,0,1,28,0.04,0.27442,1,73.6,0.24791,1.337,84.1,8.4,0.156,0,1,1.334,6, 1,8,0.51339,0,2,1,7.8,0,1,29,9.3,0
60.3,0.912,7,1.99,1319.7,46.3,63.025,0.61286,1,28,0.04,0.27442,1,73.6,0.24791,1.337,92.1,8.4,0.811,0.39,1,1.981,6, 5,10,0.51339,0.63821,1,1,131.2,0.70957,1,44,6.1,1
69.8,0.967,8,16.44,1865.7,52.175,93.865,0.76451,1,31,7.26,0.3766,0.763,61.7,0.44803,1.872,107.6,-4.7,0.951,0.70242,1,2.89,3, 2,15,0.66776,0.70832,5,1,123.6,0.76453,1,40,-13.8,1
81.7,1,12,10.73,1165.5,77.81,65.61,0,1,34,12.01,1.0505,1,90.2,0.75896,1.931,74.6,-12.4,0.999,0.96828,3,1.64,2, 1,10,0.86228,1.0165,4,3,69.1,0,3,29,-11.7,0
99.8,0.706,10,6.47,616.8,64.345,35.61,0.38532,0,58,10.08,0.50608,0,79,0.5888,2.025,39.4,-12.3,0.687,0.92651,2,0.864,2, 2,5,0.66974,0.98826,2,2,48.5,0.6674,3,16,-7.3,0
104.6,1,9,9.88,1408.7,57.705,64.44,3.5248,0.858,47,4.46,1.1085,0.53,88.6,1.1613,2.045,82,-3.5,0.992,2.4455,2,2.239,4, 1,10,1.0498,1.2955,2,2,41,0.45337,1,16,-8.6,0
72.4,0.912,14,2.89,991.1,88.81,47.09,0.55355,0.452,46,13.19,1.9106,0.23,111.2,1.2968,2.748,71.8,-10.7,0.382,0.605,3,1.368,3, 6,7,1.1473,0.68181,2,3,11.8,0.684,1,15,4.6,0
72.4,0.972,14,8.59,1288.7,88.81,65.11,0.99718,0.624,46,13.19,1.9106,0.775,111.2,1.2968,2.748,83.4,-10.7,0.984,1.6445,3,1.837,3, 2,10,1.1473,1.0376,3,3,46.1,1.05,1,31,-3.5,0
131.2,0.225,9,2.16,813,58.585,40.92,0,1,32,2.72,0,0.666,85.8,0,1.552,60.7,5.4,0.381,0.65752,3,1.121,5, 3,6,0,0.96766,2,3,38.1,0,3,23,4.2,0
60.3,0,9,-1.32,468.4,58.255,22.995,0,1,31,3.53,0.95388,1,91.9,0.68524,1.883,44.9,2.8,0.107,0.5451,3,0.548,6, 6,3,0.79402,0.80984,3,3,6,0,3,16,5.8,0
60.3,0.526,9,0.33,696.6,58.255,29.015,0,1,31,3.53,0.95388,0,91.9,0.68524,1.883,53.4,2.8,0.42,0.14454,3,1.046,6, 4,4,0.79402,0.43362,6,3,71.9,0,3,27,5.1,1
104.6,0.989,9,1.65,1216.1,57.705,52.17,0.99466,0.306,47,4.46,1.1085,0.367,88.6,1.1613,2.045,88.3,-3.5,0.547,1.1026,3,1.815,4, 6,8,1.0498,0.86874,4,2,34,0.86961,1,32,4.5,0
99.8,0.638,10,6.58,889,64.345,40.745,0,1,58,10.08,0.50608,0,79,0.5888,2.025,51.9,-12.3,0.535,0.24346,3,1.447,2, 3,6,0.66974,0.54438,4,2,57,0,3,18,-8.5,0
131.2,0.766,9,7.74,1264.8,58.585,65.265,1.0023,0.621,32,2.72,0,0.454,85.8,0,1.552,84.5,5.4,0.707,0.68493,3,1.843,5, 2,10,0,0.92932,2,3,45.5,1.0586,3,28,-2.1,0
131.2,0.808,9,5.58,753.1,58.585,41.335,0,1,32,2.72,0,0,85.8,0,1.552,48.4,5.4,0.803,0.83719,3,1.097,5, 2,6,0,1.1336,1,3,37.4,0,3,23,-4.1,0
69.1,0.264,10,3.87,753.9,65.61,47.745,0,1,29,10.73,0.96828,0,74.6,0,1.64,65.5,-11.7,0.381,0.24588,3,0.843,1, 1,7,1.0165,0.49175,2,3,15.3,0,3,13,-1.1,0
69.1,0.871,10,12.01,1383.9,65.61,77.81,0.75896,1,29,10.73,0.96828,0.575,74.6,0,1.64,90.2,-11.7,0.868,1.0505,3,1.931,1, 2,12,1.0165,0.86228,1,3,81.7,0.75908,3,34,-12.4,1
45.5,0.32,10,6.55,894.3,65.265,47.615,0,1,28,7.74,0.68493,0,84.5,1.0023,1.843,57.1,-2.1,0.294,0.15464,3,1.326,2, 6,7,0.92932,0.40913,5,3,6.4,0,3,16,-3.2,0
32,0.64,9,2.72,1125.4,52.565,58.585,0,1,23,1.63,0.16593,1,80.3,0,1.576,85.8,6.3,0.648,0,3,1.552,2, 5,9,0.439,0,1,3,131.2,0,3,32,5.4,0
46.1,0.801,10,4.69,1075.4,65.11,52.82,1.3309,0.623,31,8.59,1.6445,0.584,83.4,0.99718,1.837,72.5,-3.5,0.701,0.97763,3,1.559,2, 1,8,1.0376,0.91327,5,3,17.3,1.0224,3,31,0.1,0
71.9,0.858,4,3.53,1288.3,29.015,58.255,0.68524,1,27,0.33,0.14454,0.533,53.4,0,1.046,91.9,5.1,0.843,0.95388,3,1.883,4, 6,9,0.43362,0.79402,1,3,60.3,0.69157,3,31,2.8,0
71.9,0.714,4,4.46,1320.3,29.015,57.705,1.1613,1,27,0.33,0.14454,0.748,53.4,0,1.046,88.6,5.1,0.653,1.1085,1,2.045,4, 4,9,0.43362,1.0498,3,1,104.6,1.0544,3,47,-3.5,1
46.1,1,10,13.19,1805.1,65.11,88.81,1.2968,0.488,31,8.59,1.6445,0.506,83.4,0.99718,1.837,111.2,-3.5,1,1.9106,1,2.748,2, 3,14,1.0376,1.1473,4,1,72.4,0.86336,3,46,-10.7,1
57,0.084,6,5,647.7,40.745,29.055,0,1,18,6.58,0.24346,0,51.9,0,1.447,36.2,-8.5,0.057,0.13556,3,1.081,3, 4,4,0.54438,0.38342,2,3,7.7,0,3,25,-6.9,0
57,0.894,6,10.08,1307.5,40.745,64.345,0.5888,1,18,6.58,0.24346,0.74,51.9,0,1.447,79,-8.5,0.781,0.50608,3,2.025,3, 2,10,0.54438,0.66974,4,3,99.8,0.6799,3,58,-12.3,1
22.4,0.241,7,3.46,779.8,47.56,40.73,0,1,15,6.53,0.15384,0,58,0,1.028,56.5,-6.6,0.209,0.18978,3,1.088,4, 1,6,0.40704,0.46486,2,3,4.4,0,3,15,-4.6,0
77,0.088,12,6.84,854.1,76.245,41.09,0,1,53,4.25,1.9207,0,114.6,1.5619,2.268,48.5,8.8,0.219,0.15468,3,1.332,2, 2,6,1.0473,0.40925,6,3,22.4,0,3,18,-6.7,0
102.7,0.592,12,4.13,1028.4,76.26,46.315,1.6417,0.537,34,12.31,3.2335,0.282,91.1,3.7337,2.628,64.8,-11.3,0.592,2.6632,2,1.689,2, 2,7,0.55872,1.7124,2,2,22.1,1.2813,2,37,1.3,0
40.4,0,7,3.86,933.1,47.36,47.14,0,1,27,1.87,0.84054,0,71.5,0,1.061,66.9,4.8,0.05,0.4441,3,1.347,6, 5,7,0.99117,0.8598,3,3,1,0,2,17,1.2,0
40.4,0.625,7,0.68,760.7,47.36,41.225,0,1,27,1.87,0.84054,0.422,71.5,0,1.061,67,4.8,0.665,1.2175,3,0.865,6, 2,6,0.99117,1.189,4,3,1.5,0,2,20,5.8,0
33.5,0.942,6,10.93,1506.9,41.885,77.935,1.797,1,24,3.37,1.4387,0.828,58.5,0.91249,0.884,95.6,0.2,0.936,1.7374,3,2.26,3, 4,12,1.1112,1.0933,2,3,81,1.0341,2,30,-6.5,0
0,0.068,6,1.92,659.7,41.24,35.295,0,1,11,2.43,0,0,61,0,0.933,53.3,0.4,0.064,0.5592,2,0.86,1, 6,5,0,0.82499,4,3,1.8,0,3,15,0.5,0
102.7,0.577,12,10.65,1454.1,76.26,63.74,0.76231,0,34,12.31,3.2335,0,91.1,3.7337,2.628,75.1,-11.3,0.576,1.054,2,2.533,2, 2,10,0.55872,0.86416,2,2,39.6,0.76232,2,24,-9.6,0
102.7,0.921,12,6.36,1434,76.26,63.41,2.5646,0.772,34,12.31,3.2335,0.432,91.1,3.7337,2.628,84.8,-11.3,0.921,3.3645,2,2.392,2, 5,10,0.55872,1.6385,6,3,16.8,1.5404,2,26,-0.4,1
45.4,0.339,4,-0.68,1007.2,28.59,45.735,0,1,19,-2.33,0.16715,0.458,54.3,0,0.671,75.9,8.9,0.461,0.38393,3,1.446,6, 3,7,0.44224,0.60997,5,3,47.8,0,3,22,7.8,0
45.4,0.186,4,-3.39,1050.2,28.59,45.105,0,1,19,-2.33,0.16715,0.621,54.3,0,0.671,81.5,8.9,0.233,0.86088,3,1.551,6, 5,7,0.44224,1.1942,3,3,15.9,0,3,21,12.6,0
44.3,0.903,7,2,1875.3,45.63,86.315,0.51967,1,36,-0.38,0.35722,0.868,75.3,0,1.492,138.3,7.1,0.864,0.78132,3,2.731,6, 3,14,0.62076,0.83352,5,3,97,0.6709,2,53,12.7,1
79,0,9,-2.09,1074.3,58.16,44.81,1.608,0,29,2.71,0.15251,0,91.3,0.30502,1.72,79.2,5.6,0.35,1.5482,3,1.704,4, 6,7,0.4035,0.92987,5,2,0,0.8978,1,24,11.9,1
79,0.522,9,-2.68,884,58.16,39.485,0,1,29,2.71,0.15251,0.468,91.3,0.30502,1.72,74.8,5.6,0.534,1.0499,2,1.266,4, 5,6,0.4035,1.2359,6,3,32.6,0,1,29,14.2,0
79,0.987,9,7.84,1479,58.16,69.615,0.76496,1,29,2.71,0.15251,0.717,91.3,0.30502,1.72,92.3,5.6,0.926,1.1872,2,2.348,4, 2,11,0.4035,1.0349,5,2,94,0.76496,1,24,-2.3,0
62.7,0.488,8,5.53,690,53.08,35.21,0,1,32,6.95,0.6258,0,68.8,0.61743,1.308,41.3,-4.2,0.463,0.4465,3,1.102,2, 3,5,0.68871,0.80693,2,2,47.3,0,3,11,-4.4,0
26.2,0.363,5,-0.57,518.6,35.145,29.025,0,1,25,1.26,0,0,53.2,0,0.835,48.2,2.2,0.355,0.16252,3,0.607,1, 5,4,0,0.45968,3,3,41.9,0,3,10,5,0
57.9,0.736,7,7.54,802,45.765,34.6,0.73612,1,28,9.2,1.1876,1,54.9,1.1572,1.9,39.4,-12.8,0.629,0.71474,3,1.403,4, 2,5,0.99128,0.83133,3,3,37.5,0.90459,2,22,-10.3,1
24,0.994,6,12.51,1515.8,41.745,76.33,2.0521,0.812,23,6.42,0.66789,0.754,49.4,0,1.067,93.1,-6,0.995,2.6206,3,2.352,1, 3,12,0.67267,1.1735,2,3,135.3,1.3655,3,42,-14.3,1
39.3,0.592,6,4.26,767.9,41.585,40.49,0,1,23,4.89,0.37224,0.637,52.8,0,0.885,55.4,-3.9,0.573,0.57782,1,1.046,2, 3,6,0.58869,0.95224,3,3,17.2,0,3,16,-4.1,0
119.7,0.964,9,10.6,1183.5,58.785,51.905,1.4406,0.476,33,10.59,0.92787,0.371,70.1,1.0754,2.03,60.4,-10.7,0.775,1.175,3,2.04,2, 2,8,0.9191,0.97781,3,3,35,1.0088,2,32,-13.9,1
135.3,1,12,6.42,743.9,76.33,41.745,0,1,42,12.51,2.6206,1,93.1,2.0521,2.352,49.4,-14.3,0.805,0.66789,3,1.067,3, 1,6,1.1735,0.67267,2,2,24,0,3,23,-6,0
17.2,0.008,6,4.89,697.8,40.49,41.585,0,1,16,4.26,0.57782,0.491,55.4,0,1.046,52.8,-4.1,0.271,0.37224,3,0.885,3, 2,6,0.95224,0.58869,1,3,39.3,0,1,23,-3.9,0
42.7,0.304,4,4.26,824.9,28.49,46.555,0,1,24,2.31,0.42321,1,41.7,0,0.694,64.4,-2.8,0.443,0.62483,3,1.046,3, 2,7,0.59929,0.8431,2,3,59.7,0,1,25,-4.1,0
52.1,0.703,8,5.53,812.9,51.585,40.6,0,1,31,7.54,0.66587,1,67.2,0.21979,1.676,53.2,-9.7,0.722,0.38425,3,1.216,4, 3,6,0.85752,0.61044,2,3,46.1,0,1,27,-7.1,0
37.5,0.886,5,9.2,1084.3,34.6,45.765,1.1572,1,22,7.54,0.71474,0.836,39.4,0.73612,1.403,54.9,-10.3,0.802,1.1876,2,1.9,2, 4,7,0.83133,0.99128,3,3,57.9,1.051,3,28,-12.8,1
33,0.782,5,9.54,1327.5,35.5,71.4,0.50378,0,29,2.39,0.86004,0.729,52.8,0.70719,1.066,89.6,1.4,0.873,1.4948,3,1.962,3, 1,11,0.8978,1.0304,6,3,65.6,0.71245,3,41,-7.4,0
38.5,0.878,9,10.41,1562,59.1,64.315,1.022,1,27,5.37,0.28449,0.799,88.4,0,2.021,81.5,1.2,0.877,0.9133,3,2.726,5, 4,10,0.5328,0.85485,6,3,91.6,0.90366,1,62,-9.8,1
101.6,0.926,13,9.48,1660.1,82.31,82.585,1.4779,1,29,10.17,2.3501,0.889,109,1.3525,2.439,112.5,-4.7,0.874,1.1843,3,2.501,4, 2,13,1.4983,1.0093,2,3,120,1.0506,1,52,-2.5,0
101.6,1,13,13.47,1408.9,82.31,71.28,1.0116,1,29,10.17,2.3501,0.71,109,1.3525,2.439,81.3,-4.7,0.998,1.2659,3,2.263,4, 2,11,1.4983,0.88411,2,3,89.2,0.71533,1,35,-14.3,0
85.1,0.041,9,-1.83,654.9,58.34,28.45,0,1,24,-2.34,0.11299,0,102.7,0,1.601,50.6,18.2,0.038,0.16883,2,1.066,5, 5,4,0.35732,0.47752,2,2,0,0,3,11,10.2,0
64.8,0.549,8,0.25,641.7,52.035,34.39,0,1,26,4.29,1.0161,0.6,74.1,0.77812,1.65,56.2,0.7,0.554,0.9675,2,0.827,2, 3,5,0.8296,1.181,4,3,47.2,0,2,17,3,0
64.8,0.966,8,0.78,1013.2,52.035,51.56,0.69036,0.552,26,4.29,1.0161,0.186,74.1,0.77812,1.65,82,0.7,0.91,1.0262,3,1.383,2, 4,8,0.8296,0.85977,3,2,11.7,0.6978,2,24,6.6,0
29.2,0.9,6,3.64,1474.8,41.465,76.18,0.30109,1,19,6.37,2.0345,0.222,48.1,2.7875,1.428,113.9,-2.1,0.873,0.7551,2,2.041,3, 5,12,1.0363,0.90814,3,2,92.9,0.60218,2,27,9.2,1
85.1,0.823,9,-3.24,899.1,58.34,40.18,0,1,24,-2.34,0.11299,0,102.7,0,1.601,75.9,18.2,0.823,1.2352,2,1.322,5, 2,6,0.35732,1.3005,5,2,38.7,0,3,17,16.2,0
85.1,0.276,9,-1.48,655.8,58.34,28.625,0,1,24,-2.34,0.11299,0,102.7,0,1.601,51.6,18.2,0.275,0.58267,2,0.998,5, 6,4,0.35732,0.88049,5,2,20.5,0,3,10,10.2,0
109.9,0.875,14,3.83,1081.3,86.65,45.405,1.0247,0,55,3.97,0.50549,0,132.3,0.40406,3.049,65.9,6.8,0.875,2.0444,2,1.849,2, 4,7,0.67026,1.3715,5,2,36.9,0.89619,1,29,-2.3,0
111.4,0,11,-1.78,472.6,68.885,22.31,0,1,41,3.45,0.62135,1,103,0.6072,2.267,39.6,2.3,0.15,0,3,0.68,5, 5,3,0.68272,0,3,2,22.2,0,3,14,5.9,0
41.8,0.201,4,-0.76,791.9,28.82,40.075,0,1,16,1.19,0.13364,1,43.8,0,0.888,66.8,2.3,0.385,0,3,1.075,2, 3,6,0.42261,0,5,3,42.2,0,2,26,6.4,0
111.4,0.353,11,5.46,1387.6,68.885,63.485,0,1,41,3.45,0.62135,1,103,0.6072,2.267,89.5,2.3,0.339,0.18364,3,2.212,5, 6,10,0.68272,0.48586,1,3,41.1,0,3,36,-3.3,0
52.3,0.424,7,3.83,1395.6,46.025,62.84,0,1,20,4.75,0,0,64.2,0,1.369,96.5,-3.2,0.39,0.45278,2,2.202,1, 3,10,0,0.64321,5,2,12.4,0,3,30,1.2,0
43.9,0.542,10,-0.45,1064.3,64.32,51.98,0.61594,0,32,-0.34,0.59607,0,107.3,0,1.802,88.8,12.9,0.54,0.90661,2,1.445,6, 5,8,0.87703,0.84865,3,2,36.9,0.7544,2,22,10.6,0
52.3,0.838,7,3.54,1210.4,46.025,57.285,0.3969,1,20,4.75,0,0.512,64.2,0,1.369,86,-3.2,0.695,0.49366,2,1.768,1, 2,9,0,0.65483,3,2,119.6,0.62756,3,45,0,0
50.5,0.885,6,-2.31,1184.4,40.905,58.225,0.31491,0,23,-2.51,1.2389,0.314,73.9,0,1.045,102.8,14,0.831,0.49928,2,1.613,1, 6,9,0.79703,0.64784,2,3,53.5,0.54545,3,32,17.4,1
70.7,0.969,7,2.52,1423.6,45.525,63.495,1.7846,0.698,23,1.07,1.1742,0.673,72.9,0,1.595,100.2,3,0.944,1.4188,2,2.138,6, 3,10,1.2371,0.95115,2,2,119.6,0.84592,1,45,6.3,0
47.3,0.077,8,-2.01,487.5,51.815,22.775,0,1,30,0.37,0.53832,0,88.9,0,1.57,44.5,7.7,0.073,0.30173,3,0.629,5, 6,3,0.79974,0.56714,3,3,6.8,0,2,12,8.6,0
29.2,0.87,6,7.05,1341.7,41.465,64.19,1.6558,0.764,19,6.37,2.0345,0.531,48.1,2.7875,1.428,86.5,-2.1,0.803,1.7365,2,2.065,3, 2,10,1.0363,1.2128,3,2,46.2,1.0509,2,27,8.88E-16,0
60.4,0.544,10,5.87,1234.6,64.82,58.575,0.19031,1,22,9.21,0.24857,0.25,79.5,0,2.159,80.1,-4.1,0.461,0.48535,2,1.96,3, 5,10,0.55582,0.83384,2,2,40.9,0.46616,3,28,1.4,0
60.4,0.466,10,5.06,924.2,64.82,40.26,0.39765,1,22,9.21,0.24857,0.503,79.5,0,2.159,50.4,-4.1,0.448,0.5026,2,1.584,3, 2,7,0.55582,0.66655,5,2,72.5,0.62874,3,35,-2.2,0
56.8,0.793,7,2.19,914,46.42,46.26,0,1,25,5.38,0.86865,0,62.5,0.70455,1.415,72.1,-5.3,0.709,0.51167,3,1.187,3, 3,7,0.91016,0.84935,6,3,55.2,0,1,20,-0.1,0
97.6,0.811,11,6.14,769.9,69.1,34.81,0,1,48,5.29,0.73082,0,98.6,0,2.232,41.1,-2,0.552,0.20849,3,1.261,2, 1,5,1.0256,0.51069,4,3,48.8,0,1,14,-9.1,0
41,0.572,5,-0.79,1223.2,35.815,63.785,0,1,24,0.74,0.49286,0,54.7,0.31378,0.713,102.2,4.2,0.569,0.11223,3,1.61,6, 5,10,0.63915,0.3549,2,3,108.2,0,3,31,6.7,0
39.3,0.657,3,5.17,1407.4,22.745,69.935,0.30364,1,20,1.27,0.33617,0.232,37.9,0.30711,0.802,104.6,1.2,0.653,0.72682,3,2.085,4, 6,13,0.58516,0.84688,2,3,89,0.60729,3,41,-2.1,0
39.3,0.657,3,5.17,1407.4,22.745,69.935,0.30364,1,20,1.27,0.33617,0.232,37.9,0.30711,0.802,104.6,1.2,0.653,0.72682,3,2.085,4, 6,13,0.58516,0.84688,2,3,89,0.60729,3,41,-2.1,0
89.2,1,11,6.77,1300.4,70.075,63.89,4.3596,0.948,45,6.76,0.83075,0.867,95.9,0,2.068,88.5,-7.6,1,3.9879,1,1.904,3, 4,10,1.2395,0.6463,1,1,96.3,0.27392,3,40,-6.6,0
95.1,0.34,8,1.04,736.7,45.595,34.865,0,1,26,2.05,0.56753,1,71.6,0.18968,1.811,55.7,-0.5,0.395,0.12287,1,1.127,5, 4,5,0.78852,0.36862,1,3,21.7,0,2,13,1.6,0
53.2,1,8,0.5,787.8,50.64,39.86,2.6704,1,24,-2.29,0.62308,0.819,91.6,0.30246,1.319,65.2,7,0.781,1.3365,2,1.012,4, 3,6,0.70203,1.1001,3,2,85.6,0.22752,3,30,-0.5,0
105.9,1,13,3.55,899,80.645,40.35,0,1,37,2.66,1.0375,0.733,128.1,1.0689,2.219,59.1,0.8,1,3.6534,2,1.476,4, 1,6,0.90756,0.55232,2,2,24.2,0,1,10,-3,1
30.2,0.748,6,2.42,1087.4,40.565,52.22,0.3122,1,23,-0.34,0.43423,0.327,69.1,0,1.25,80.4,8.2,0.746,0.47667,3,1.63,5, 6,8,0.83815,0.616,6,3,58.7,0.54074,1,38,6.4,1
58.7,0.508,10,5.98,1072.3,64.145,52.69,0,1,28,5.03,0.62821,0.317,94.9,0,1.903,73.5,2,0.524,0.92226,3,1.558,2, 2,8,0.84925,0.96846,6,3,37.6,0,1,26,-1.2,1
36.1,0.657,8,4.32,1100.4,53.26,52.605,0.75988,1,25,8.87,0.59864,0.914,61.4,0.50309,1.664,74.2,-6.4,0.724,1.4021,1,1.708,1, 2,8,0.69548,1.1423,2,3,54.3,0.9437,2,32,2.9,1
36.1,0.917,8,11.6,1195.7,53.26,59.02,0.766,0.501,25,8.87,0.59864,0.733,61.4,0.50309,1.664,62.8,-6.4,0.92,0.71738,3,1.971,1, 2,9,0.69548,0.72266,2,1,75.7,0.766,2,27,-11.3,1
36.1,0.944,8,5.17,539.7,53.26,30.05,0.37537,1,25,8.87,0.59864,1,61.4,0.50309,1.664,34.9,-6.4,0.932,0.34362,3,0.757,1, 2,4,0.69548,0.59854,2,3,45.8,0.65016,2,15,-3.6,1
64.7,0.642,9,4.21,1573.8,56.515,74.07,0.20842,1,23,2.46,1.8437,0.179,85.1,0.70917,1.796,111.8,-2.4,0.627,0.74176,2,2.35,3, 5,12,1.0202,1.0445,3,2,60.6,0.51052,2,29,-1.3,0
31.4,0.685,10,2.69,1002.3,64.305,58.805,0,1,23,4.01,0.53704,0.785,94.7,0,1.521,86.1,-1.3,0.687,0.85208,2,1.186,1, 6,9,0.66172,1.159,2,2,28.2,0,3,18,2.1,1
64.7,0.968,9,3.83,1610.9,56.515,79.79,2.2925,1,23,2.46,1.8437,0.883,85.1,0.70917,1.796,118.9,-2.4,0.968,2.3086,2,2.224,3, 4,13,1.0202,1.0234,2,2,101.9,1.2446,2,49,-2.4,1
40,0.951,11,5.31,1765.9,68.73,85.675,0.36258,1,35,5.97,0.72122,0.54,93.4,0,2.173,125.1,-9.1,0.951,1.2184,2,2.511,3, 3,14,0.87466,1.3517,3,2,99.2,0.62906,2,44,-4.8,1
56.6,0.842,8,9.95,1894.3,52.535,86.67,0.6967,1,35,9.07,1.0617,0.873,61.7,0.85994,2.126,114.5,-8.6,0.846,0.87296,2,2.959,6, 3,14,0.89137,0.77391,3,2,113,0.69672,2,51,-10.9,0
79.2,0.228,13,1.79,745.9,81.585,34.93,0,1,44,4.17,1.5804,0,120.4,1.0877,1.977,51.4,0.3,0.193,0.14764,3,1.119,3, 6,5,1.2423,0.41759,2,2,38.6,0,3,12,2.2,1
79.2,0.801,13,10.5,1732.2,81.585,80.965,0.21859,0,44,4.17,1.5804,0.404,120.4,1.0877,1.977,103.4,0.3,0.803,0.81052,2,2.712,3, 5,13,1.2423,0.92673,3,2,103.6,0.53542,3,45,-9.8,1
38.6,0.014,6,-2.12,536.5,39.41,22.185,0,1,17,-2.07,0.89736,1,72.5,0,1.434,44.8,11.7,0.122,0,3,0.806,5, 4,3,1.2518,0,6,3,12.1,0,1,11,7.5,0
44.6,0.629,7,-3.09,1440.4,44.985,67.45,0.4226,1,28,-1.61,0.31701,0.671,79,0,1.446,120.5,7.9,0.651,0.74693,3,2.101,4, 5,11,0.59481,0.86842,4,3,55.2,0.66825,3,33,12.4,0
51.8,0.779,9,-4.67,1390.5,56.12,61.92,0.22578,1,33,-1.97,1.3621,0.791,96.6,1.1773,2.231,114.9,13.1,0.837,0.63554,3,2.078,5, 4,10,1.1842,0.81649,4,3,85.2,0.50485,1,45,19.7,0
52.6,0.161,10,-1.41,834.9,61.815,39.895,0,1,26,-2.29,0.39058,1,106.8,0.40545,2.096,70,13.9,0.23,0.1373,3,1.211,5, 5,6,0.63913,0.38834,4,3,34.1,0,3,29,8.7,0
36.7,0.861,9,5.12,1035.3,57.745,46.165,0.9888,1,24,6.11,1.1231,0.739,77.9,0.37906,1.996,61.5,-2.1,0.863,1.6235,2,1.676,4, 6,7,1.2739,1.045,2,2,35,0.86364,1,30,-1.9,1
35,0.983,7,6.39,1652,46.165,75.575,1.4389,1,30,5.12,1.6235,0.686,61.5,0.9888,1.676,105.2,-1.9,0.98,1.5021,1,2.615,6, 2,12,1.045,1.0466,4,1,150.2,1.0087,2,48,0.3,1
77.8,0.309,4,1.24,656.7,28.74,28.775,0,1,21,2.54,0.35672,0,41.4,0,1.375,46.5,-2,0.293,0.41928,1,1.053,6, 5,4,0.61977,0.8025,1,3,26.7,0,3,17,3.1,1
64.3,0.629,7,-1.78,657.7,45.63,34.13,0.60209,0.495,33,2.61,0.24175,0.124,66.9,0,1.471,62.6,-0.6,0.629,1.3397,3,0.794,3, 5,5,0.54056,1.0378,4,1,29.6,0.73748,1,10,8.8,0
77.8,0.509,4,-0.03,877,28.74,33.87,0.27598,0,21,2.54,0.35672,0,41.4,0,1.375,57.3,-2,0.509,0.73849,1,1.502,6, 4,5,0.61977,0.90517,5,1,60.2,0.55204,3,42,5.3,1
70.2,0.85,8,2.01,1143.2,51.81,51.485,0.77039,0.717,29,3.67,0.21362,0.565,76.3,0,1.908,79.7,-0.9,0.864,1.1421,1,1.705,3, 5,8,0.47808,1.2056,4,1,84.6,0.95537,3,49,-0.1,0
92.7,0.736,10,-3.28,737.8,63.295,33.655,0.81005,0,40,-0.07,0.34435,0,103.5,0.38067,1.885,66,10.6,0.736,1.741,1,1.041,6, 5,5,0.60083,1.3311,4,1,23.4,1.0416,3,10,10.8,0
18.9,0.225,5,1.55,711.8,33.815,34.96,0.2158,0,19,-1.43,0,0,59.1,0,1.115,53.5,8.8,0.223,0.67172,1,1.002,2, 5,5,0,0.93631,4,1,2.2,0.5286,3,16,3,0
92.7,0.716,10,0.62,1018.1,63.295,52.14,0.88002,0.75,40,-0.07,0.34435,0.59,103.5,0.38067,1.885,83.2,10.6,0.752,1.6414,1,1.333,6, 4,8,0.60083,1.2179,5,1,38.9,0.97609,3,45,6.7,0
79.6,0.992,13,0.3,774.8,74.98,39.925,1.2804,0,31,8.04,2.8961,0.108,101.4,3.5571,2.048,67.5,-4.9,0.992,2.3406,3,0.9,6, 3,6,0.8329,1.2097,2,3,2.5,0.98993,2,17,5.7,1
5.9,0.786,8,0.08,1380.5,52.31,63.01,0,1,20,1.77,0.87213,0.508,78.3,0.45565,1.68,103.5,7.5,0.849,0.44686,3,1.992,3, 3,10,0.92626,0.635,2,3,83.2,0,2,32,11,0
21.1,0.907,9,2.42,1822.1,57.315,86.58,0.51695,1,33,1.87,0.4447,0.758,85.9,0,1.92,131.9,3.2,0.923,0.45483,3,2.734,5, 3,14,0.76067,0.64339,4,3,98.3,0.66739,3,54,6.2,1
39.5,0.983,9,0.95,1499.5,58.405,87.5,0,1,30,2.7,1.0668,0.755,89.6,0.70569,1.123,139.3,-0.9,0.961,0.62829,3,1.658,3, 6,14,0.81709,0.84819,1,3,105,0,3,47,7.9,0
46.9,0.941,8,5,1787.9,52.64,87.665,0.72851,1,28,2.49,1.4845,0.504,77.4,2.0074,1.393,131.9,2.2,0.91,0.92044,2,2.636,3, 5,14,0.79634,0.89619,1,3,67.6,0.88808,3,49,2.2,0
98.2,0.353,10,2.31,846,58.525,40.47,0.39741,1,33,3.12,0.34729,0.602,86.6,0.52094,1.603,60,1.8,0.373,1.1229,2,1.246,3, 5,6,0.60154,1.1452,6,2,32.1,0.62936,3,32,2.1,0
66.6,0.626,8,7.93,969.3,52.945,53.465,0.95908,0.793,20,9.48,0.59715,0.825,59,0.49289,1.651,62.8,-9.8,0.603,0.72214,3,1.446,1, 2,8,0.69297,0.83911,1,3,90.2,0.8888,1,38,-7,0
30.8,0.549,5,3.86,840.9,35.375,40.71,1.1221,0.409,10,3.55,1.0648,0.188,48.5,0.38397,1.005,57.9,-3.6,0.549,1.626,3,1.233,6, 3,6,1.2088,1.3032,1,1,35.2,1.3225,1,18,-2.6,0
