hydrophilicity_target,hydrophilicity_intra,hydrophilicity_mirror,_pssm,residue_contacts_target,dparea,psi,residue_contacts_mirror,carea,isopoint_mirror,_stride,isopoint_intra,sd_dpx_target,isopoint_target,energy_contribute,rasa_pssm,un,residue_contacts_intra,hydrophobicity_target,B_value,dn,polarizability_target,info,SASA comp/ave,polarity_target,ave_dpx_target,sd_dpx_intra,sd_dpx_mirror,hydrophobicity_mirror, darea,hydrophobicity_intra,classtarget
60.2,48.1,103.6,24.5,34,48.8,-25.35,38,28,8.2,0.266304348,-1.3,1.0329,5.9,1.8,0.133152174,7,10,5,28.54,17,-0.64,0.78,0,777.8,33.87,0.76454,0.79267,9,71.7,4,nonhotspot
93.2,48.1,103.6,0.8,30,21.7,-42.31,38,1.9,8.2,0.097826087,-1.3,1.7108,11.5,1.4,0.004347826,16,10,8,28.48,13,-2.37,1.21,0,1170.2,50.64,0.76454,0.79267,9,32,4,nonhotspot
48.1,93.2,103.6,49.7,10,11.2,-40.51,38,34.6,8.2,0.423232323,11.5,0.76454,-1.3,0.4,0.251010101,8,30,4,41.13,13,1.23,0.17,0.496008737,663.6,27.965,1.7108,0.79267,9,15.8,8,nonhotspot
72.6,93.2,103.6,25.7,32,29.2,-41.94,38,32,8.2,0.305583756,11.5,1.2733,0.2,-0.8,0.130456853,9,30,7,29.39,16,1.01,0.18,0.680245506,990,45.275,1.7108,0.79267,9,47.9,8,nonhotspot
62,57.8,72.7,36.1,33,41.9,-48.17,33,35.5,0.6,0.281081081,-6.2,0.97765,4.1,-2.6,0.162612613,12,19,6,30.42,11,1.36,0.17,0.692919695,893.1,40.705,1.4044,1.943,8,74.3,7,nonhotspot
95.2,63.7,75.6,0.4,31,36.9,-40.52,43,1.7,3,0.273780488,-9.7,1.6233,-3.8,-3.7,0.002439024,17,29,11,31.2,13,7.02,0.11,0.052040742,1601.9,69.89,0.43798,0.91362,8,52.1,8,nonhotspot
63.7,95.2,56.7,76.2,29,68.8,2.6,22,57.5,-1.5,0.486868687,-3.8,0.43798,-9.7,-1.9,0.384848485,14,31,8,45.11,12,10.1,0.15,1.038302933,1209.3,53.96,1.6233,0.46825,6,96.9,11,nonhotspot
67.3,74.5,133.2,0.7,18,10.2,-27.13,35,0.5,0.6,0.274615385,4.5,0.45687,3.4,0.2,0.005384615,12,21,7,46.26,13,2.4,0.17,0.029928713,987.3,46.57,0.35613,1.7968,15,8,7,nonhotspot
55.7,74.5,133.2,42.6,13,15.6,-0.7,35,19,0.6,0.354123711,4.5,0.53027,6.8,-4.9,0.219587629,16,21,5,39.07,11,0.32,0.25,0.545668613,841.1,34.38,0.35613,1.7968,15,21,7,nonhotspot
64.3,48,83.3,22.7,27,54.1,-2.87,36,22.8,-2.2,0.500769231,-4,0.89564,-1.4,-1.7,0.174615385,5,17,7,32.27,14,4.88,0.07,0.588456899,954.2,46.545,0.38991,1.257,9,42.3,5,nonhotspot
97.8,64.3,143.3,20.5,29,36.4,169.81,60,26.5,4.9,0.515286624,-1.4,0.63025,2.9,-1.3,0.130573248,8,27,10,31.79,15,2.92,0.31,0.316728777,1259.4,63.18,0.89564,1.9951,15,38.7,7,nonhotspot
106,97.8,84.4,55.8,45,53.5,-45.79,27,56.4,5.9,0.391532258,2.9,0.57493,16.4,0.2,0.225,15,29,9,43.68,12,-3.37,0.61,0.772994014,1343.4,56.545,0.63025,1.2714,8,107.7,10,nonhotspot
71.9,106,63.2,110.1,21,17.6,-62.79,17,99.2,8.2,0.627835052,16.4,0.13556,8.4,1.6,0.567525773,6,45,6,53.69,11,-2.29,0.36,1.488379989,802.8,39.265,0.57493,0.45037,5,23.7,9,nonhotspot
87.3,65,84.4,43.9,26,39.6,4.85,27,23.3,5.9,0.32020202,-2.9,0.59077,9.6,0.7,0.221717172,13,25,8,33.28,9,-0.33,0.3,0.669011542,1213.4,51.37,3.509,1.2714,8,55.8,7,nonhotspot
99.6,110.7,81.6,2.4,33,12.6,-38.04,24,4.5,5.7,0.095945946,15.6,1.1915,9.2,1.1,0.010810811,19,35,10,24.2,16,-0.38,0.01,0.05805561,1408.8,62.955,0.76842,0.28409,8,22.4,10,nonhotspot
97.3,110.7,81.6,20.8,37,17.3,-44.79,24,26.4,5.7,0.218548387,15.6,1.1137,7.7,-5.5,0.083870968,16,35,9,29.32,16,-0.38,0.03,0.324060039,1341.5,57.12,0.76842,0.28409,8,34.7,10,nonhotspot
110.7,97.3,140.8,3,35,30.5,-50.07,62,6.8,5.3,0.348292683,7.7,0.76842,15.6,1.1,0.014634146,16,37,10,35.02,17,-2.29,0.21,0.072887125,1461.7,63.34,1.1137,1.2026,15,49.8,9,nonhotspot
126,67.1,109.3,5.8,40,59.6,-35.06,45,5.8,5.2,0.49202454,5.7,1.2676,17.2,-5,0.035582822,14,24,11,22.82,17,-3.8,0.05,0.110415466,1567.7,68.15,2.4956,1.53,11,61.2,6,nonhotspot
67.1,126,140.8,8.6,24,18.5,-48.07,62,11.6,5.3,0.447804878,17.2,2.4956,5.7,0.8,0.04195122,21,40,6,27.09,12,0.91,0.23,0.142671912,935.1,40.235,1.2676,1.2026,15,30.2,11,hotspot
93.2,96.4,103.6,21.4,18,8.6,-35.85,38,24,8.2,0.306185567,3.5,0.29635,11.1,1.6,0.110309278,19,30,8,22.83,17,-2.29,0.24,0.301522574,1145.1,50.71,0.96605,0.79267,9,11.6,10,nonhotspot
96.4,93.2,109.3,6.7,30,47.6,-54.41,45,6,5.2,0.158450704,11.1,0.96605,3.5,-1.4,0.047183099,12,18,10,15.95,18,3.93,0.08,0.111689032,1475.7,63.475,0.29635,1.53,11,48.5,8,hotspot
52.3,96.4,140.8,0,30,4.2,-42.6,62,0,5.3,0.150253807,3.5,2.9538,-5.5,-0.6,0,24,30,6,19.88,15,6.09,0.07,0,874.1,40.825,0.96605,1.2026,15,6.8,10,nonhotspot
73.4,90.3,72.3,40.7,27,30.5,-42.32,26,34,-5.2,0.175806452,-0.3,1.143,-2.8,-0.3,0.164112903,15,21,9,28.4,15,7.74,0.08,0.62718232,1106.3,59.27,2.357,1.4712,9,61.3,10,hotspot
90.3,73.4,91.4,0.4,21,11.2,-48.25,30,0.2,6.2,0.062721893,-2.8,2.357,-0.3,-1.6,0.002366864,20,27,10,23.28,15,4.67,0.06,0.010629935,1377.6,63.365,1.143,0.29753,9,15.5,9,nonhotspot
43,68,91.4,103.2,17,1.2,-37.26,30,71.5,6.2,0.363306452,5.4,0.12058,3.4,-0.3,0.416129032,17,22,4,26.75,11,1.12,0.03,1.374405862,628.8,29.015,0.95683,0.29753,9,2.5,7,nonhotspot
109.3,69.5,96.4,2.1,45,13.8,17.14,30,0.4,3.5,0.331048387,8.5,1.53,5.2,-7.8,0.008467742,24,22,11,25.59,14,3.33,0.2,0.050949946,1604.8,69.045,0.29804,0.96605,10,27.6,6,hotspot
69.5,109.3,106,40.7,22,23.9,-25.49,45,36.4,16.4,0.205670103,5.2,0.29804,8.5,-2.5,0.209793814,10,45,6,25.52,18,-0.96,0.18,0.511485613,931,39.77,1.53,0.57493,9,32.2,11,nonhotspot
133.2,67.2,55.7,10.3,35,37.5,103.98,13,9.6,6.8,0.241129032,1.7,1.7968,0.6,-1.7,0.041532258,18,18,15,54.81,9,7.81,0.55,0.119892058,2084.5,93.21,1.4551,0.53027,5,75.6,7,nonhotspot
34.5,54.8,74.5,59.9,11,0,-129.49,21,59.6,4.5,0.266901408,4,0,1,0.1,0.421830986,0,22,3,77.03,13,0.73,0.3,1.506393273,498.6,22.685,0.13703,0.35613,7,0,5,nonhotspot
54.8,34.5,81.8,162.4,22,10.1,-51.82,25,165.4,1.7,0.315151515,1,0.13703,4,-0.5,0.82020202,0,11,5,83.43,13,0.81,0.11,1.990294741,724.8,34.765,0,0.64196,8,14.3,3,nonhotspot
57.2,54.8,81.8,102,21,19.5,167.21,25,81.1,1.7,0.471649485,4,0.29918,3,0.4,0.525773196,7,22,5,85.39,8,0.88,0.22,1.102467309,824.8,34.72,0.13703,0.64196,8,26.3,5,nonhotspot
75.6,57.2,95.2,33,43,27,87.33,31,18.9,-3.8,0.333920705,3,0.91362,3,-2.5,0.145374449,22,21,8,62.96,8,4.05,0.15,1.360338384,1166.3,53.115,0.29918,1.6233,11,57,5,nonhotspot
33.7,55.9,63.7,94.6,8,2.7,135.19,29,79.9,-9.7,0.395154185,-2.6,0.55655,-1.2,0.1,0.416740088,15,13,3,37.55,6,2.93,0.46,3.28389743,546.5,23.68,1.5955,0.43798,8,5.6,6,nonhotspot
63.2,49.8,71.9,45.7,17,16.2,-27.82,21,44.6,8.4,0.401538462,6.2,0.45037,8.2,0.4,0.351538462,4,10,5,26.86,13,-1.7,0.1,1.418976762,647.6,33.995,0,0.13556,6,12.6,4,nonhotspot
59.5,65.3,64.3,3.8,29,31.9,160.97,27,3.9,-1.4,0.240769231,3.7,1.1009,1.6,-0.7,0.029230769,9,19,6,26.83,17,2.17,0.22,0.092960113,772,39.91,0.76903,0.89564,7,24.9,6,nonhotspot
83.3,59.5,64.3,2,36,5.6,157.52,27,1,-1.4,0.182248521,1.6,1.257,-2.2,-1.5,0.01183432,17,29,9,25.3,14,5.9,0.22,0.045072399,1259.5,57.725,1.1009,0.89564,7,7.8,6,nonhotspot
140.8,83.3,110.7,5.1,62,64,12.3,35,4.3,15.6,0.250660793,-2.2,1.2026,5.3,-2.6,0.02246696,23,36,15,29.11,12,6.34,0.66,0.134074297,1987.4,93.59,1.257,0.76842,10,135.2,9,hotspot
72.4,140.8,64.3,21.8,26,9.6,128.44,27,23.9,-1.4,0.181065089,5.3,1.7018,-0.1,0.2,0.128994083,13,62,8,30.31,13,4.43,0.06,0.847174466,1083.4,52.22,1.2026,0.89564,7,13.1,15,nonhotspot
56.7,46,63.7,52.9,22,27.6,156.11,29,36.8,-9.7,0.390721649,-0.8,0.46825,-1.5,-1,0.272680412,8,22,6,50.59,10,4.44,0.2,0.719223622,941,41.305,1.0291,0.43798,8,37.1,5,nonhotspot
46,56.7,62,50.7,22,9.9,125.16,33,51.9,4.1,0.40195122,-1.5,1.0291,-0.8,1,0.247317073,10,22,5,42.42,20,4.2,0.09,0.721463835,773.9,35.475,0.46825,0.97765,6,16.2,6,nonhotspot
86.3,56.4,99.6,0.2,29,14.6,137.02,33,2.1,9.2,0.414615385,1,1.0549,2.3,0,0.001538462,10,22,9,27.53,11,4.07,0.18,0.076072241,1322.6,58.175,1.9441,1.1915,10,11.4,6,nonhotspot
108.6,81.6,126,7.7,26,14.1,-24.56,40,10.2,17.2,0.43006135,5.7,0.93164,13.4,0.8,0.047239264,12,24,10,29.56,14,-1.22,0.12,0.261885175,1330.5,63.535,0.28409,1.2676,11,14.5,8,nonhotspot
81.6,108.6,57.8,37.1,24,47.1,-13.98,19,25.6,-6.2,0.425257732,13.4,0.28409,5.7,-9.6,0.191237113,16,26,8,28.02,15,1,0.17,0.575484359,1096.3,52.005,0.93164,1.4044,7,63.4,10,nonhotspot
84.4,82.1,106,3.5,27,18.4,84.89,45,2.5,16.4,0.412269939,2.6,1.2714,5.9,-5.5,0.021472393,10,23,8,21.62,11,1.43,0.38,0.075238746,1215.4,51.725,0.94077,0.57493,9,18.9,9,nonhotspot
82.1,84.4,46.2,29.1,23,12.6,-39.83,20,32.4,-0.6,0.337869822,5.9,0.94077,2.6,-0.9,0.172189349,11,27,9,29.1,12,4.34,0.05,1.290162244,1134.3,59.055,1.2714,0.30295,5,17.3,8,hotspot
69,82.1,46.2,104.2,26,12.7,-27.69,20,90.4,-0.6,0.450505051,2.6,0.13711,2.4,-0.8,0.526262626,10,23,7,44.71,15,2.9,0.24,1.535497108,804.8,47.995,0.94077,0.30295,5,17.9,9,nonhotspot
91.4,69,106,94.3,30,21.5,4.54,45,86.4,16.4,0.625853659,2.4,0.29753,6.2,7.7,0.46,4,26,9,44.66,15,1.37,0.14,1.153584061,1271.4,58.015,0.13711,0.57493,9,35.1,7,nonhotspot
143.3,72.3,106,0.5,60,43.2,-22.24,45,0.1,16.4,0.107048458,-5.2,1.9951,4.9,-2.2,0.002202643,19,26,15,21.42,14,4.39,0.45,0.035827777,2044.3,91.79,1.4712,0.57493,9,91.3,9,hotspot
69.6,75.7,73.4,30.3,21,32.3,111.81,27,32.8,-2.8,0.184507042,1.2,0.71278,4.6,0.4,0.213380282,13,26,7,20.39,13,1.37,0.12,1.563514994,970.1,46.07,2.1618,1.143,9,36.8,8,nonhotspot
82.3,85.7,126,9.6,27,3.4,130.71,40,11.9,17.2,0.22020202,4.2,1.5987,5.3,-0.5,0.048484848,18,36,8,33.05,13,1.05,0.26,0.158076085,1173.3,51.19,0.73195,1.2676,11,4.7,8,nonhotspot
85.7,82.3,60.2,59,36,22,136.31,34,55.6,5.9,0.462096774,5.3,0.73195,4.2,0,0.237903226,12,27,8,52.35,13,0.67,0.13,0.849060682,1101.1,51.15,1.5987,1.0329,5,44.2,8,nonhotspot
103.6,85.7,60.2,19.8,38,98.9,19.48,34,19.4,5.9,0.759235669,4.2,0.79267,8.2,4.2,0.12611465,13,36,9,40.41,10,-1.45,0.45,0.279450204,1279.2,56.45,0.73195,1.0329,5,105,8,nonhotspot
102.9,103.6,126,8.4,37,31.1,137.65,40,5.6,17.2,0.618461538,8.2,0,11.5,-0.6,0.064615385,13,38,9,42.16,11,-2.5,0.29,0.137018615,1213.2,56.865,0.79267,1.2676,11,24.3,9,nonhotspot
43.6,97.7,72.3,47.1,23,15.1,110.66,36,57,-12.5,0.201321586,-3.7,1.2948,-9.6,-0.6,0.207488987,15,47,5,52.42,17,6.67,0.55,2.26533631,789.8,35.27,1.4298,0.24231,9,32,10,nonhotspot
97.7,65.7,71.2,0.6,47,32.1,150.65,31,1.2,-9.9,0.336123348,1.9,1.4298,-3.7,-1.3,0.002643172,16,24,10,29.35,16,3.96,0.33,0.094879152,1213.1,64.21,0.16212,0.36294,8,67.8,6,nonhotspot
42.5,99.2,71.2,0,17,9.7,119.72,31,0,-9.9,0.065384615,-7.3,4.1401,-10.4,-0.4,0,15,34,5,26.97,15,7.02,1.04,0,773.8,35.68,2.4287,0.36294,8,7.5,11,nonhotspot
99.2,44.9,85.4,2.8,34,20.1,108.23,42,6.3,-6.4,0.197356828,-8.5,2.4287,-7.3,-1.9,0.012334802,21,19,11,45.96,17,8.1,0.49,0.165984503,1529.6,70.655,1.1631,0.35796,10,42.5,5,nonhotspot
97.4,80.2,110.5,27.1,25,23.7,143.3,28,31.6,11.6,0.327804878,-0.8,1.8838,8.5,2.4,0.132195122,16,15,9,58.53,16,0.05,0.42,0.330127334,1170.3,58.175,1.0407,0.62807,11,38.8,8,nonhotspot
44.9,99.2,85.4,25.9,19,11.8,124.72,42,23.8,-6.4,0.158762887,-7.3,1.1631,-8.5,-0.8,0.133505155,12,34,5,48.06,13,7.11,0.38,0.336147763,914.9,35.255,2.4287,0.35796,10,16,11,nonhotspot
105.7,71.8,62.3,3.4,48,25.9,112.58,34,3.2,-12.5,0.207048458,-5.6,1.762,-5.5,-2.2,0.014977974,18,19,12,46.52,18,10.21,0.54,0.132505585,1626.6,78.01,2.6533,0.92783,8,54.7,8,nonhotspot
66.4,61.6,85.4,15.4,23,13.7,132.86,42,10.6,-6.4,0.20257732,3.2,1.0784,-3.6,0.8,0.079381443,14,15,7,68.11,12,6.03,0.46,0.232555616,1040,47.575,1.3406,0.35796,10,18.5,6,nonhotspot
127.7,108.4,119.4,9.2,48,55.7,152.9,31,8.9,-6.1,0.263513514,5.00E-16,0.65137,1.6,0,0.041441441,20,34,14,36.24,13,6.31,0.1,0.37165928,1633.9,88.485,0.30985,0.56561,14,98.9,11,hotspot
108.4,127.7,103.4,20.3,34,78.2,42.25,36,6.1,0.2,0.238650307,1.6,0.30985,5.00E-16,-4.9,0.124539877,14,48,11,37.34,14,3.68,0.27,0.352978097,1477.7,68.935,0.65137,1.4968,11,80.3,14,hotspot
102.6,68.5,79.6,37.5,51,80.8,133.31,28,30.3,9.5,0.409009009,-2.3,0.44975,0.3,0.6,0.168918919,16,27,11,52.35,10,5.28,0.12,1.856910107,1488.6,69.785,0.53445,0.28502,7,143.4,7,nonhotspot
35.4,61.6,72.1,137.5,11,1.4,123.61,24,129.3,-2.8,0.388306452,3.2,0.44628,1.7,-0.3,0.554435484,7,15,3,98.67,13,0.53,0.09,1.31800911,484.6,22.795,1.3406,0,8,2.8,6,nonhotspot
64.7,72.2,119.4,23.6,22,17.3,118.25,31,25.2,-6.1,0.120118343,-1.5,0.80793,-1.8,-0.7,0.13964497,13,25,7,49.08,12,3.39,0.21,1.62166017,931.1,46.51,0,0.56561,14,23.9,7,nonhotspot
100.1,79.6,58,40.5,35,49.8,-34.19,39,41.4,-0.9,0.346370968,9.5,0.43992,2.3,-6.2,0.163306452,17,28,10,56.15,10,3.52,0.09,0.41069455,1466.5,63.285,0.28502,0.76696,6,100.1,7,hotspot
46.5,75.9,72.2,81.1,21,13.6,-41.13,25,79.8,-1.5,0.343478261,1.4,0.39324,1.5,0.9,0.44076087,10,31,4,43.44,13,0.08,0.13,0,607.6,28.335,0.92504,0,7,20,7,nonhotspot
75.9,59.7,72.2,15.6,31,25.5,-24.96,25,23.9,-1.5,0.42979798,0.6,0.92504,1.4,0.4,0.078787879,15,18,7,49.28,12,0.9,0.18,0.222019768,1009.1,45.775,2.2938,0,7,36,5,nonhotspot
59.7,75.9,108.4,6.4,18,3.2,18.12,34,8.6,5.00E-16,0.34673913,1.4,2.2938,0.6,0.5,0.034782609,16,31,5,35.02,14,0.75,0.13,0,758.7,34.41,0.92504,0.30985,11,4.6,7,nonhotspot
132.3,68.2,82.7,34.3,39,59.6,-48.46,24,37.2,14.5,0.470967742,11.3,0.36497,20.4,-4.1,0.138306452,16,24,12,60.67,12,-4.72,0.26,0.481816997,1547.6,74.315,0.45543,3.712,7,120,6,nonhotspot
68.2,132.3,81.4,117.6,24,30.9,-30.51,25,102.7,14.6,0.46733871,20.4,0.45543,11.3,-11.1,0.474193548,14,39,6,80.61,10,-2.3,0.28,1.262886484,830.9,40.235,0.36497,1.0732,7,62.2,12,nonhotspot
50.5,48.6,102.6,95.7,13,10,22.37,51,84.8,0.3,0.252229299,1.7,0.15419,5.2,0.2,0.60955414,5,17,4,100,13,-0.61,0.15,2.749902097,606.6,28.815,0,0.44975,11,10.7,4,nonhotspot
92.7,114.9,65.7,28.3,39,41.3,92.91,24,34.6,1.9,0.351630435,9.4,0.75939,4.1,1.2,0.153804348,10,33,9,54.8,15,1.14,0.09,0,1209.3,57.45,0.68826,0.16212,6,60.6,11,nonhotspot
85.4,62.3,44.9,83.8,42,41.4,151.86,19,84.6,-8.5,0.221585903,-12.5,0.35796,-6.4,-2.3,0.369162996,10,34,10,43.36,14,10.35,0.08,3.499207228,1397.4,66.285,0.92783,1.1631,5,87.4,8,nonhotspot
79.6,36.2,102.6,31.4,28,32.6,113.62,51,27.9,0.3,0.329896907,8,0.28502,9.5,5.3,0.16185567,14,9,7,62.89,9,-1.35,0.1,0.461962536,992,45.255,0,0.44975,11,43.9,2,nonhotspot
97.4,63.8,108.4,23.2,38,42.6,135.02,34,24.6,5.00E-16,0.22826087,0.7,0.76995,0.3,-0.3,0.126086957,17,21,10,39.55,11,3.61,0.07,0,1362.5,63.82,0.97056,0.30985,11,62.6,6,nonhotspot
116.6,77,100.6,2,47,37,131.69,24,4.8,9.8,0.056756757,6.5,1.1407,2.9,-1.1,0.009009009,21,26,12,19.23,14,2.56,0.8,0.102199326,1647,74.57,1.8252,2.386,9,65.7,7,hotspot
98.1,88,86.1,4.8,36,40.8,156.29,34,6.2,7.3,0.461971831,2.5,2.1586,-2.5,-2.6,0.033802817,14,39,11,7.94,13,4.55,0.55,0.162849207,1461.9,69.195,1.5906,0.68549,8,41.5,9,nonhotspot
58.6,126.3,79,6.6,25,11.1,144.17,34,6.9,0.7,0.235915493,-4.1,0.94052,1,-0.1,0.046478873,11,48,6,31.45,13,2.21,0.62,0.100229736,923.2,39.54,0.46963,1.9127,8,11.3,14,nonhotspot
33.7,48.6,116.9,79.1,14,0,77.8,33,67.4,1.7,0.278658537,0.8,0.18092,1.7,0.3,0.482317073,6,19,3,17.53,14,1.86,0.44,4.057043541,517.7,23.185,0.7479,0.54488,12,0,5,nonhotspot
41,39.7,60.1,63.6,9,21.5,159.1,7,43,12.2,0.482822086,4.4,0.18343,3.9,1.9,0.390184049,5,14,3,72.78,15,-1.02,0.57,1.008031293,534.6,22.91,0.28426,0.54418,4,22.1,3,nonhotspot
71.5,61.3,120.7,99.1,24,8.8,-3.37,41,91.1,14.5,0.335915493,3.8,0.38416,4.3,0.2,0.697887324,4,19,7,33.82,13,0.84,0.1,2.264062953,1052.2,45.255,1.9814,2.1415,11,8.9,6,nonhotspot
60.1,71.5,90,73.7,19,6.3,-81.89,32,81.4,11.8,0.243661972,4.3,0.54319,9.1,1.5,0.519014085,2,24,5,69.65,14,-1.91,0.15,3.492274483,741.8,33.795,0.38416,1.1363,8,7.2,7,nonhotspot
62.8,60.1,90,55.4,22,0.6,54.05,32,51.4,11.8,0.52866242,9.1,0.15456,12.5,-0.2,0.352866242,9,19,5,41.74,10,-3.16,0.27,0.878424862,768.9,33.81,0.54319,1.1363,8,0.7,5,nonhotspot
82.2,35.8,82.9,15.6,24,34.7,-41.93,26,17.8,-7.2,0.297560976,-0.6,1.0129,3.2,-4.1,0.076097561,18,13,8,22.01,12,2.93,0.91,0.177437907,1243.4,51.9,0.43647,0.41063,9,56.7,3,hotspot
78.3,47.1,127.5,28.4,24,1.6,57.03,42,19,6.3,0.092356688,-2.4,0.67375,9.3,-0.1,0.18089172,9,28,7,15.73,9,-0.47,2.52,0.968860065,1024.2,45.385,0,0.50008,13,1.7,5,hotspot
85.1,78.3,127.5,45.1,44,75.2,-32.52,42,26.5,6.3,0.413306452,9.3,0.36378,7.6,-11,0.181854839,18,24,8,20.67,6,1.47,0.77,0.648298015,1129.2,52.035,0.67375,0.50008,13,151.5,7,hotspot
75.2,85.1,63.6,76.8,22,50,-3.84,22,42.8,4.3,0.428350515,7.6,0.32864,14.2,0,0.395876289,12,44,6,21.02,8,-2.91,1.18,0.944303839,870,39.64,0.36378,1.0528,6,67.5,8,nonhotspot
79.6,117.3,138,5.8,23,7.5,161.97,36,7.4,4.7,0.068041237,8.9,0.8486,5,5.1,0.029896907,18,55,8,16.47,11,2.38,2.11,0.065826931,1294.6,51.585,1.781,1.5766,14,10.1,11,hotspot
89.9,53.2,138,0,22,1.9,149.14,36,0.1,4.7,0.033064516,3.5,3.1785,9.2,-7.3,0,20,18,8,15.33,14,-2.02,2.68,0,1221.3,50.645,0.45224,1.5766,14,3.8,5,hotspot
119.5,49.3,138,0.2,45,65.8,52.35,36,1.1,4.7,0.129891304,0.7,1.7959,2.9,0.5,0.001086957,18,15,12,15.78,12,1.16,3.13,0,1510.6,75.685,0.32517,1.5766,14,96.9,4,hotspot
123.5,90.4,100.4,62.2,42,48.8,0.29,37,58.5,5.4,0.291891892,-0.9,0.3473,6,-1.6,0.28018018,18,38,12,19.67,8,0.6,0.53,1.701128304,1675.7,74.75,3.1241,0.38725,10,86.6,9,hotspot
127.5,63.6,85.1,2,42,108.7,-40.67,44,2.9,7.6,0.101226994,4.3,0.50008,6.3,-3.1,0.012269939,12,22,13,14.93,17,3.38,1.76,0.026703149,1787.1,80.545,1.0528,0.36378,8,111.6,6,hotspot
138,124.9,100.4,1.2,36,81.8,-45.13,37,3.1,5.4,0.090797546,6.4,1.5766,4.7,-9.1,0.007361963,20,49,14,15.03,12,2.24,1.85,0.043826632,1936.1,86.82,1.1764,0.38725,10,84.1,13,hotspot
82.9,71.3,82.2,27.5,26,18.5,-11.52,24,20.1,3.2,0.136619718,1.3,0.41063,-7.2,-0.2,0.193661972,17,21,9,19.48,13,6.3,0.56,0.517118946,1322.4,58.485,1.2325,1.0129,8,18.8,7,nonhotspot
34.1,124.9,85.1,62.2,9,16.2,-34.76,44,52.9,7.6,0.42628866,6.4,0.28483,1.1,-8.9,0.320618557,8,49,3,37.59,13,1.82,0.12,0.801419314,570.6,23.14,1.1764,0.36378,8,21.7,13,nonhotspot
58.9,45.7,83.7,7.1,21,10.9,-38.33,22,9.2,6.4,0.055555556,3.8,0.62954,1,-1.5,0.052592593,14,19,6,35.06,14,3.69,0.59,1,732.9,41.165,0.31928,0.64211,8,10.6,4,nonhotspot
45.7,58.9,83.7,87.9,19,6,-3.86,22,72.8,6.4,0.577707006,1,0.31928,3.8,-0.7,0.559872611,6,21,4,38.37,17,0.22,0.5,1.348517331,503.6,29.16,0.62954,0.64211,8,6.4,6,nonhotspot
57.5,33.2,88.2,21.3,18,5.2,173.03,42,7.5,2.2,0.533802817,-2.1,0.56045,-1.4,-0.9,0.15,14,17,6,25.95,3,2.16,0.13,1.047315734,751,40.455,0.21516,1.0718,9,5.3,3,nonhotspot
33.2,57.5,88.2,105.4,17,0,-23.1,42,71.2,2.2,0.574615385,-1.4,0.21516,-2.1,-0.3,0.810769231,0,18,3,34.22,10,1.14,0.18,2.694104599,438.5,22.7,0.56045,1.0718,9,0,6,nonhotspot
50.4,33.2,88.2,33.8,21,8.4,164.98,42,35.9,2.2,0.255384615,-2.1,0.82207,-0.9,-0.6,0.26,4,17,5,26,8,2.2,0.52,0.951646708,680.8,34.52,0.21516,1.0718,9,6.6,3,nonhotspot
69.3,50.4,50.3,27.1,29,74.6,-44.14,13,24,0.2,0.418041237,-0.9,0.75034,-3,-9.5,0.139690722,12,21,8,29.6,12,5.16,1,0.297345324,1081.3,52.115,0.82207,1.1576,5,100.5,5,nonhotspot
86.9,69,90.3,0.6,25,23.6,-48.83,23,0.5,-3.2,0.088414634,-3.2,2.1755,-11,-1.5,0.003658537,23,22,11,20.33,10,9.5,0.21,0.004370149,1373.7,70.16,1.0833,1.6536,10,33.4,8,hotspot
69,86.9,119.1,22.6,22,53.8,-43.86,49,24.8,-7.3,0.290140845,-11,1.0833,-3.2,-1.6,0.15915493,10,25,8,26.51,14,5.78,0.68,2.332815389,973.1,52.89,2.1755,1.6535,14,61.5,11,hotspot
79.9,53,119.1,0,22,14.2,-39.34,49,0,-7.3,0.052112676,2.6,4.307,-7.3,-0.4,0,14,14,10,21.39,12,9.08,0.58,0,1293.7,64.295,1.4111,1.6535,14,16.2,5,nonhotspot
53,79.9,92.4,28.1,14,19,-50.58,45,35.7,-1.3,0.427464789,-7.3,1.4111,2.6,-0.8,0.197887324,9,22,5,22.75,14,1.07,0.24,1.160930916,613.6,35.085,4.307,1.5656,10,19.2,10,nonhotspot
88.5,79.9,92.4,23.8,24,24.4,-42.64,45,19.6,-1.3,0.379381443,-7.3,0.7548,7.1,-7.2,0.122680412,18,22,8,24.5,11,-1.27,0.26,0.2281223,995,51.595,4.307,1.5656,10,32.8,10,hotspot
70.1,47.9,121.1,34.1,25,2.8,-12.42,25,32.7,10.9,0.538461538,2.8,0.64993,6.1,0.3,0.262307692,6,15,6,32.67,13,-0.99,0.37,0.840696198,708.7,40.88,0.19263,0.58933,11,2.1,4,nonhotspot
82.4,70.1,121.1,0.6,26,26.7,-135.15,25,1.8,10.9,0.279761905,6.1,0.67781,9.1,0.9,0.007142857,9,25,7,26.29,10,-1.63,0.82,0.015594917,837.8,46.665,0.64993,0.58933,11,8.6,6,nonhotspot
123.1,82.4,88,0,41,42.8,-3.52,21,0,8.6,0.255384615,9.1,1.7562,2,2.2,0,11,26,13,22.46,13,3.3,0.31,0,1646.9,80.88,0.67781,0.98543,8,33.4,7,hotspot
85.1,123.1,121.1,30.8,29,35.7,-24.76,25,27,10.9,0.114723926,2,0.51587,5.9,-3.7,0.188957055,10,41,8,23.62,15,0.22,1.22,0.410293789,990.1,52.275,1.7562,0.58933,11,36.6,13,hotspot
103.6,106.2,119.1,72.6,50,51.1,66.32,49,61.2,-7.3,0.134234234,-9.5,0.35348,-6.1,-1.6,0.327027027,17,58,12,28.78,10,7.76,1.28,3.312089968,1588.9,75.63,1.5031,1.6535,14,90.6,13,hotspot
63.2,103.6,83.9,41.1,18,4.5,160.15,36,21.3,-0.9,0.082352941,-6.1,0.18367,1.6,0.1,0.302205882,11,50,6,41.99,6,2.3,1.82,0.842439937,881,41.065,0.35348,0.87459,9,5.4,12,nonhotspot
70.8,51.5,111.4,28.5,26,37.3,-61.94,27,23.4,-0.8,0.535211268,0.6,0.93213,-9.5,-0.7,0.200704225,11,24,9,35.99,12,7.67,0.08,0.598335889,1065.1,59.175,0.53097,1.4213,13,37.9,5,nonhotspot
156.1,84.2,52.7,4,47,87.5,23.03,13,4.8,1.6,0.539512195,-5.7,1.8044,-1.9,-3,0.019512195,20,31,18,20.47,21,8.35,0.04,0.020149805,1830.9,112.94,3.665,3.2107,5,142.8,10,hotspot
98.4,94.6,68.6,10.4,45,81.2,80.96,42,12.3,-3.8,0.364112903,-2.3,1.6531,-8.3,-5.2,0.041935484,19,30,12,43.89,14,8.93,0.08,0.16778401,1458.8,75.585,4.3735,0.84459,8,163.5,11,nonhotspot
34.5,70.2,55.4,43.9,17,50.1,126.35,41,32.5,-2.8,0.152662722,-9.1,0.33464,-4.6,-1.8,0.259763314,12,24,4,31.8,11,5.84,0.03,3.885797281,587.8,29.795,0.80968,0.83969,6,69.2,9,nonhotspot
46.3,70.8,111.4,33.6,13,24.2,111.26,27,32.4,-0.8,0.234507042,-9.5,0.38205,-6.3,-0.8,0.236619718,11,26,6,20.27,16,7.09,0.08,3.513729618,861.2,40.555,0.93213,1.4213,13,27.7,9,nonhotspot
49.5,76.7,29.8,101.3,26,32.2,59.42,17,94.3,-0.3,0.352419355,-3.2,0.1362,-3.6,-0.4,0.408467742,9,24,6,54.4,13,5.67,0.35,0.793544666,833.1,41.49,1.1411,0.47191,3,64.8,9,nonhotspot
89.8,73.1,62.7,0,28,56.8,-61.04,34,0,-8,0.204225352,-12.4,3.5263,-18.1,-5.8,0,15,33,12,22.25,12,14.31,0.23,0,1696.1,75.78,1.0337,0.65562,8,64.9,10,hotspot
110.4,89.8,55,54.5,63,65.8,159.03,36,45.5,-10.6,0.43215859,-18.1,0.76697,-14.2,-4.6,0.240088106,15,28,14,24.04,12,13.72,0.24,1.343178323,1734,88.225,3.5263,1.9627,7,139,12,hotspot
55.9,41,119.3,95.5,15,0,-12.35,39,91.6,13.6,0.422926829,6.7,0.75165,11.5,-1.1,0.465853659,7,18,4,64.08,13,-3.23,0.58,1.07541375,585.7,29.015,0.18062,0.70718,11,0,3,nonhotspot
58.2,55.4,69.8,31.4,24,18.3,132.09,33,34.8,6.9,0.223369565,0.1,0.6325,11.5,1,0.170652174,13,19,4,35.96,16,-3.41,0.51,0,651.7,28.47,1.2807,0.15063,6,27,5,nonhotspot
65.4,37.6,44.2,34.7,29,35.9,144.84,17,41.1,-6.8,0.188757396,-2.6,0.70276,-2.3,-2.3,0.205325444,11,16,7,37.87,12,3.44,0.08,2.086071164,940.1,46.68,0.41854,1.2702,5,49.5,4,hotspot
142.7,65.4,72,9.4,60,93.4,78.54,22,9.4,-2.6,0.225675676,-2.3,1.2919,-2.6,-7.6,0.042342342,17,29,16,21.3,13,6.42,0.28,0.178453361,2098.3,98.995,0.70276,3.5848,8,165.7,7,hotspot
44.2,46.4,142.7,46.9,17,17.7,-14.39,60,46,-2.6,0.255633803,-3.5,1.2702,-6.8,-2.2,0.33028169,4,27,5,31.41,13,3.98,0.57,0.987331536,654.7,35.175,0.66639,1.2919,16,18,5,nonhotspot
89.2,46.4,142.7,29.7,39,12.5,174.51,60,31.1,-2.6,0.235585586,-3.5,0.92279,0.6,-0.3,0.133783784,17,27,9,34.2,15,2.01,1.06,1.051659737,1185.1,58.27,0.66639,1.2919,16,22.1,5,nonhotspot
119.6,53.6,83.5,9,49,37.7,166.47,37,8.9,-2.9,0.346696035,-7.2,1.7015,-6.1,-2.9,0.039647577,19,21,13,24.19,16,5.22,0.68,0.167784742,1714.7,81.22,1.2385,1.1864,9,79.7,6,hotspot
67.1,53.6,87.8,39.9,24,63.5,-2.14,25,13.1,5.1,0.407361963,-7.2,0.98193,-4.6,-0.8,0.244785276,11,21,7,34.95,12,4.38,0.49,1.163932545,1040.1,46.475,1.2385,1.2192,8,65.2,6,hotspot
49.1,49.4,87.8,40.6,21,50.7,149.18,25,35.8,5.1,0.552866242,3.5,0.61563,1.4,1.6,0.258598726,8,17,4,27.6,11,0.92,0.31,1.395638013,644.6,28.555,0.58024,1.2192,8,53.9,4,nonhotspot
43.2,49.4,87.8,19.8,14,41.7,133.95,25,19.9,5.1,0.415337423,3.5,0.62832,-1.9,-5.2,0.121472393,11,17,4,24.92,13,2.75,0.31,0.547087943,661.7,28.83,0.58024,1.2192,8,42.8,4,nonhotspot
72,119.3,142.7,0,22,15.7,118.26,60,0,-2.6,0.235051546,13.6,3.5848,-2.6,-10.2,0,19,39,8,27.98,12,3.7,0.09,0,1305.5,51.415,0.70718,1.2919,16,21.2,11,hotspot
119.3,72,55.9,44.5,39,29.8,126.82,15,49.3,11.5,0.272177419,-2.6,0.70718,13.6,-4.8,0.179435484,14,22,11,58.1,14,-2.77,0.12,0.732437372,1532.7,69.33,3.5848,0.75165,4,60,8,nonhotspot
69.8,119.3,58.2,43.1,33,45.7,41.87,24,32.5,11.5,0.196932515,13.6,0.15063,6.9,2.9,0.264417178,12,39,6,33.89,14,-1.51,0.25,0.822345824,1006.1,39.675,0.70718,0.6325,4,46.9,11,hotspot
101.1,69.8,47.8,25.5,43,68.3,33.65,22,22.7,-4.8,0.170720721,6.9,0.65682,7.7,-0.8,0.114864865,20,33,10,34.04,16,-0.3,0.62,0.784015571,1573.8,62.67,0.15063,0,5,121.2,6,hotspot
44.4,41.1,73.9,107.3,21,31.5,83.45,26,89.5,5.4,0.589570552,-0.8,0.44891,2.2,-4.6,0.658282209,2,15,4,41.63,10,1.14,0.48,1.178053492,602.7,29.57,0.36841,0.44152,7,32.4,4,nonhotspot
86.5,44.4,73.9,66.6,42,47.5,135.08,26,46.2,5.4,0.390540541,2.2,0.45495,5.1,-2.3,0.3,6,21,9,32.54,9,3.01,0.19,1.065322932,1215.5,58.955,0.44891,0.44152,7,84.2,4,nonhotspot
109.8,86.5,69.5,18.8,34,63.5,138.47,31,8.6,-2.8,0.494512195,5.1,0.8344,0.4,-3.8,0.114634146,20,42,12,29.02,6,5.64,0.52,0.749335501,1466.8,76.235,0.45495,0.84331,8,89.6,9,nonhotspot
65.1,109.8,73.9,45.5,18,12.1,118.23,26,54.9,5.4,0.646625767,0.4,0.15357,0.6,-1.7,0.279141104,4,34,7,45.8,12,4.22,0.66,0.67527601,1005.4,46.995,0.8344,0.44152,7,12.4,12,nonhotspot
66.1,65.1,69.7,6.2,38,62.1,-37.46,30,6.7,-15.7,0.275739645,0.6,1.0131,-11.1,-2.8,0.036686391,15,18,9,28.82,9,12.01,0.17,0.564018581,1159.6,59.51,0.15357,1.5097,10,85.7,7,hotspot
104.8,61.1,69.6,12,52,54.6,-32.15,32,15.7,-4.1,0.28071066,-11,0.80143,-8.2,-2.7,0.060913706,20,23,13,45.37,8,11.12,0.1,0.857449968,1576.1,82.635,0.66095,0,8,89.6,8,hotspot
61.1,104.8,37,21.6,23,45.6,-32.88,9,12.4,-5.4,0.250609756,-8.2,0.66095,-11,-1,0.131707317,12,52,8,47.53,10,9.81,0.17,0.692518602,1104.4,52.9,0.80143,0.29622,4,64.4,13,hotspot
61.1,45.7,69.6,64.3,14,47.8,-45.31,32,51.6,-4.1,0.292929293,2.4,0.45448,0.8,0.8,0.324747475,10,14,6,65.78,6,2.52,0.45,0.753204768,891.1,40.35,0,0,8,67.4,4,nonhotspot
76.1,55.7,114.5,41.9,19,?,-42.33,38,?,3.2,0.502547771,4.6,0.49673,6.8,?,0.266878981,8,18,7,36.82,13,-0.14,0.4,0.594292805,995.2,45.25,1.4796,0.88166,12,?,5,nonhotspot
90.2,58.9,114.5,0,27,?,-31.7,38,?,3.2,0.323668639,5.55E-17,3.5863,-1.8,?,0,16,16,10,39.26,12,5.88,0.65,0,1391.8,63.215,0.58051,0.88166,12,?,6,hotspot
73.4,42.3,85.3,63.8,22,?,-30.4,16,?,3.2,0.608780488,-4.7,0.30215,-4.1,?,0.311219512,14,12,8,32.29,9,5.48,0.28,0.653549417,1102.4,52.275,2.1284,0.68046,9,?,5,nonhotspot
63.2,73.8,43.8,24,13,27.2,25.74,6,29.8,1.1,0.245774648,6.6,0.58218,3.6,0.4,0.169014085,9,19,6,25.04,13,0.88,0.5,0.421306544,682.7,41.475,0.53249,0,4,27.6,7,nonhotspot
81.8,137.9,94.9,1.4,44,44.3,-56.31,27,1.4,-4.7,0.530927835,8.4,2.1418,-0.7,-1.2,0.007216495,17,47,9,24.06,15,5.03,0.32,0.005499729,1192.6,58.36,0.33029,1.0042,11,59.6,14,hotspot
137.9,81.8,57.6,5.4,47,82.8,-32.72,21,8.6,0.3,0.502439024,-0.7,0.33029,8.4,-8.2,0.026341463,18,44,14,36.93,12,1.55,0.3,0.080665829,1781,86.705,2.1418,0.71505,6,135.3,9,nonhotspot
114.5,84,108.8,3.2,41,44.2,-34.93,37,3.2,-0.2,0.268292683,3.7,1.7983,1.6,1,0.015609756,18,23,12,2,11,4.34,0.43,0.012962641,1657,74.61,0.56405,1.3031,11,72.1,8,hotspot
84.2,59.8,108.8,28.5,26,75.7,-15.56,37,9.8,-0.2,0.37388535,0.1,0.33717,2,-0.6,0.181528662,13,13,8,45.22,8,0.47,0.15,0.37956404,1056.1,51.11,3.1572,1.3031,11,80.4,6,hotspot
49.9,56.1,61.4,81.1,18,40,117.71,19,65.5,3.8,0.428220859,3.5,0.62509,3,1.1,0.497546012,5,15,4,34.46,16,-0.02,0.41,0.887285337,522.4,29.02,1.2723,0.35404,5,41.1,5,nonhotspot
51.7,67.6,36.8,104.8,23,36.7,150.65,10,85.3,-0.6,0.37371134,2.6,0.14753,-2.1,0.3,0.540206186,2,27,5,66.59,15,2.87,0.15,1.226087977,700.6,35.045,0,0,3,49.4,6,nonhotspot
115.8,51.7,108.8,7.1,58,14.7,157.69,37,2.4,-0.2,0.077973568,-2.1,1.2905,0.6,-0.9,0.031277533,25,23,12,2,8,4.67,2.63,1.303750387,1540.6,75.34,0.14753,1.3031,11,30.9,5,hotspot
69.7,129.4,68.5,69.8,11,28.1,36.34,19,60.2,5.3,0.687261146,13.4,0,5.6,-0.9,0.444585987,5,33,6,56.12,13,-0.62,0.9,1.204419021,772.7,39.605,1.7859,0.53989,6,29.8,12,nonhotspot
91.5,99.9,101.5,20.2,26,63.3,-54.17,34,16.2,-3,0.347133758,2.6,0.64796,4.9,0.3,0.12866242,13,31,9,93.46,17,-0.02,0.41,0.306831368,1116.1,57.39,2.4651,0.63678,11,67.2,10,hotspot
74.5,97.5,75.4,65.7,25,12.7,-3.11,18,69.6,-3.1,0.255855856,1.9,0.43509,4.5,-1,0.295945946,8,33,7,61.68,20,-0.09,0.13,2.214387814,834.8,46.375,1.2623,0.176,8,22.5,10,nonhotspot
88.3,92.8,85,14.4,29,8.4,104.21,28,14.3,2.4,0.535915493,4.3,0.95606,6.5,-1.5,0.101408451,14,28,8,10,15,-1.33,0.21,0.305309249,953.9,51.25,0.20363,0.61562,8,8.6,9,nonhotspot
89.5,88.3,97.6,53.3,29,6.4,149.63,21,54.2,6.2,0.529381443,6.5,0.55834,7.7,0.4,0.274742268,11,29,8,46.37,15,-1.65,0.43,0.562278204,1089.2,50.595,0.95606,0.38322,9,8.5,8,nonhotspot
79.8,89.5,97.6,74.7,27,47.9,137.27,21,57.6,6.2,0.624878049,7.7,0.33008,6.7,1,0.364390244,13,29,7,10,12,-0.86,0.28,0.746597988,864.8,45.94,0.55834,0.38322,9,78.3,8,nonhotspot
58,52.7,59,47.7,37,37.5,170.67,28,47.8,-0.2,0.433170732,0.4,0.53714,-2.6,1.6,0.232682927,9,16,6,10,14,3.4,0.85,0.495029481,874.1,40.215,1.3004,0.37181,6,61.3,5,nonhotspot
75.1,58.5,86.2,24.1,30,29.6,174.35,24,22.3,-1.1,0.476153846,0.7,1.6031,6.2,0.4,0.185384615,9,22,7,10,14,0.22,0.63,0.613703278,896,46.41,0.38745,0.37259,9,23.1,6,nonhotspot
129.4,75.1,75.1,1.6,33,35.9,-33.48,21,4.3,10.1,0.624242424,6.2,1.7859,13.4,0.3,0.008080808,16,30,12,31.81,15,-2.95,0.47,0.099958033,1386.4,73.925,1.6031,0.23624,6,50.6,7,nonhotspot
97.6,60.4,88.3,14.7,21,58.7,93.58,29,12.2,6.5,0.123943662,7.2,0.38322,6.2,-0.8,0.103521127,14,20,9,33.17,15,-0.39,0.18,0.393767033,1086,56.895,0.64207,0.95606,8,59.7,5,nonhotspot
85,49.2,88.3,9.8,28,43.9,-20.31,29,11.2,6.5,0.057961783,-3.6,0.61562,2.4,0.5,0.062420382,17,20,8,26.91,13,-0.02,1.61,0.245538802,937.8,51.59,0.36275,0.95606,8,46.6,5,hotspot
90.7,68.8,74.1,54,30,19.3,-36.15,31,54.1,2.7,0.453153153,-1.4,0.33437,2.1,-0.7,0.243243243,20,37,9,10,14,0.52,0.42,1.566005567,1121.1,57.86,1.2535,0,7,34.2,7,nonhotspot
86.2,33.7,58.5,22.6,24,39.9,-31.98,22,17.4,0.7,0.568152866,0.5,0.37259,-1.1,0.7,0.143949045,15,9,9,37.22,11,3.11,0.27,0.490708417,1153.3,58.115,0.16642,0.38745,6,42.3,3,nonhotspot
68.8,75.4,116,6,37,17.9,-52.88,31,9.4,2.1,0.370720721,-3.1,1.2535,-1.4,-1.5,0.027027027,26,18,7,10,15,1.64,0.42,0.236932689,924,46.29,0.176,0.53928,12,31.7,8,hotspot
75.4,68.8,97.5,19.8,18,62.7,116.33,33,22.4,1.9,0.165492958,-1.4,0.176,-3.1,-2.2,0.13943662,17,37,8,10,10,2.2,0.41,0.664393357,954,52.625,1.2535,1.2623,10,71.7,7,hotspot
101.5,55.8,91.5,5.9,34,11.8,97.06,26,4.1,4.9,0.663902439,-1.8,0.63678,-3,1.2,0.028780488,19,20,11,20,11,3.08,0.15,0.0404064,1268.3,69.665,1.2272,0.64796,9,19.3,6,nonhotspot
59,81.6,58,99.8,28,27.2,-33.77,37,103,-2.6,0.330456853,2.3,0.37181,-0.2,1.3,0.506598985,7,13,6,74.84,16,2.57,0.21,2.6006228,731.9,40.605,0.18235,0.53714,6,44.5,8,nonhotspot
66.7,85,74.1,7.6,17,12.9,-39.78,31,5.5,2.7,0.366161616,2.4,0.70659,-4.1,0,0.038383838,19,28,7,10,10,2.59,0.17,0.170466529,882.9,46.38,0.61562,0,7,18.2,8,hotspot
75.1,59.5,95.2,42.4,26,29.4,161.05,50,43,1.3,0.293298969,6.3,0.71411,6.7,-4.6,0.218556701,12,28,7,62.96,11,1.32,1.25,0.609794878,1128.3,46.24,0.33778,0.82178,10,39.5,5,nonhotspot
59.5,75.1,79.2,32.7,28,23.2,115.51,21,25.8,9.6,0.296932515,6.7,0.33778,6.3,-2,0.200613497,7,26,5,85.83,14,-0.18,0.86,0.482531654,850,34.59,0.71411,0.16254,7,23.9,7,nonhotspot
66.4,59.5,79.2,51.6,39,38.2,53.24,21,49.7,9.6,0.329279279,6.3,0.35457,-3.2,-0.7,0.232432432,13,28,7,100.15,15,4.9,0.57,1.091020203,1208.4,46.17,0.33778,0.16254,7,67.8,5,nonhotspot
53.9,117.2,85.9,2.2,22,29.4,24.46,33,1.9,-12.7,0.15990991,-4.7,3.3949,-6.8,-2.4,0.00990991,23,60,6,51.97,12,5.07,0.55,0.087899847,1070.2,39.71,1.8552,3.6091,10,52.2,13,nonhotspot
117.2,53.9,73.6,2,60,42.7,-41.59,29,2.2,-5.6,0.27753304,-6.8,1.8552,-4.7,-3.3,0.008810573,20,22,13,51.93,15,7.06,0.41,0.05739492,1978.2,80.405,3.3949,2.2835,8,90.2,6,hotspot
72.7,117.2,70.2,11.2,24,59.9,94.99,25,8.2,0.5,0.282307692,-4.7,0.87129,-5.5,0.5,0.086153846,9,60,8,68.22,14,6.52,0.33,0.183573935,1190.3,52.21,1.8552,0.29966,7,46.7,13,nonhotspot
53.3,72.7,85.9,15.4,25,75.7,-137.47,33,16.5,-12.7,0.533802817,-5.5,1.7462,-0.8,-2.8,0.108450704,12,24,5,42.83,15,2.19,0.44,0.17899653,780.8,34.15,0.87129,3.6091,10,76.9,8,nonhotspot
31.8,53.3,85.9,7.2,18,68.3,137.09,33,1.3,-12.7,0.337885463,-0.8,2.114,-4.1,-5.3,0.031718062,26,25,3,58.3,11,2.87,0.77,0.347529832,564.6,22.665,1.7462,3.6091,10,144.3,5,nonhotspot
48.7,42.4,62.6,118.6,24,34.1,116.87,20,100.2,1.1,0.342792793,-7.6,0.22432,-3.9,1.1,0.534234234,9,20,5,55.73,12,3.62,0.99,2.505969072,707.7,35.365,0.36216,0,6,60.5,5,nonhotspot
101.7,69.2,85.9,0,37,12,165.38,33,0,-12.7,0.244493392,-1.6,4.1552,2.9,0.2,0,19,38,10,61.5,11,2.67,0.5,0,1457.5,63.555,1.3238,3.6091,10,25.4,7,hotspot
69.2,101.7,113.1,35.8,38,13.3,-27.31,26,27.7,-2.1,0.248017621,2.9,1.3238,-1.6,0.2,0.157709251,11,37,7,56.21,12,4.15,0.62,1.194479513,1050.1,47.155,4.1552,0.97998,12,28,10,hotspot
48.1,69.2,131.2,77.5,20,11.2,10.59,37,50.7,2.9,0.382822086,-1.6,0.33863,2.2,-7.2,0.475460123,10,38,4,53.65,7,1.97,0.37,1.165063996,730.8,29.37,1.3238,1.28,13,11.5,7,nonhotspot
48.9,101.7,131.2,59.5,15,17.6,136.11,37,50.3,2.9,0.525766871,2.9,0.61186,3.3,-4.8,0.365030675,4,37,4,66.03,12,0.68,0.3,0.810229086,707.8,29.14,4.1552,1.28,13,18.1,10,nonhotspot
62.9,32.7,85.9,26.1,31,47,134.72,33,26.2,-12.7,0.482882883,-1.6,0.65159,0.3,-0.6,0.117567568,16,9,6,67.08,14,1.77,0.3,0.646385568,957.1,40.03,0.86087,3.6091,10,83.4,3,nonhotspot
65.4,42.4,113.1,6.6,21,7.6,130.93,26,6.5,-2.1,0.256451613,-7.6,0.62876,-4.7,-3.7,0.026612903,21,20,7,44.9,12,3.55,0.09,0.078396279,912.8,46.82,0.36216,0.97998,12,15.3,5,nonhotspot
76.8,40.8,61.3,132.8,31,49.6,147.04,26,105.7,-0.5,0.290990991,-5.1,0.10258,-0.5,-2,0.598198198,13,16,8,60.2,10,1.45,0.28,2.88276574,984,51.79,0.36331,0,6,88,4,nonhotspot
73.6,68.8,117.2,1.7,29,22.6,139.46,60,1.5,-4.7,0.482926829,-8.2,2.2835,-5.6,-1.1,0.008292683,18,33,8,50.06,11,5.96,0.67,0.010317197,1240.4,52.005,0.79064,1.8552,13,37,8,hotspot
123.3,68.5,40.8,6,54,63.4,156.8,16,7.2,-5.1,0.291891892,-0.6,1.1502,-0.9,-2.5,0.027027027,19,25,13,56.12,14,3.28,0.16,0.145264681,1841,79.865,1.3138,0.36331,4,112.5,7,hotspot
113.1,68.5,65.4,6.9,26,59.8,-45.96,21,7.5,-4.7,0.246478873,-0.6,0.97998,-2.1,-4.4,0.048591549,10,25,12,46.2,15,4.36,0.29,0.261543212,1649.7,75.08,1.3138,0.62876,7,68.4,7,nonhotspot
131.2,113.1,48.1,24.5,37,63.7,-176.42,20,28.5,2.2,0.383414634,-2.1,1.28,2.9,-11.4,0.119512195,14,26,13,81.32,18,3.23,0.25,0.276445679,1780.8,80.93,0.97998,0.33863,4,104,12,hotspot
85.9,131.2,53.3,0,33,90.3,73.95,25,0,-0.8,0.293630573,2.9,3.6091,-12.7,-0.1,0,14,37,10,50.52,11,8.39,0.56,0,1615.8,62.82,1.28,1.7462,5,95.9,13,hotspot
68.4,85.9,72.7,22.7,30,19.1,171.67,24,25.1,-5.5,0.396923077,-12.7,0.84156,5.9,-0.5,0.174615385,11,33,6,72.08,13,-1.09,0.24,0.380488563,809.9,39.525,3.6091,0.87129,8,14.9,10,nonhotspot
70.2,68.4,72.7,94.8,25,44.8,177.81,24,87,-5.5,0.40257732,5.9,0.29966,0.5,-1.1,0.488659794,8,30,7,128.47,13,2.48,0.54,1.193958914,979.1,46.325,0.84156,0.87129,8,60.3,6,nonhotspot
68.8,73.6,117.2,33.3,33,21.6,147.17,60,38.7,-4.7,0.145374449,-5.6,0.79064,-8.2,-1.7,0.146696035,12,29,8,121.91,11,6.59,0.84,1.311137677,1343.6,51.63,2.2835,1.8552,13,45.7,8,hotspot
39.5,95.2,75.1,16,20,9.5,145.5,26,19.9,6.7,0.177822581,1.3,1.3405,5.6,-3.9,0.064516129,17,50,3,54.13,11,-0.39,0.21,0.290763557,599.7,22.735,0.82178,0.71411,7,19.1,10,nonhotspot
79.2,32.1,66.4,101.4,21,39.4,142.58,39,73.6,-3.2,0.520487805,-2.4,0.16254,9.6,0.6,0.494634146,10,10,7,73.88,11,-1.23,0.2,0.960527683,1093.3,45.695,0,0.35457,7,64.4,3,nonhotspot
50.2,32.3,59.2,45.6,32,19.8,39.88,21,47.4,-5.3,0.477717391,-3.7,0.70109,-9.3,-0.6,0.247826087,13,15,6,20.73,13,6.94,0.37,0,980.1,40.685,0.35813,0.16643,7,29.2,3,nonhotspot
85.2,36.5,95.5,8.6,39,47.7,76.23,39,8.5,-7,0.168468468,-7.7,1.0664,-11.1,-0.5,0.038738739,21,16,10,20,14,8.56,1.45,0.308874168,1410.6,64.1,2.4582,2.9676,11,84.6,4,nonhotspot
50.2,91.3,84.8,29.1,22,43.2,164.95,27,24.3,6.3,0.06981982,0.1,1.7385,-3.4,0.5,0.131081081,16,44,5,24.31,14,1.84,2.23,1.166683315,699.7,34.095,0.36695,0.24839,8,76.7,9,nonhotspot
91.3,50.2,62.4,30,44,37.3,53.37,29,32.7,1.9,0.278828829,-3.4,0.36695,0.1,1.4,0.135135135,19,22,9,20.02,15,1.13,0.22,1.725311292,1273.4,56.555,1.7385,0.55186,6,66.2,5,nonhotspot
50.2,35,99.6,35.2,19,17.4,121.59,38,37.5,3.6,0.552112676,-1.1,0.93682,-3.4,-0.8,0.247887324,9,13,5,24.75,13,1.84,0.51,0.591092041,699.7,34.095,0.82231,0.73106,10,17.7,3,nonhotspot
88.1,36.5,95.5,39.7,51,28.8,111.68,39,33.8,-7,0.385022026,-7.7,1.1994,-6.8,-0.1,0.174889868,12,16,10,20,14,6.76,0.51,1.375994093,1402.6,63.285,2.4582,2.9676,11,60.9,4,nonhotspot
53.8,88.1,95.5,37.5,20,45.4,-150.76,39,37,-7,0.275384615,-6.8,0.27883,0.6,1.2,0.288461538,4,51,5,20,17,2,0.54,0.786275041,819.9,34.39,1.1994,2.9676,11,35.5,10,nonhotspot
37.9,44.1,92.3,78.6,12,0,-26.05,24,68.6,5.4,0.343661972,0.3,0.68834,2.6,0.1,0.553521127,6,26,3,26.72,14,-0.73,0.36,1.481395258,343.3,23.335,0.44301,0.447,9,0,4,nonhotspot
89.6,44.1,92.3,29.7,42,17.2,154.15,24,30.2,5.4,0.265765766,0.3,0.99178,1.9,0.4,0.133783784,13,26,9,24.53,18,0.87,0.69,1.32584905,1077,57.94,0.44301,0.447,9,30.5,4,nonhotspot
79.4,51.2,73.1,12.8,32,30.2,164.83,34,16.8,1.6,0.17092511,-3.1,1.1856,-2.4,-1,0.056387665,22,21,8,20,15,2.89,0.76,0.479748168,1014.9,53.025,0.49903,0.2781,7,63.7,5,nonhotspot
83.7,82.1,47.8,54.4,34,24.3,108.2,17,67.5,5.7,0.399193548,5.2,1.0489,7.1,-2.1,0.219354839,18,34,8,37.67,16,-1.52,0.23,0.696168338,1244.4,50.77,0.38139,0.91072,4,49,8,nonhotspot
82.1,83.7,71.1,31.2,34,58.7,58.1,24,19.8,2.7,0.225766871,7.1,0.38139,5.2,-1,0.191411043,15,34,8,20,18,-0.29,0.25,0.606057072,1111.2,51.375,1.0489,2.2721,7,60.3,8,hotspot
92.8,82.1,73.1,11.2,42,74.8,38.35,34,7.2,1.6,0.139189189,5.2,0.74765,4.9,-3.8,0.05045045,23,34,9,20,18,0.87,1.05,0.373153869,1307.4,57.3,0.38139,0.2781,7,132.7,8,hotspot
62.4,99.6,91.3,34.9,29,31,110.26,44,14.9,0.1,0.198773006,3.6,0.55186,1.9,2.2,0.214110429,9,38,6,26.78,16,1.22,0.62,0.532020622,884.1,40.13,0.73106,0.36695,9,31.9,10,nonhotspot
99.6,62.4,50.2,27.8,38,65.7,22.91,19,20.6,-3.4,0.285987261,1.9,0.73106,3.6,0.1,0.177070064,11,29,10,20.26,12,-0.03,0.61,0.521115804,1377.5,62.255,0.55186,0.93682,5,69.8,6,nonhotspot
102.2,84.8,82.1,8.4,38,5.2,120.42,34,10.4,5.2,0.202702703,6.3,0.94796,13,0.1,0.037837838,16,27,9,20.7,15,-3.67,0.3,0.438894506,1134.1,56.58,0.24839,0.38139,8,9.3,8,nonhotspot
122.5,102.2,82.1,4.4,42,53.2,152.32,34,5.6,5.2,0.143076923,13,1.0327,-2,-0.6,0.033846154,16,38,13,20,12,3.76,0.71,0.119560434,1652.7,81.1,0.94796,0.38139,8,41.6,9,nonhotspot
92.3,89.1,89.6,50.9,24,32.2,124.81,42,48,1.9,0.638536585,-0.5,0.447,5.4,2.5,0.248292683,15,33,9,29.4,15,-0.5,0.57,0.565398641,1091.1,56.915,0.44634,0.99178,9,52.6,9,nonhotspot
72.4,89.1,79.4,33.3,27,33.3,173.84,32,30.8,-2.4,0.533098592,-0.5,0.79092,1.4,-1,0.234507042,12,33,7,20,17,2.16,0.63,0.787866528,965,46.815,0.44634,1.1856,8,33.9,9,nonhotspot
73.1,72.4,92.8,34.6,34,39.9,78.17,42,29.8,4.9,0.344785276,1.4,0.2781,1.6,0.5,0.212269939,13,27,7,20,16,1.92,1.27,0.781866327,1064.1,46.195,0.79092,0.74765,9,40.9,7,nonhotspot
87,73.1,92.8,3.6,19,11.6,-30.15,42,5,4.9,0.06971831,1.6,1.7547,4.3,-1.1,0.025352113,16,34,8,20,9,0.04,0.56,0.154481495,979.9,52.05,0.2781,0.74765,9,13.3,7,nonhotspot
95.5,87,36.5,0.4,39,84.9,-29.27,16,0.4,-7.7,0.439393939,4.3,2.9676,-7,-0.8,0.002020202,17,19,11,20,15,6.9,0.51,0.009264029,1502.7,69.62,1.7547,2.4582,4,119.7,8,hotspot
71.1,68.3,85.2,5.7,27,15.9,-8.05,39,4.4,-11.1,0.134319527,0.3,1.3186,-8.9,-0.6,0.033727811,22,30,9,24.33,9,8.72,0.43,0.268182193,1190.4,59.245,0.8307,1.0664,10,21.9,7,nonhotspot
68.3,71.1,53.8,66.9,30,28.1,132.89,20,55.8,0.6,0.552016129,-8.9,0.8307,0.3,1.1,0.269758065,16,27,7,20,9,3.55,0.4,0.839057418,946,47.05,1.3186,0.27883,5,56.5,9,nonhotspot
59.2,45.5,50.2,64.9,21,18.6,360,32,58,-9.3,0.470731707,-2.1,0.16643,-5.3,-1,0.395731707,22,21,7,66.29,2,7.53,0.49,3.921651633,1008.3,46.96,0.95538,0.70109,6,26.2,5,nonhotspot
161.2,101.7,74.1,0,40,101.1,39.06,19,0.6,-0.9,0.545365854,-1.2,2.2207,0.2,-8.1,0,23,30,18,16.55,22,7.47,0.37,0,1837.7,113.81,3.0339,3.405,8,165.2,11,hotspot
71.9,62,110.6,25.1,32,10.4,17.53,26,27.3,10.7,0.417391304,7.8,1.4267,7.3,0.9,0.136413043,10,24,6,14.08,15,-2.43,0.46,0,821.8,39.32,0,1.5057,10,15.4,5,nonhotspot
126.9,52.9,70.7,0,52,37.5,114.76,28,1,0.7,0.133333333,7.7,1.8459,3.8,0.9,0,24,17,13,12.83,10,1.7,0.74,0,1747.9,79.78,0.62776,1.5422,7,66.6,4,hotspot
88.2,126.9,52.9,32.3,45,58.9,51.25,31,22.6,-6.7,0.385887097,3.8,0.25254,-6.5,6.6,0.130241935,22,52,10,16.47,11,5.02,0.57,0.335040661,1496.7,62.435,1.8459,3.9481,6,118.4,13,nonhotspot
44.6,41.6,102.2,13.4,37,10.8,-38.2,52,12.8,-10,0.052422907,-7.6,2.0023,-12,-0.7,0.059030837,16,36,6,17.93,14,8.93,4.62,0.490269085,1053.4,40.965,0.65542,0.29832,12,22.9,5,nonhotspot
38.6,41.6,64,83.7,23,33.7,99.54,32,80.9,-3.9,0.457258065,-7.6,0.36442,-2.3,2.4,0.3375,11,36,4,22.58,13,3.16,0.1,0.766408388,643.8,28.67,0.65542,0.21051,7,67.9,5,nonhotspot
92.3,41.6,64,6.8,25,41.8,-39.57,32,7,-3.9,0.273170732,-7.6,0.70158,-2.3,-0.8,0.041463415,13,36,10,17.06,9,4.97,0.18,0.398054941,1513.8,63,0.65542,0.21051,7,59,5,nonhotspot
41.1,81.2,81.5,36.3,11,15.8,-60.84,18,40.3,7,0.41056338,8,0.71684,1.3,0.2,0.255633803,2,21,3,14.62,16,-0.43,0.45,0.892429106,480.4,22.24,0.65539,0.54411,7,16,7,nonhotspot
81.2,41.1,81.5,28.9,21,41.7,-52.68,18,25.3,7,0.466242038,1.3,0.65539,8,-0.2,0.184076433,11,11,7,14.43,14,-2.44,0.38,0.430789129,1028.2,44.775,0.71684,0.54411,7,44.2,3,nonhotspot
120.2,101.3,110.6,0,31,31.6,-31.91,26,0,10.7,0.549756098,-1.7,2.3596,2.5,1.4,0,20,33,12,13.15,14,1.48,0.5,0,1619.7,73.85,1.0971,1.5057,10,51.5,11,hotspot
101.3,120.2,104.4,17.6,33,44.2,-46.16,50,17.8,-7.4,0.480487805,2.5,1.0971,-1.7,-2.5,0.085853659,16,31,11,13.4,15,5.93,0.25,0.202314408,1612,69.08,2.3596,3.5654,12,72.2,12,hotspot
105.6,76.5,52.9,0,37,29.7,15.58,31,0.3,-6.7,0.423076923,1.4,1.541,-3.6,0.1,0,13,23,12,15.94,15,5.31,0.22,0.008522322,1723.1,75.145,2.1611,3.9481,6,23.2,8,nonhotspot
100.1,105.6,102.2,0.2,35,82.5,57.55,52,0.7,-10,0.376687117,-3.6,1.4874,-4,1.6,0.001226994,12,37,11,16.66,13,4.37,0.98,0.006084842,1336.5,69.41,1.541,0.29832,12,84.7,12,nonhotspot
64,52.4,38.6,8.5,32,51.4,-24.92,23,6.2,-2.3,0.31,1.8,0.21051,-3.9,0.3,0.065384615,6,19,7,19.42,12,4.31,0.63,0.146375618,1085.3,46.025,0.20844,0.36442,4,40.1,5,nonhotspot
70.2,64,101.3,20,24,31.1,139.37,33,23.3,-1.7,0.241717791,-3.9,0.34192,0.4,-3.5,0.122699387,16,32,7,18.29,11,2.77,1.08,0.350685572,1008.2,45.955,0.21051,1.0971,11,32,7,hotspot
104.4,70.2,101.3,0,50,42.2,122.54,33,0,-1.7,0.23018018,0.4,3.5654,-7.4,-0.3,0,21,24,12,16.97,13,8.23,0.77,0,1708.1,75.66,0.34192,1.0971,11,74.9,7,hotspot
52.9,69.2,88.2,0,31,20.6,176.06,45,0,-6.5,0.126576577,0.5,3.9481,-6.7,4.1,0,20,36,6,15.5,14,4.04,0.57,0,1006.2,39.855,0.85783,0.25254,10,36.5,7,hotspot
102.2,68.4,100.1,38.7,52,50.6,137.54,35,39.8,-4,0.327027027,-2.7,0.29832,-10,1.2,0.174324324,15,23,12,17.33,14,9,0.35,1.681222588,1587.9,75.535,1.5504,1.4874,11,89.7,7,hotspot
69.2,52.9,49,58.7,36,39.3,146.31,17,56.6,3,0.496396396,-6.7,0.85783,0.5,-1.3,0.264414414,18,31,7,17.08,10,1.28,0.38,2.948135985,928,46.24,3.9481,0,4,69.7,6,nonhotspot
110.6,86.3,120.2,12.2,26,47,-15.24,31,8.4,2.5,0.184076433,12.3,1.5057,10.7,-0.8,0.077707006,15,19,10,15.84,14,-3.36,0.41,0.13003101,1270.3,62.235,0,2.3596,12,50,7,hotspot
85.7,110.6,115.5,0,21,28.1,72.32,24,0,15.2,0.271974522,10.7,4.1551,4.7,1.6,0,16,26,8,15.74,15,-0.91,0.29,0,998,51.14,1.5057,0.67281,10,29.8,10,hotspot
100.8,39.6,81.2,6.6,38,37.9,-72.15,21,8.6,8,0.216216216,2.9,1.4048,10.9,1.9,0.02972973,16,14,9,13.79,20,-3.11,0.4,0.290260293,1268.5,55.88,1.8564,0.65539,7,67.4,3,hotspot
81.5,39.6,81.2,41.3,18,50.4,102.1,21,42.2,8,0.46010101,2.9,0.54411,7,0.4,0.208585859,12,14,7,14.78,11,-2.05,0.46,0.764598245,1014.1,44.595,1.8564,0.65539,7,70.9,3,nonhotspot
55.9,70.7,88.2,2.4,28,43.4,120.7,45,1.7,-6.5,0.373873874,0.7,1.5703,-4.1,-0.7,0.010810811,17,28,6,13.9,14,3.04,0.27,0.095530629,930.1,39.85,1.5422,0.25254,10,76.9,7,hotspot
42.5,81.2,82.1,44.1,9,5.5,92.7,21,22.5,4.3,0.226923077,-1.6,0,-1.6,0,0.339230769,10,33,4,45.83,11,2.66,0.45,1.127814511,544.5,29.66,2.6847,0.39256,8,4.2,9,nonhotspot
65.7,97.6,90.2,40.3,12,19.6,148.34,37,47.2,8.1,0.295959596,-1.3,0.16232,5.9,-1,0.203535354,14,27,5,39.56,16,-1.72,0.65,0.616633641,694.5,34.66,0.36218,0.60156,8,27.7,10,nonhotspot
88.2,79.3,104.7,26.1,28,26.3,127.58,29,30.4,12.4,0.277717391,11.9,1.2184,14.2,0.3,0.141847826,15,26,7,29.75,13,-4.16,0.86,0,965.1,45.885,0.43761,0.29097,9,38.6,7,nonhotspot
93.7,79.3,107.6,0.2,26,15.3,165.34,29,0.8,15.8,0.483902439,11.9,3.1529,11.4,-2.7,0.00097561,13,26,9,24.06,13,-1.97,0.52,0.00663305,1064.2,51.745,0.43761,0.15371,9,25,7,nonhotspot
36.3,107.1,56.9,97.9,12,2.9,6.12,12,84.3,2.4,0.51656051,17.4,0.16636,0.4,-0.5,0.623566879,2,30,3,27,13,0.98,0.72,1.46031942,412.4,23.185,0.73403,0,5,3,10,nonhotspot
107.1,36.3,113.8,77,30,12.3,16.54,36,77.4,15.9,0.285858586,0.4,0.73403,17.4,-0.4,0.388888889,10,12,10,23.19,14,-4,0.65,0.877042477,1155.3,57.175,0.16636,0.98489,10,17.3,3,nonhotspot
126.5,75.9,113.8,27.8,33,51.4,118.77,36,24.7,15.9,0.292682927,6.4,0.7598,11,2,0.135609756,16,23,12,17.71,15,-1.36,0.52,0.320432311,1403.5,75.385,0.63112,0.98489,10,83.9,7,nonhotspot
118.9,97.6,89.8,18.6,31,67.6,79.82,27,21.4,-5.9,0.436363636,-1.3,1.2849,1.1,1.9,0.093939394,16,27,12,13.54,12,2.4,0.65,0.220021126,1278.2,76.18,0.36218,0.672,10,95.3,10,nonhotspot
109.2,97.6,55.6,9,40,86.5,-4.89,19,6,3.7,0.242307692,-1.3,0.42766,-3.4,-0.7,0.069230769,11,27,12,7.72,15,5.66,0.45,0.131858911,1605.7,74.92,0.36218,0.54641,5,67.5,10,nonhotspot
73.1,131.2,71.7,3.2,24,5.6,153.81,22,5.1,4.9,0.173170732,-4.4,2.1607,-0.9,-1.5,0.019512195,13,51,8,15.13,16,5.03,0.46,0.225331717,1117.4,52.385,2.2082,0.79368,7,7.8,15,nonhotspot
67.5,73.1,104.5,33.8,23,23.2,133.71,25,30.7,-0.4,0.269014085,-0.9,0.55697,-0.8,-1.2,0.238028169,16,24,7,16.99,15,2.55,0.47,0.511062628,754.8,47.125,2.1607,1.7564,11,23.7,8,nonhotspot
58.1,93.1,77.8,40.7,12,21.9,-53.79,27,37.8,8.6,0.496178344,6.4,0.33771,5.3,0.5,0.259235669,9,29,5,27.41,12,-0.91,0.72,0.558899754,540.5,35.165,0.75957,0,7,23.3,9,nonhotspot
101.4,67,71.7,56.4,39,23.5,-26.05,22,63.9,4.9,0.288306452,-0.9,0.24456,0.2,-9.8,0.227419355,18,25,11,16.63,15,5.69,0.75,0.810282269,1434.7,69.495,0.20486,0.79368,7,47.2,7,nonhotspot
67,101.4,51.6,40.1,25,50.8,-36.32,31,32.9,-4.5,0.284615385,0.2,0.20486,-0.9,-1,0.308461538,5,39,7,15.22,12,3.87,0.45,0.856434314,1000.2,46.3,0.24456,0.52675,6,39.7,11,nonhotspot
96.5,81.2,60.1,55.8,28,35.3,-3.28,19,41.2,-0.2,0.359509202,-1.6,0.33754,2.7,1.1,0.342331288,10,33,10,23.27,12,3.08,0.93,1.123728394,1298.5,63.885,2.6847,0.41404,6,36.3,9,nonhotspot
70,96.5,51.6,92.6,22,23.6,0.44,31,93.2,-4.5,0.467676768,2.7,0.29944,-4.9,0.1,0.467676768,8,28,8,34.04,12,7.14,0.65,1.121187995,1044.2,53.5,0.33754,0.52675,6,33.3,10,nonhotspot
79.3,88.2,107.6,12,26,1.4,88.47,29,13.9,15.8,0.325257732,14.2,0.43761,11.9,2.7,0.06185567,11,28,7,37.16,13,-3.7,0.73,0.123643638,893.9,39.815,1.2184,0.15371,9,1.8,7,nonhotspot
120.1,97.7,86.9,9.5,46,112.1,16.62,19,5.8,0.8,0.280981595,-4.3,0.58917,0.3,-12.3,0.058282209,24,27,13,29.07,11,2.66,0.74,0.152286278,1489.7,81.59,0.30956,1.0757,9,115.1,11,nonhotspot
71.6,75.3,98.8,2.4,23,16.2,21.24,43,0.1,-4.4,0.387317073,-3.3,1.1786,1.6,-6,0.011707317,18,39,7,25.13,14,0.92,0.27,0.028780236,1004.1,46.47,0.92894,0.991,11,26.4,8,hotspot
132,73.9,98.8,14.8,58,82.5,145.53,43,16.1,-4.4,0.176649746,3.8,0.36943,8.4,-0.8,0.075126904,22,22,13,31.44,13,0.48,0.35,1.067877913,1570.5,81.545,0.89083,0.991,11,135.4,7,hotspot
83.1,132,98.8,22.7,33,13.4,155.63,43,20.2,-4.4,0.18963964,8.4,0.94744,13.2,0,0.102252252,22,58,7,20.02,9,-1.94,0.1,1.031270231,1097.2,45.775,0.36943,0.991,11,23.8,13,nonhotspot
98.8,116.3,71.6,11.5,43,70.4,139.23,23,8,1.6,0.475773196,3.9,0.991,-4.4,-4.5,0.059278351,19,28,11,22.67,14,7.28,0.11,0.134178881,1599.7,70.02,1.497,1.1786,7,94.9,12,nonhotspot
143,98.8,73.9,7,55,82.3,64.15,22,7.3,3.8,0.25990991,-4.4,1.4726,2.4,-3,0.031531532,22,43,15,23.21,16,2.94,0.3,0.241529778,1872,93.065,0.991,0.89083,7,146,11,nonhotspot
86.9,95.6,120.1,4.3,19,26.5,37.84,46,2.5,0.3,0.055384615,-3.4,1.0757,0.8,-1,0.033076923,12,36,9,28,20,2.19,1.9,0.152648577,1189.4,57.11,1.14,0.58917,13,20.7,11,nonhotspot
57.8,68.1,120.1,3.3,13,0,122.48,46,3.5,0.3,0.093170732,8.1,1.0647,5.4,-6.2,0.016097561,22,25,5,17.45,18,-0.66,1.42,0.030861226,603.7,34.67,1.9713,0.58917,13,0,6,nonhotspot
68.1,57.8,120.1,0.9,25,5.1,171.49,46,0,0.3,0.143846154,5.4,1.9713,8.1,-0.1,0.006923077,12,13,6,20.48,17,-1.63,0.86,0.060480284,729.8,40.44,1.0647,0.58917,13,4,5,nonhotspot
78.4,59,120.1,7.8,18,6.6,147.66,46,8,0.3,0.182258065,6.1,2.9437,3,-6,0.031451613,19,17,8,23.06,20,1.66,0.2,0.06883783,870.9,53.305,2.3948,0.58917,13,13.4,5,nonhotspot
108.1,65.1,69.2,5.9,42,59.5,140.88,21,7.3,6.7,0.567484663,1.9,0.77173,0.8,-5,0.036196319,12,20,11,8.47,11,1.91,0.34,0.101860577,1376.5,68.79,0,0.83973,6,61.1,6,hotspot
55.1,41.1,67.8,78.3,50,33.6,-20.03,35,72,-2.2,0.233333333,-0.4,0.5517,-3.4,0.1,0.352702703,7,40,8,8.45,15,3.03,0.22,1.921262195,960.2,39.69,0.4583,0.48507,7,59.7,6,nonhotspot
50.6,75.9,102.7,108.5,9,2.1,110.11,28,100,18.2,0.576097561,16.2,0.14694,10.2,0.6,0.529268293,2,16,4,64.01,16,-1.83,0.18,0.858803866,654.9,28.45,1.6573,0.24363,9,3.3,6,nonhotspot
47.2,41.9,83.3,34.4,15,65.1,122.87,30,33,1,0.414788732,0.3,0.9431,3,-2.9,0.242253521,8,9,4,24.41,17,0.25,0.21,1.349111078,584.7,28.325,1.309,1.1324,9,66.3,4,nonhotspot
41.9,47.2,83.3,0.4,9,109.5,33.04,30,1.1,1,0.567515924,3,1.309,0.3,-3.7,0.002547771,13,15,4,35.36,15,2.26,0.34,1.50931119,603.8,28.43,0.9431,1.1324,9,116.3,4,nonhotspot
96.7,47.2,57.3,15.2,28,63.1,112.05,17,12.5,-1.8,0.616585366,3,0.75084,8,-1,0.074146341,15,15,10,22.53,19,2.58,0.3,0.173015336,1232.5,64.36,0.9431,1.8736,7,102.9,4,hotspot
75.9,50.6,102.7,5.2,16,20.1,133.49,28,4.6,18.2,0.236094675,10.2,1.6573,16.2,-0.1,0.030769231,9,9,6,33.41,14,-3.24,0.18,0.19095697,899.1,40.18,0.14694,0.24363,9,27.7,4,nonhotspot
51.6,50.6,102.7,58.3,11,11,158.15,28,49.2,18.2,0.462371134,10.2,0.56642,10.2,-5.2,0.300515464,4,9,4,40.58,17,-1.48,0.67,0.624389601,655.8,28.625,0.14694,0.24363,9,14.7,4,nonhotspot
65.9,69,113.9,2.8,25,31.9,147.25,54,9.4,-1.5,0.41010101,-5.7,3.1215,-2.3,0.5,0.014141414,15,25,7,24.66,15,3.83,0.36,0.09908949,1081.3,45.405,3.0878,0.25895,13,44.9,8,nonhotspot
49.7,62.7,107.9,101.2,22,17.5,-29.9,44,93.7,0.5,0.772682927,4.4,0,1.6,-6.2,0.493658537,7,30,5,70.22,10,1.71,0.16,1.11100347,733,34.1,0.38504,0.48546,12,28.6,6,nonhotspot
66.8,49.7,55.1,79.1,26,23.1,12.72,17,63.2,5.3,0.568461538,1.6,0,6.4,0.5,0.608461538,2,22,6,39.98,10,-0.76,0.15,2.110541828,791.9,40.075,0,0.25784,5,18.1,5,nonhotspot
83.3,64.9,107.9,93.1,30,49.8,155.64,44,67.5,0.5,0.449079755,2.8,0.18187,-1,-1.5,0.571165644,8,27,9,26.61,11,4.5,0.91,1.494400076,1224.4,57.78,0.88949,0.48546,12,51.2,6,nonhotspot
142.6,83.3,113.9,31.2,64,22.4,137.67,54,23.2,-1.5,0.160792952,-1,1.0084,13.6,-0.6,0.137444934,22,30,14,22.03,10,-0.45,1.96,0.962613806,1833.1,86.45,0.18187,0.25895,13,47.4,9,nonhotspot
108.2,142.6,55.7,41.1,34,24,133.42,16,52,3.4,0.395121951,13.6,0.5474,17.1,-0.5,0.200487805,9,64,9,48.81,16,-3.63,0.44,0.425566333,1273.4,57.06,1.0084,0.39928,5,39.1,14,nonhotspot
96.5,108.2,70.4,14.1,33,26.5,144.87,21,4.2,-5.5,0.256153846,17.1,0.44929,1.2,0,0.108461538,11,34,10,28.36,12,3.83,0.19,0.294249299,1395.6,62.84,0.5474,0,8,20.7,9,nonhotspot
113,96.5,91.1,10.6,36,14,162.47,26,14.9,11.7,0.246341463,1.2,0.90066,17.4,-3.7,0.051707317,10,33,10,37.15,15,-2.24,0.23,0.129706456,1311.5,63.65,0.44929,0.59722,8,22.8,10,nonhotspot
79.2,66.4,82.5,25,53,62.5,121.49,25,6.6,5.7,0.084263959,5.3,0.71469,-4,-1.9,0.126903553,15,22,9,25.71,10,5.72,0.88,0.539350707,1184.4,57.81,0.20547,0.32003,8,102.6,6,nonhotspot
103.4,75.9,68.4,7.8,26,42.1,117.34,24,5.2,15,0.426993865,16.2,0.49125,18.2,1,0.047852761,18,16,9,26.44,13,-2.47,1.04,0.144228353,1174.3,58.5,1.6573,1.2535,5,43.2,6,hotspot
78.4,59.2,117.3,25.5,17,70.5,-27.5,19,22,20.7,0.461349693,15,0,15.5,-1.5,0.156441718,12,18,6,54.51,14,-3.01,0.99,0.800442307,892,40.435,0.59064,0,10,72.4,4,nonhotspot
51.9,73.8,79.6,0.4,32,38.9,145.51,36,0.9,-1.8,0.160406091,-9,2.1253,-5.8,-4.3,0.002030457,10,20,6,42.41,18,4.8,0.31,0.617805645,974.2,39.57,1.3936,0.89698,9,63.7,9,nonhotspot
84.5,41.9,78.3,2.3,39,79.9,172.41,25,1.9,-0.4,0.190540541,-0.9,1.4953,5.8,-6.4,0.01036036,19,13,8,23.22,10,1.74,0.73,1.772995379,1120.2,52.335,0.44733,0.67071,8,141.7,4,nonhotspot
107.6,50.9,76,11.9,23,55,123.05,23,13.6,-5.6,0.358080808,3,0.60451,7.1,-0.2,0.06010101,18,14,10,36.81,15,0.28,0.65,0.234565783,1172.1,64.26,0.67274,0.24213,9,77.5,4,nonhotspot
44.5,72.2,88.9,69.9,12,10.8,137.33,25,64.4,10.5,0.399484536,9.1,0.29917,8.6,-3.7,0.360309278,7,16,3,68.16,11,-2.01,0.57,0.686112209,487.5,22.775,0.71979,0.5452,8,14.5,6,nonhotspot
62.3,93.6,82.7,104,34,29.8,152.45,57,102.6,-2.7,0.278225806,11.6,0.11265,3.9,3.6,0.419354839,10,23,6,52.94,14,1.16,0.67,0.943256295,896.1,39.605,0.56112,0.81716,10,59.9,8,nonhotspot
34.4,62.3,82.7,0,15,22.8,177.06,57,0,-2.7,0.238732394,3.9,3.3627,-4.2,-1.5,0,16,34,4,32.01,12,4.53,0.51,0.380792985,664.9,28.545,0.11265,0.81716,10,23.2,6,nonhotspot
50.6,34.4,83.3,8.1,20,91.7,-6.53,30,7.5,1,0.080487805,-4.2,1.7253,-8,-5.9,0.049390244,13,15,7,28.83,13,9.41,0.48,1.757568241,984.3,47.205,3.3627,1.1324,9,129.4,4,nonhotspot
67.1,50.6,79.5,64.7,29,48.6,143.06,23,44.3,-4.1,0.363306452,-8,0.1324,-1.6,-3,0.260887097,13,20,8,54.26,11,6.64,0.73,0.854060898,1119.5,52.63,1.7253,0,10,97.9,7,nonhotspot
62,34.4,79.5,45,32,14.3,139.5,23,31.1,-4.1,0.127411168,-4.2,0.49793,-0.2,-1.5,0.228426396,14,15,7,43.73,10,4.46,0.75,1.21699956,1038.3,45.69,3.3627,0,10,23.3,4,nonhotspot
51.2,80.9,61.9,54.8,17,23.6,163.98,15,47.2,-0.3,0.598591549,-4,0.51256,-0.8,-0.6,0.385915493,10,24,5,47.42,10,2.77,1.14,0.988003533,627.7,35.33,0.33673,0.52479,6,24,9,nonhotspot
96.2,68.6,95.2,3.7,30,48.1,139,27,0,-3.4,0.444366197,0.1,1.6732,-7.6,-3.3,0.026056338,15,26,12,40.2,12,10.96,0.25,0.190486953,1524.9,76.63,0.60606,0.34353,11,55,7,nonhotspot
53.4,96.2,45.1,56.5,24,19.2,144.38,12,48.3,-0.8,0.516494845,-7.6,1.0872,0.7,-5.5,0.291237113,8,30,6,80.25,14,5.09,0.7,0.569395704,772.9,42.36,1.6732,0.14758,5,25.8,12,nonhotspot
95.2,62.3,73.1,18.5,27,73.2,-41.68,47,21.3,-6.2,0.33902439,-5.6,0.34353,-3.4,-0.9,0.112804878,13,32,11,48.32,13,6.83,0.2,0.480904092,1482.9,69.545,1.2416,1.4241,9,103.3,8,nonhotspot
88.9,62.5,93.6,42.8,25,40.9,119.87,23,47.3,11.6,0.502926829,7.6,0.5452,10.5,-2.4,0.208780488,10,20,8,69.63,14,-0.42,0.22,0.427364793,1147.3,51.57,0.33817,0.56112,8,66.9,5,nonhotspot
85.3,62.5,107.6,8.6,32,52,-178.29,23,10.9,7.1,0.493434343,7.6,0.84755,5.4,-0.5,0.043434343,15,20,8,35.53,11,0.92,0.32,0.143682675,1013.1,52.375,0.33817,0.60451,10,73.3,5,nonhotspot
83.3,57.3,47.2,8.4,30,52.6,138.86,15,7.5,3,0.189940828,-1.8,1.1324,1,-1.1,0.049704142,16,17,9,51.13,16,4.25,0.19,0.120901342,1163.5,57.735,1.8736,0.9431,4,72.5,7,nonhotspot
82.7,57.3,62.3,6.7,57,65.5,117.66,34,4.6,3.9,0.189340102,-1.8,0.81716,-2.7,-2.3,0.034010152,18,17,10,34.84,15,7.78,0.19,0.179504373,1313.7,63.945,1.8736,0.11265,6,107.5,7,nonhotspot
34.1,79.5,67.1,92.8,26,0,154.91,29,94.7,-1.6,0.268902439,-4.1,0.49462,-2.3,0.8,0.565853659,5,23,4,45.13,14,4.74,0.38,1.81810731,616.8,29.8,0,0.1324,8,0,10,nonhotspot
91.1,70.7,113,17.1,26,44.7,176.01,36,18.4,17.4,0.372680412,6.7,0.59722,11.7,-0.9,0.08814433,18,22,8,41.06,12,-1.05,0.51,0.122552331,1051.1,52.675,0.7073,0.90066,10,60.3,7,nonhotspot
102.7,68.4,51.6,69,28,54.9,-35.08,11,72.5,10.2,0.327822581,15,0.24363,18.2,-12.5,0.278225806,12,24,9,40.47,16,-2.34,0.5,0.770049377,1188.3,58.34,1.2535,0.56642,4,110.4,5,nonhotspot
61.6,82.5,79.2,48.3,21,25.5,26.13,53,56.2,-4,0.425757576,5.7,0.42093,2.9,-0.3,0.243939394,8,25,6,72.2,11,2.68,0.13,0.561206846,863,40.58,0.32003,0.71469,9,36,8,nonhotspot
70.4,82.5,79.2,19.2,21,78.4,-13.95,53,19.3,-4,0.271126761,5.7,0,-5.5,-2.1,0.135211268,12,25,8,37.75,13,5.71,0.05,1.581704224,1117.3,51.73,0.32003,0.71469,9,89.7,8,nonhotspot
82.5,70.4,79.2,37.4,25,27.6,96.39,53,32.6,-4,0.166878981,-5.5,0.32003,5.7,-0.2,0.238216561,10,21,8,37.43,16,1.33,0.21,0.450078535,1074.3,51.595,0,0.71469,9,29.3,8,nonhotspot
55.7,82.5,108.2,95.4,16,39.4,41.91,34,86,17.1,0.563402062,5.7,0.39928,3.4,-5.2,0.491752577,7,25,5,61.24,15,1.2,0.09,1.379694485,743.8,34.475,0.32003,0.5474,9,53.1,8,nonhotspot
